INSERT INTO LOCATIONS (location_id, address, city, country, continent, longtitude, latitude, image) VALUES ('1', '433 Jill Springs
New Roberttown, CO 29158', 'New Carolyn', 'Monaco', 'Australia', '-73.249851', '84.4520245', 'https://dummyimage.com/859x451');
INSERT INTO LOCATIONS (location_id, address, city, country, continent, longtitude, latitude, image) VALUES ('2', '65423 Garcia Light
West Melanieview, AS 06196', 'Herrerafurt', 'Belgium', 'Asia', '116.374558', '-11.300556', 'https://placekitten.com/740/393');
INSERT INTO LOCATIONS (location_id, address, city, country, continent, longtitude, latitude, image) VALUES ('3', '1316 Chavez Village
Franciscostad, IL 88342', 'Jacquelineland', 'New Caledonia', 'Asia', '160.901372', '-44.060320', 'https://dummyimage.com/501x334');
INSERT INTO LOCATIONS (location_id, address, city, country, continent, longtitude, latitude, image) VALUES ('4', '503 Linda Locks
Carlshire, FM 94599', 'Jasonfort', 'Indonesia', 'Australia', '165.128470', '33.1721065', 'https://picsum.photos/292/542');
INSERT INTO LOCATIONS (location_id, address, city, country, continent, longtitude, latitude, image) VALUES ('5', '969 Cox Dam Suite 101
Lake Ernest, TX 55834', 'South Patrickmouth', 'Marshall Islands', 'North America', '-45.023075', '58.5054455', 'https://placekitten.com/23/234');
INSERT INTO LOCATIONS (location_id, address, city, country, continent, longtitude, latitude, image) VALUES ('6', '514 Moore Alley Suite 828
Port Colleenhaven, PA 26572', 'West Kathryn', 'Mauritius', 'Europe', '104.731459', '-89.846483', 'https://picsum.photos/663/1000');
INSERT INTO LOCATIONS (location_id, address, city, country, continent, longtitude, latitude, image) VALUES ('7', '3039 Christopher Oval Apt. 822
Arroyoburgh, KS 69664', 'Brandtside', 'Saudi Arabia', 'Europe', '-72.007845', '-6.3242945', 'https://dummyimage.com/817x764');
INSERT INTO LOCATIONS (location_id, address, city, country, continent, longtitude, latitude, image) VALUES ('8', 'PSC 7133, Box 1509
APO AP 30662', 'North Chad', 'Norfolk Island', 'Europe', '-148.392388', '-28.543907', 'https://dummyimage.com/138x64');
INSERT INTO LOCATIONS (location_id, address, city, country, continent, longtitude, latitude, image) VALUES ('9', '7382 Sanchez Mountains
Leeville, TN 56999', 'Rodneymouth', 'Tonga', 'Australia', '-150.917068', '85.4106205', 'https://dummyimage.com/201x124');
INSERT INTO LOCATIONS (location_id, address, city, country, continent, longtitude, latitude, image) VALUES ('10', '33872 White Mountain
Port Sandra, NV 72633', 'North Deniseside', 'Taiwan', 'Asia', '-172.076939', '-64.964965', 'https://dummyimage.com/484x340');
INSERT INTO LOCATIONS (location_id, address, city, country, continent, longtitude, latitude, image) VALUES ('11', '0260 Baker Tunnel
Mitchellside, TN 94664', 'Mooreport', 'Cuba', 'Australia', '-148.602022', '65.472524', 'https://picsum.photos/124/642');
INSERT INTO LOCATIONS (location_id, address, city, country, continent, longtitude, latitude, image) VALUES ('12', '820 Melissa Cliff Apt. 361
New Brooke, RI 11246', 'Sandovalshire', 'Mali', 'Australia', '-10.150233', '-20.001242', 'https://picsum.photos/418/643');
INSERT INTO LOCATIONS (location_id, address, city, country, continent, longtitude, latitude, image) VALUES ('13', '475 Albert Road
North Amandahaven, KS 17862', 'Nicolebury', 'Heard Island and McDonald Islands', 'Africa', '-26.998558', '-47.6551565', 'https://placekitten.com/897/619');
INSERT INTO LOCATIONS (location_id, address, city, country, continent, longtitude, latitude, image) VALUES ('14', 'Unit 8084 Box 1241
DPO AE 97811', 'West Juan', 'Cote d Ivoire', 'Asia', '4.082453', '-35.3472635', 'https://dummyimage.com/540x1000');
INSERT INTO LOCATIONS (location_id, address, city, country, continent, longtitude, latitude, image) VALUES ('15', 'PSC 0164, Box 0052
APO AP 34836', 'Lake Scott', 'Romania', 'Africa', '49.612665', '60.567291', 'https://picsum.photos/19/229');
INSERT INTO LOCATIONS (location_id, address, city, country, continent, longtitude, latitude, image) VALUES ('16', 'USNS Gardner
FPO AA 76851', 'South David', 'Gambia', 'South America', '15.770789', '-79.290802', 'https://placekitten.com/732/430');
INSERT INTO LOCATIONS (location_id, address, city, country, continent, longtitude, latitude, image) VALUES ('17', '8692 Michelle Union
South Angel, WA 44041', 'Phambury', 'Ethiopia', 'Asia', '-94.531310', '-60.983302', 'https://dummyimage.com/783x79');
INSERT INTO LOCATIONS (location_id, address, city, country, continent, longtitude, latitude, image) VALUES ('18', '4330 Raymond Harbors Apt. 458
Frazierside, MA 04118', 'West Gregoryview', 'Argentina', 'Asia', '-121.801825', '70.1408765', 'https://placekitten.com/889/707');
INSERT INTO LOCATIONS (location_id, address, city, country, continent, longtitude, latitude, image) VALUES ('19', '816 Jonathan Station Suite 088
West Ryan, TN 43780', 'Elizabethville', 'Saint Helena', 'Asia', '-18.765710', '46.1296615', 'https://dummyimage.com/633x836');
INSERT INTO LOCATIONS (location_id, address, city, country, continent, longtitude, latitude, image) VALUES ('20', '236 Byrd Extensions Suite 680
Justinchester, WY 76520', 'Stevenmouth', 'Peru', 'Europe', '-65.269933', '47.2172245', 'https://placekitten.com/969/347');
INSERT INTO LOCATIONS (location_id, address, city, country, continent, longtitude, latitude, image) VALUES ('21', '34332 Brandon Mountains Apt. 769
Lake Heather, NM 52884', 'East Diana', 'Albania', 'Europe', '-122.776382', '24.124313', 'https://placekitten.com/448/360');
INSERT INTO LOCATIONS (location_id, address, city, country, continent, longtitude, latitude, image) VALUES ('22', '317 Laurie Shores
Stephaniemouth, RI 94777', 'Rivasside', 'Kiribati', 'Africa', '-94.552751', '37.4194485', 'https://picsum.photos/921/530');
INSERT INTO LOCATIONS (location_id, address, city, country, continent, longtitude, latitude, image) VALUES ('23', '734 Jones Heights Apt. 455
East Edwardfurt, UT 20529', 'North Robert', 'Greenland', 'Africa', '111.312139', '35.0706035', 'https://picsum.photos/851/127');
INSERT INTO LOCATIONS (location_id, address, city, country, continent, longtitude, latitude, image) VALUES ('24', '096 Smith Knoll Suite 668
South Jeffrey, NE 64155', 'South Matthewfurt', 'Saint Kitts and Nevis', 'Asia', '-91.392286', '35.4640875', 'https://dummyimage.com/261x55');
INSERT INTO LOCATIONS (location_id, address, city, country, continent, longtitude, latitude, image) VALUES ('25', '62720 Gray Forest
Murphyfurt, KY 99068', 'Kingland', 'Latvia', 'Africa', '-169.593680', '54.7991995', 'https://picsum.photos/106/716');
INSERT INTO LOCATIONS (location_id, address, city, country, continent, longtitude, latitude, image) VALUES ('26', '33092 David Skyway
New Staciemouth, UT 34087', 'Garyville', 'Slovakia (Slovak Republic)', 'Europe', '-92.078903', '-6.506126', 'https://dummyimage.com/221x52');
INSERT INTO LOCATIONS (location_id, address, city, country, continent, longtitude, latitude, image) VALUES ('27', '3193 Heidi Hollow Apt. 905
Stanleyland, NY 85375', 'Alexanderchester', 'Swaziland', 'Australia', '83.175037', '-61.669626', 'https://placekitten.com/887/741');
INSERT INTO LOCATIONS (location_id, address, city, country, continent, longtitude, latitude, image) VALUES ('28', '262 Gilbert Plain Suite 769
Marcusbury, MP 11860', 'Nicolebury', 'Sao Tome and Principe', 'Australia', '69.488458', '62.967849', 'https://picsum.photos/776/688');
INSERT INTO LOCATIONS (location_id, address, city, country, continent, longtitude, latitude, image) VALUES ('29', '73545 Beard Squares Suite 808
North John, MT 64539', 'Lake Thomas', 'Rwanda', 'Australia', '83.507696', '30.3059385', 'https://dummyimage.com/35x190');
INSERT INTO LOCATIONS (location_id, address, city, country, continent, longtitude, latitude, image) VALUES ('30', '9578 Coleman Summit
Michaelmouth, KY 40690', 'Jerryborough', 'Germany', 'Africa', '-115.814537', '53.844886', 'https://picsum.photos/379/392');
INSERT INTO LOCATIONS (location_id, address, city, country, continent, longtitude, latitude, image) VALUES ('31', '989 Hooper Village Apt. 435
West Alexis, ND 17092', 'Brandonton', 'Micronesia', 'South America', '-23.160335', '-56.102108', 'https://picsum.photos/1005/210');
INSERT INTO LOCATIONS (location_id, address, city, country, continent, longtitude, latitude, image) VALUES ('32', '7520 Everett Neck Apt. 167
New Crystalton, FL 20056', 'Christopherbury', 'British Indian Ocean Territory', 'Europe', '119.613177', '21.7158625', 'https://dummyimage.com/462x779');
INSERT INTO LOCATIONS (location_id, address, city, country, continent, longtitude, latitude, image) VALUES ('33', 'PSC 4964, Box 9909
APO AP 13507', 'Lake Jason', 'Panama', 'South America', '-136.412810', '-47.840308', 'https://placekitten.com/491/355');
INSERT INTO LOCATIONS (location_id, address, city, country, continent, longtitude, latitude, image) VALUES ('34', '7974 Jesse Squares
Jacquelinemouth, CA 90597', 'West Kristin', 'Niue', 'Africa', '136.640873', '87.484970', 'https://picsum.photos/405/870');
INSERT INTO LOCATIONS (location_id, address, city, country, continent, longtitude, latitude, image) VALUES ('35', '2102 Larson Views
Scottmouth, UT 40358', 'Benderhaven', 'Mauritius', 'North America', '85.104289', '27.5100015', 'https://dummyimage.com/164x81');
INSERT INTO LOCATIONS (location_id, address, city, country, continent, longtitude, latitude, image) VALUES ('36', '13990 Johnston Track Apt. 787
Howardshire, NE 83703', 'Costafort', 'Guernsey', 'Antarctica', '39.230215', '-0.5282085', 'https://picsum.photos/657/214');
INSERT INTO LOCATIONS (location_id, address, city, country, continent, longtitude, latitude, image) VALUES ('37', '6807 Leonard Islands Apt. 680
Gutierrezborough, NC 47920', 'Garrettton', 'Costa Rica', 'Antarctica', '-36.625273', '57.430025', 'https://dummyimage.com/268x589');
INSERT INTO LOCATIONS (location_id, address, city, country, continent, longtitude, latitude, image) VALUES ('38', '09324 Andrea Course Apt. 171
South Sarah, LA 67199', 'Robertfort', 'Latvia', 'Asia', '-49.147968', '32.617684', 'https://picsum.photos/296/785');
INSERT INTO LOCATIONS (location_id, address, city, country, continent, longtitude, latitude, image) VALUES ('39', 'PSC 8214, Box 6584
APO AE 37573', 'Maryshire', 'Palestinian Territory', 'Antarctica', '82.873656', '-50.111722', 'https://dummyimage.com/914x991');
INSERT INTO LOCATIONS (location_id, address, city, country, continent, longtitude, latitude, image) VALUES ('40', '5339 Hall Trail Suite 057
Hughesberg, NM 05353', 'New Tammy', 'Greenland', 'Antarctica', '-126.117168', '28.1937985', 'https://picsum.photos/204/935');
INSERT INTO LOCATIONS (location_id, address, city, country, continent, longtitude, latitude, image) VALUES ('41', '217 Morgan Square Suite 158
Finleyfort, VI 71413', 'New Caseyport', 'Denmark', 'Europe', '-131.477965', '26.4933285', 'https://dummyimage.com/201x205');
INSERT INTO LOCATIONS (location_id, address, city, country, continent, longtitude, latitude, image) VALUES ('42', '05045 Jordan Gardens Suite 922
North Chelsea, MS 81727', 'South Roberta', 'Cambodia', 'Australia', '-55.344780', '33.7889875', 'https://dummyimage.com/520x941');
INSERT INTO LOCATIONS (location_id, address, city, country, continent, longtitude, latitude, image) VALUES ('43', '8217 Huerta Hills Suite 474
South Melissa, CT 31592', 'Armstrongshire', 'French Polynesia', 'South America', '-21.499194', '-84.1106345', 'https://picsum.photos/810/562');
INSERT INTO LOCATIONS (location_id, address, city, country, continent, longtitude, latitude, image) VALUES ('44', '743 Robinson Field
Ericaberg, SC 13236', 'West Kristinaton', 'Mozambique', 'North America', '15.883382', '-54.7244115', 'https://dummyimage.com/184x604');
INSERT INTO LOCATIONS (location_id, address, city, country, continent, longtitude, latitude, image) VALUES ('45', '28588 Rivas Glens
Coffeyport, WA 44897', 'South Sydneyberg', 'Saudi Arabia', 'North America', '-58.874036', '16.679335', 'https://dummyimage.com/749x184');
INSERT INTO LOCATIONS (location_id, address, city, country, continent, longtitude, latitude, image) VALUES ('46', '5496 Rodriguez Fort
Johnsonside, MD 80465', 'Lake Bryan', 'Swaziland', 'Europe', '69.251732', '-8.881444', 'https://picsum.photos/836/238');
INSERT INTO LOCATIONS (location_id, address, city, country, continent, longtitude, latitude, image) VALUES ('47', '7113 Paul Land
Matthewsberg, FM 54880', 'Port Tracychester', 'Wallis and Futuna', 'Europe', '-29.815653', '-81.217789', 'https://dummyimage.com/758x444');
INSERT INTO LOCATIONS (location_id, address, city, country, continent, longtitude, latitude, image) VALUES ('48', '1585 Raymond Field
Port Madisonland, TN 28302', 'North Kristinbury', 'Brunei Darussalam', 'Antarctica', '123.105493', '-34.915548', 'https://placekitten.com/140/424');
INSERT INTO LOCATIONS (location_id, address, city, country, continent, longtitude, latitude, image) VALUES ('49', '2904 Vanessa Plains
Laurenville, TN 03880', 'North Michael', 'Solomon Islands', 'North America', '-52.261444', '68.0690025', 'https://picsum.photos/663/32');
INSERT INTO LOCATIONS (location_id, address, city, country, continent, longtitude, latitude, image) VALUES ('50', '681 Thomas Tunnel
Williamville, NV 66540', 'New Bradley', 'Slovenia', 'Asia', '173.745894', '49.975995', 'https://placekitten.com/617/938');
INSERT INTO LOCATIONS (location_id, address, city, country, continent, longtitude, latitude, image) VALUES ('51', 'USS Lutz
FPO AA 56373', 'South Jennifermouth', 'Barbados', 'Asia', '-136.625941', '-3.533767', 'https://picsum.photos/303/134');
INSERT INTO LOCATIONS (location_id, address, city, country, continent, longtitude, latitude, image) VALUES ('52', '9847 Garcia Squares Apt. 836
Beasleychester, MA 59942', 'Perryville', 'Germany', 'South America', '49.117182', '-6.1075925', 'https://picsum.photos/522/766');
INSERT INTO LOCATIONS (location_id, address, city, country, continent, longtitude, latitude, image) VALUES ('53', '11161 Cain Point Apt. 988
Elizabethchester, MI 87708', 'Parrishton', 'France', 'Asia', '142.342714', '-6.127637', 'https://placekitten.com/720/212');
INSERT INTO LOCATIONS (location_id, address, city, country, continent, longtitude, latitude, image) VALUES ('54', '731 Bruce Land
Port Joshuabury, AS 56745', 'New Sarahview', 'Antarctica (the territory South of 60 deg S)', 'North America', '-83.139858', '-16.644539', 'https://dummyimage.com/632x695');
INSERT INTO LOCATIONS (location_id, address, city, country, continent, longtitude, latitude, image) VALUES ('55', '612 Christopher Pines
South Robert, MA 21132', 'Larrymouth', 'Singapore', 'Antarctica', '124.724469', '70.0476015', 'https://picsum.photos/173/107');
INSERT INTO LOCATIONS (location_id, address, city, country, continent, longtitude, latitude, image) VALUES ('56', '147 Tucker Mills
Nelsonhaven, DE 45743', 'Rodriguezshire', 'Libyan Arab Jamahiriya', 'North America', '102.895594', '89.082033', 'https://picsum.photos/631/93');
INSERT INTO LOCATIONS (location_id, address, city, country, continent, longtitude, latitude, image) VALUES ('57', '34324 Murphy Avenue
Burgessburgh, DC 50335', 'New Angelica', 'Paraguay', 'Africa', '10.142053', '-70.652382', 'https://dummyimage.com/813x86');
INSERT INTO LOCATIONS (location_id, address, city, country, continent, longtitude, latitude, image) VALUES ('58', '9696 Roberts Lodge
West Georgemouth, MP 90889', 'Christopherville', 'Ecuador', 'North America', '53.902053', '68.073933', 'https://dummyimage.com/820x161');
INSERT INTO LOCATIONS (location_id, address, city, country, continent, longtitude, latitude, image) VALUES ('59', '52181 Rebecca Keys Suite 231
West James, PA 20537', 'East Stephaniefort', 'Kyrgyz Republic', 'Antarctica', '122.653181', '65.5497805', 'https://placekitten.com/919/661');
INSERT INTO LOCATIONS (location_id, address, city, country, continent, longtitude, latitude, image) VALUES ('60', '77449 Michael Cliffs Suite 770
West Marieland, SD 12336', 'Fordside', 'Zimbabwe', 'Asia', '-157.976099', '30.7244705', 'https://placekitten.com/385/658');
INSERT INTO LOCATIONS (location_id, address, city, country, continent, longtitude, latitude, image) VALUES ('61', '71518 Benjamin Station
Ritterhaven, NC 80429', 'West Nathan', 'Finland', 'Australia', '27.992683', '19.7281985', 'https://placekitten.com/692/107');
INSERT INTO LOCATIONS (location_id, address, city, country, continent, longtitude, latitude, image) VALUES ('62', '1864 Cummings Shoals
West Christopher, TN 19038', 'Kylefurt', 'Bulgaria', 'South America', '139.460324', '-67.258413', 'https://placekitten.com/634/771');
INSERT INTO LOCATIONS (location_id, address, city, country, continent, longtitude, latitude, image) VALUES ('63', '816 Smith Inlet
East Matthew, WI 64237', 'East Zoe', 'Cape Verde', 'Africa', '-138.572310', '-10.5989135', 'https://placekitten.com/207/77');
INSERT INTO LOCATIONS (location_id, address, city, country, continent, longtitude, latitude, image) VALUES ('64', '622 Marie Trail
Lake Samuel, MT 48250', 'South Cheryl', 'Sao Tome and Principe', 'Asia', '61.016365', '-27.185313', 'https://dummyimage.com/489x633');
INSERT INTO LOCATIONS (location_id, address, city, country, continent, longtitude, latitude, image) VALUES ('65', 'PSC 3597, Box 7468
APO AP 55375', 'Port James', 'Netherlands', 'South America', '-105.697855', '-22.890273', 'https://dummyimage.com/106x984');
INSERT INTO LOCATIONS (location_id, address, city, country, continent, longtitude, latitude, image) VALUES ('66', '814 Kathryn Groves
Whiteheadberg, MP 57841', 'East Lisastad', 'Venezuela', 'Asia', '-165.681550', '21.3730415', 'https://placekitten.com/109/811');
INSERT INTO LOCATIONS (location_id, address, city, country, continent, longtitude, latitude, image) VALUES ('67', '53051 Moody Dam Apt. 472
Westtown, MH 10885', 'West Jasonberg', 'Mexico', 'Africa', '146.890014', '51.672584', 'https://dummyimage.com/866x227');
INSERT INTO LOCATIONS (location_id, address, city, country, continent, longtitude, latitude, image) VALUES ('68', '36971 Mary Parks
Lake Zacharybury, VT 19319', 'Rubenstad', 'Dominican Republic', 'North America', '126.372750', '21.8215135', 'https://placekitten.com/383/175');
INSERT INTO LOCATIONS (location_id, address, city, country, continent, longtitude, latitude, image) VALUES ('69', 'Unit 1888 Box 8806
DPO AA 06207', 'Zavalaview', 'San Marino', 'Antarctica', '-171.280017', '5.856656', 'https://picsum.photos/138/706');
INSERT INTO LOCATIONS (location_id, address, city, country, continent, longtitude, latitude, image) VALUES ('70', '520 Payne Via
Port Kimberly, NH 91647', 'Welchberg', 'Bahrain', 'Australia', '65.714852', '-80.072239', 'https://picsum.photos/600/412');
INSERT INTO LOCATIONS (location_id, address, city, country, continent, longtitude, latitude, image) VALUES ('71', '4868 King Terrace
West Michael, WI 06766', 'Joshuastad', 'Jordan', 'Africa', '34.760055', '28.0409035', 'https://picsum.photos/791/694');
INSERT INTO LOCATIONS (location_id, address, city, country, continent, longtitude, latitude, image) VALUES ('72', '8416 Ryan View Apt. 845
North Markport, ME 58948', 'Jacksonmouth', 'Guernsey', 'Antarctica', '60.050909', '-78.630374', 'https://dummyimage.com/722x890');
INSERT INTO LOCATIONS (location_id, address, city, country, continent, longtitude, latitude, image) VALUES ('73', '65820 Melinda Springs
Johnsonland, IA 85063', 'Michaelshire', 'Antigua and Barbuda', 'North America', '144.857813', '-48.8117565', 'https://dummyimage.com/921x759');
INSERT INTO LOCATIONS (location_id, address, city, country, continent, longtitude, latitude, image) VALUES ('74', '285 Edwards Harbors
North Anthony, HI 65911', 'Mcintyreville', 'Estonia', 'Africa', '-40.257996', '29.795526', 'https://placekitten.com/439/584');
INSERT INTO LOCATIONS (location_id, address, city, country, continent, longtitude, latitude, image) VALUES ('75', 'PSC 7312, Box 1727
APO AE 89882', 'Elizabethland', 'Mexico', 'Europe', '111.076033', '-12.056470', 'https://placekitten.com/614/322');
INSERT INTO LOCATIONS (location_id, address, city, country, continent, longtitude, latitude, image) VALUES ('76', '8313 Joel Park
West Angelastad, NH 72806', 'New Nicole', 'Bahrain', 'Australia', '-13.950809', '16.880254', 'https://dummyimage.com/980x841');
INSERT INTO LOCATIONS (location_id, address, city, country, continent, longtitude, latitude, image) VALUES ('77', '51778 Anderson Village
Port Tammy, NE 66412', 'Port Davidberg', 'Gabon', 'Asia', '-91.600402', '-46.522325', 'https://dummyimage.com/660x461');
INSERT INTO LOCATIONS (location_id, address, city, country, continent, longtitude, latitude, image) VALUES ('78', 'USNV Singleton
FPO AA 26230', 'Davidport', 'Nicaragua', 'Asia', '106.408837', '-64.920504', 'https://picsum.photos/345/315');
INSERT INTO LOCATIONS (location_id, address, city, country, continent, longtitude, latitude, image) VALUES ('79', '001 Stacy Trail Suite 396
South Pamelaside, LA 84637', 'Timothyfurt', 'French Southern Territories', 'Australia', '63.494654', '-70.411454', 'https://dummyimage.com/122x323');
INSERT INTO LOCATIONS (location_id, address, city, country, continent, longtitude, latitude, image) VALUES ('80', '59255 Hester Curve Suite 881
Johnville, KY 59430', 'East Colin', 'French Guiana', 'Europe', '26.238868', '75.189124', 'https://picsum.photos/856/508');
INSERT INTO LOCATIONS (location_id, address, city, country, continent, longtitude, latitude, image) VALUES ('81', '27877 Jimenez Course Suite 873
New Michael, AR 37378', 'Harperfort', 'France', 'Antarctica', '108.133653', '-87.8048955', 'https://picsum.photos/220/882');
INSERT INTO LOCATIONS (location_id, address, city, country, continent, longtitude, latitude, image) VALUES ('82', '5060 Michael Heights Apt. 687
Marciaville, DC 13173', 'Brooksmouth', 'Moldova', 'North America', '16.283426', '-51.273526', 'https://placekitten.com/407/822');
INSERT INTO LOCATIONS (location_id, address, city, country, continent, longtitude, latitude, image) VALUES ('83', '57872 Mark Ridge
Franciscoport, OR 44590', 'Ericksonport', 'Lebanon', 'Asia', '-171.068101', '8.880296', 'https://dummyimage.com/678x224');
INSERT INTO LOCATIONS (location_id, address, city, country, continent, longtitude, latitude, image) VALUES ('84', '749 Jennifer Prairie
Jacksonfurt, FL 89725', 'North Ashley', 'Reunion', 'Antarctica', '-121.000291', '-38.786721', 'https://dummyimage.com/38x903');
INSERT INTO LOCATIONS (location_id, address, city, country, continent, longtitude, latitude, image) VALUES ('85', '368 Salas Street Apt. 283
Whitneyfort, NC 49892', 'Suemouth', 'United States Minor Outlying Islands', 'Europe', '106.220412', '1.8927085', 'https://placekitten.com/725/541');
INSERT INTO LOCATIONS (location_id, address, city, country, continent, longtitude, latitude, image) VALUES ('86', '8434 Bush Spurs
Stewartstad, OH 95090', 'Keithshire', 'Philippines', 'Antarctica', '111.623382', '11.9233805', 'https://picsum.photos/808/706');
INSERT INTO LOCATIONS (location_id, address, city, country, continent, longtitude, latitude, image) VALUES ('87', '157 Burgess Forest Apt. 848
Derrickshire, IA 32280', 'Lake Rebeccabury', 'Northern Mariana Islands', 'Asia', '-54.996824', '-75.909526', 'https://dummyimage.com/205x846');
INSERT INTO LOCATIONS (location_id, address, city, country, continent, longtitude, latitude, image) VALUES ('88', '208 Richard Wells
Woodsborough, WV 38150', 'Justinton', 'United States of America', 'South America', '-131.971144', '85.100107', 'https://picsum.photos/475/76');
INSERT INTO LOCATIONS (location_id, address, city, country, continent, longtitude, latitude, image) VALUES ('89', '67240 Kenneth Rapids
West Justinside, NC 65239', 'Port William', 'Faroe Islands', 'North America', '-76.485169', '-59.7616155', 'https://placekitten.com/677/332');
INSERT INTO LOCATIONS (location_id, address, city, country, continent, longtitude, latitude, image) VALUES ('90', '205 Bradley Throughway Apt. 296
Robertsonland, MO 88221', 'East Tinafort', 'Gibraltar', 'South America', '-46.830736', '-88.166553', 'https://picsum.photos/534/785');
INSERT INTO LOCATIONS (location_id, address, city, country, continent, longtitude, latitude, image) VALUES ('91', '4990 Valdez Square Apt. 017
Erikhaven, MH 92717', 'Hannahport', 'Heard Island and McDonald Islands', 'Australia', '149.974525', '-30.7162335', 'https://dummyimage.com/448x273');
INSERT INTO LOCATIONS (location_id, address, city, country, continent, longtitude, latitude, image) VALUES ('92', '8783 Erin Ranch Apt. 878
Christianshire, DE 08595', 'New Amanda', 'Chad', 'Antarctica', '-3.843188', '49.6781185', 'https://placekitten.com/904/238');
INSERT INTO LOCATIONS (location_id, address, city, country, continent, longtitude, latitude, image) VALUES ('93', '87072 Bryant Centers Suite 406
Lisaborough, OR 10073', 'South Melvinland', 'Mauritius', 'North America', '-147.650505', '-71.472815', 'https://dummyimage.com/966x64');
INSERT INTO LOCATIONS (location_id, address, city, country, continent, longtitude, latitude, image) VALUES ('94', '656 Kane Lane
Millerside, DC 86161', 'Davidside', 'India', 'Europe', '103.920178', '-55.815528', 'https://picsum.photos/456/7');
INSERT INTO LOCATIONS (location_id, address, city, country, continent, longtitude, latitude, image) VALUES ('95', 'Unit 7868 Box 6337
DPO AA 20833', 'Jacobville', 'Antigua and Barbuda', 'North America', '174.440935', '22.5390415', 'https://picsum.photos/32/492');
INSERT INTO LOCATIONS (location_id, address, city, country, continent, longtitude, latitude, image) VALUES ('96', '9030 Gonzales Plains
Port Michelle, AR 18868', 'Jimshire', 'Ghana', 'North America', '130.029429', '70.502302', 'https://dummyimage.com/656x485');
INSERT INTO LOCATIONS (location_id, address, city, country, continent, longtitude, latitude, image) VALUES ('97', '4408 Connie Meadow
Williamsstad, SD 88495', 'Floydmouth', 'Qatar', 'Europe', '43.512586', '19.5912385', 'https://dummyimage.com/305x614');
INSERT INTO LOCATIONS (location_id, address, city, country, continent, longtitude, latitude, image) VALUES ('98', '34270 Faulkner Point Apt. 634
West Deborah, NV 49138', 'New Jennyborough', 'Austria', 'Australia', '-35.870784', '11.2452575', 'https://picsum.photos/80/149');
INSERT INTO LOCATIONS (location_id, address, city, country, continent, longtitude, latitude, image) VALUES ('99', '3540 Sharon Streets
Lake Yvonnefort, PW 32298', 'South Rose', 'Micronesia', 'North America', '-7.334258', '-14.016875', 'https://placekitten.com/779/954');
INSERT INTO LOCATIONS (location_id, address, city, country, continent, longtitude, latitude, image) VALUES ('100', '5877 Leah Stravenue Suite 535
Robertshire, VI 29503', 'North Jose', 'Vietnam', 'Australia', '133.549739', '65.462494', 'https://picsum.photos/855/604');
INSERT INTO FESTIVALS (festival_id, date_starting, date_ending, duration, location_id, image) VALUES ('1', '1983-05-09', '1983-05-10', '1', '78', 'https://dummyimage.com/675x471');
INSERT INTO FESTIVALS (festival_id, date_starting, date_ending, duration, location_id, image) VALUES ('2', '2008-10-10', '2008-10-12', '2', '69', 'https://placekitten.com/503/1022');
INSERT INTO FESTIVALS (festival_id, date_starting, date_ending, duration, location_id, image) VALUES ('3', '2014-07-19', '2014-07-21', '2', '21', 'https://dummyimage.com/691x527');
INSERT INTO FESTIVALS (festival_id, date_starting, date_ending, duration, location_id, image) VALUES ('4', '2019-03-29', '2019-04-02', '4', '49', 'https://picsum.photos/1004/943');
INSERT INTO FESTIVALS (festival_id, date_starting, date_ending, duration, location_id, image) VALUES ('5', '2019-11-13', '2019-11-16', '3', '82', 'https://picsum.photos/721/346');
INSERT INTO FESTIVALS (festival_id, date_starting, date_ending, duration, location_id, image) VALUES ('6', '2019-01-07', '2019-01-12', '5', '29', 'https://placekitten.com/1000/376');
INSERT INTO FESTIVALS (festival_id, date_starting, date_ending, duration, location_id, image) VALUES ('7', '2013-09-04', '2013-09-07', '3', '99', 'https://picsum.photos/120/69');
INSERT INTO FESTIVALS (festival_id, date_starting, date_ending, duration, location_id, image) VALUES ('8', '2015-06-22', '2015-06-23', '1', '30', 'https://dummyimage.com/99x13');
INSERT INTO FESTIVALS (festival_id, date_starting, date_ending, duration, location_id, image) VALUES ('9', '1979-05-11', '1979-05-12', '1', '41', 'https://placekitten.com/473/139');
INSERT INTO FESTIVALS (festival_id, date_starting, date_ending, duration, location_id, image) VALUES ('10', '1980-04-11', '1980-04-15', '4', '35', 'https://placekitten.com/18/447');
INSERT INTO FESTIVALS (festival_id, date_starting, date_ending, duration, location_id, image) VALUES ('11', '2001-01-12', '2001-01-13', '1', '28', 'https://placekitten.com/764/123');
INSERT INTO FESTIVALS (festival_id, date_starting, date_ending, duration, location_id, image) VALUES ('12', '2013-05-25', '2013-05-30', '5', '92', 'https://picsum.photos/989/999');
INSERT INTO FESTIVALS (festival_id, date_starting, date_ending, duration, location_id, image) VALUES ('13', '1970-06-14', '1970-06-17', '3', '28', 'https://picsum.photos/842/24');
INSERT INTO FESTIVALS (festival_id, date_starting, date_ending, duration, location_id, image) VALUES ('14', '2006-01-10', '2006-01-14', '4', '51', 'https://picsum.photos/562/587');
INSERT INTO FESTIVALS (festival_id, date_starting, date_ending, duration, location_id, image) VALUES ('15', '2004-03-05', '2004-03-09', '4', '19', 'https://picsum.photos/881/367');
INSERT INTO FESTIVALS (festival_id, date_starting, date_ending, duration, location_id, image) VALUES ('16', '1976-07-21', '1976-07-24', '3', '18', 'https://picsum.photos/304/493');
INSERT INTO FESTIVALS (festival_id, date_starting, date_ending, duration, location_id, image) VALUES ('17', '2012-03-05', '2012-03-07', '2', '96', 'https://dummyimage.com/516x725');
INSERT INTO FESTIVALS (festival_id, date_starting, date_ending, duration, location_id, image) VALUES ('18', '2024-02-05', '2024-02-10', '5', '69', 'https://dummyimage.com/812x161');
INSERT INTO FESTIVALS (festival_id, date_starting, date_ending, duration, location_id, image) VALUES ('19', '1997-08-18', '1997-08-21', '3', '96', 'https://placekitten.com/940/498');
INSERT INTO FESTIVALS (festival_id, date_starting, date_ending, duration, location_id, image) VALUES ('20', '1985-05-15', '1985-05-20', '5', '55', 'https://placekitten.com/614/165');
INSERT INTO FESTIVALS (festival_id, date_starting, date_ending, duration, location_id, image) VALUES ('21', '2014-03-24', '2014-03-29', '5', '52', 'https://dummyimage.com/64x191');
INSERT INTO FESTIVALS (festival_id, date_starting, date_ending, duration, location_id, image) VALUES ('22', '1995-10-23', '1995-10-26', '3', '29', 'https://picsum.photos/772/974');
INSERT INTO FESTIVALS (festival_id, date_starting, date_ending, duration, location_id, image) VALUES ('23', '2013-05-01', '2013-05-03', '2', '66', 'https://picsum.photos/19/350');
INSERT INTO FESTIVALS (festival_id, date_starting, date_ending, duration, location_id, image) VALUES ('24', '2004-01-07', '2004-01-11', '4', '12', 'https://placekitten.com/888/678');
INSERT INTO FESTIVALS (festival_id, date_starting, date_ending, duration, location_id, image) VALUES ('25', '1976-06-28', '1976-06-29', '1', '15', 'https://picsum.photos/87/470');
INSERT INTO FESTIVALS (festival_id, date_starting, date_ending, duration, location_id, image) VALUES ('26', '2017-02-09', '2017-02-11', '2', '81', 'https://picsum.photos/973/555');
INSERT INTO FESTIVALS (festival_id, date_starting, date_ending, duration, location_id, image) VALUES ('27', '1975-01-22', '1975-01-24', '2', '88', 'https://picsum.photos/574/67');
INSERT INTO FESTIVALS (festival_id, date_starting, date_ending, duration, location_id, image) VALUES ('28', '1991-05-27', '1991-05-31', '4', '77', 'https://placekitten.com/32/424');
INSERT INTO FESTIVALS (festival_id, date_starting, date_ending, duration, location_id, image) VALUES ('29', '1979-10-24', '1979-10-25', '1', '50', 'https://dummyimage.com/815x157');
INSERT INTO FESTIVALS (festival_id, date_starting, date_ending, duration, location_id, image) VALUES ('30', '1981-01-20', '1981-01-24', '4', '77', 'https://placekitten.com/492/796');
INSERT INTO FESTIVALS (festival_id, date_starting, date_ending, duration, location_id, image) VALUES ('31', '2006-10-14', '2006-10-18', '4', '68', 'https://placekitten.com/679/786');
INSERT INTO FESTIVALS (festival_id, date_starting, date_ending, duration, location_id, image) VALUES ('32', '1979-07-11', '1979-07-14', '3', '71', 'https://picsum.photos/160/708');
INSERT INTO FESTIVALS (festival_id, date_starting, date_ending, duration, location_id, image) VALUES ('33', '1976-08-24', '1976-08-25', '1', '88', 'https://picsum.photos/895/475');
INSERT INTO FESTIVALS (festival_id, date_starting, date_ending, duration, location_id, image) VALUES ('34', '1993-03-06', '1993-03-07', '1', '88', 'https://picsum.photos/812/668');
INSERT INTO FESTIVALS (festival_id, date_starting, date_ending, duration, location_id, image) VALUES ('35', '2013-02-25', '2013-03-02', '5', '97', 'https://dummyimage.com/559x922');
INSERT INTO FESTIVALS (festival_id, date_starting, date_ending, duration, location_id, image) VALUES ('36', '1985-07-11', '1985-07-14', '3', '99', 'https://dummyimage.com/728x768');
INSERT INTO FESTIVALS (festival_id, date_starting, date_ending, duration, location_id, image) VALUES ('37', '1982-08-22', '1982-08-25', '3', '15', 'https://placekitten.com/778/175');
INSERT INTO FESTIVALS (festival_id, date_starting, date_ending, duration, location_id, image) VALUES ('38', '1990-02-06', '1990-02-09', '3', '56', 'https://picsum.photos/504/150');
INSERT INTO FESTIVALS (festival_id, date_starting, date_ending, duration, location_id, image) VALUES ('39', '1988-03-27', '1988-03-29', '2', '59', 'https://placekitten.com/315/778');
INSERT INTO FESTIVALS (festival_id, date_starting, date_ending, duration, location_id, image) VALUES ('40', '2023-05-06', '2023-05-07', '1', '93', 'https://dummyimage.com/315x797');
INSERT INTO FESTIVALS (festival_id, date_starting, date_ending, duration, location_id, image) VALUES ('41', '1994-07-19', '1994-07-22', '3', '65', 'https://picsum.photos/218/187');
INSERT INTO FESTIVALS (festival_id, date_starting, date_ending, duration, location_id, image) VALUES ('42', '1990-12-24', '1990-12-26', '2', '65', 'https://dummyimage.com/910x737');
INSERT INTO FESTIVALS (festival_id, date_starting, date_ending, duration, location_id, image) VALUES ('43', '1976-12-15', '1976-12-16', '1', '81', 'https://picsum.photos/271/178');
INSERT INTO FESTIVALS (festival_id, date_starting, date_ending, duration, location_id, image) VALUES ('44', '1999-05-01', '1999-05-04', '3', '82', 'https://picsum.photos/919/835');
INSERT INTO FESTIVALS (festival_id, date_starting, date_ending, duration, location_id, image) VALUES ('45', '1971-10-15', '1971-10-20', '5', '78', 'https://placekitten.com/183/724');
INSERT INTO FESTIVALS (festival_id, date_starting, date_ending, duration, location_id, image) VALUES ('46', '1976-05-02', '1976-05-04', '2', '20', 'https://picsum.photos/664/788');
INSERT INTO FESTIVALS (festival_id, date_starting, date_ending, duration, location_id, image) VALUES ('47', '1989-11-10', '1989-11-13', '3', '98', 'https://picsum.photos/847/794');
INSERT INTO FESTIVALS (festival_id, date_starting, date_ending, duration, location_id, image) VALUES ('48', '2019-04-30', '2019-05-02', '2', '70', 'https://placekitten.com/497/347');
INSERT INTO FESTIVALS (festival_id, date_starting, date_ending, duration, location_id, image) VALUES ('49', '1995-11-29', '1995-12-04', '5', '1', 'https://dummyimage.com/347x284');
INSERT INTO FESTIVALS (festival_id, date_starting, date_ending, duration, location_id, image) VALUES ('50', '1990-06-29', '1990-07-04', '5', '42', 'https://picsum.photos/549/1009');
INSERT INTO FESTIVALS (festival_id, date_starting, date_ending, duration, location_id, image) VALUES ('51', '1974-04-22', '1974-04-26', '4', '3', 'https://dummyimage.com/342x890');
INSERT INTO FESTIVALS (festival_id, date_starting, date_ending, duration, location_id, image) VALUES ('52', '1998-08-28', '1998-08-29', '1', '47', 'https://picsum.photos/613/991');
INSERT INTO FESTIVALS (festival_id, date_starting, date_ending, duration, location_id, image) VALUES ('53', '1994-07-29', '1994-08-01', '3', '31', 'https://placekitten.com/515/505');
INSERT INTO FESTIVALS (festival_id, date_starting, date_ending, duration, location_id, image) VALUES ('54', '2012-07-14', '2012-07-15', '1', '31', 'https://dummyimage.com/1015x400');
INSERT INTO FESTIVALS (festival_id, date_starting, date_ending, duration, location_id, image) VALUES ('55', '1977-04-12', '1977-04-17', '5', '11', 'https://picsum.photos/277/623');
INSERT INTO FESTIVALS (festival_id, date_starting, date_ending, duration, location_id, image) VALUES ('56', '1996-12-04', '1996-12-05', '1', '94', 'https://dummyimage.com/680x778');
INSERT INTO FESTIVALS (festival_id, date_starting, date_ending, duration, location_id, image) VALUES ('57', '1999-12-16', '1999-12-20', '4', '9', 'https://placekitten.com/685/881');
INSERT INTO FESTIVALS (festival_id, date_starting, date_ending, duration, location_id, image) VALUES ('58', '2010-06-13', '2010-06-18', '5', '99', 'https://dummyimage.com/278x615');
INSERT INTO FESTIVALS (festival_id, date_starting, date_ending, duration, location_id, image) VALUES ('59', '2011-01-18', '2011-01-20', '2', '17', 'https://dummyimage.com/411x981');
INSERT INTO FESTIVALS (festival_id, date_starting, date_ending, duration, location_id, image) VALUES ('60', '1982-02-02', '1982-02-06', '4', '71', 'https://dummyimage.com/815x653');
INSERT INTO FESTIVALS (festival_id, date_starting, date_ending, duration, location_id, image) VALUES ('61', '2020-01-04', '2020-01-06', '2', '34', 'https://dummyimage.com/1005x496');
INSERT INTO FESTIVALS (festival_id, date_starting, date_ending, duration, location_id, image) VALUES ('62', '1995-08-04', '1995-08-09', '5', '78', 'https://dummyimage.com/574x804');
INSERT INTO FESTIVALS (festival_id, date_starting, date_ending, duration, location_id, image) VALUES ('63', '1977-10-01', '1977-10-05', '4', '28', 'https://placekitten.com/409/368');
INSERT INTO FESTIVALS (festival_id, date_starting, date_ending, duration, location_id, image) VALUES ('64', '2022-03-28', '2022-04-02', '5', '97', 'https://placekitten.com/55/945');
INSERT INTO FESTIVALS (festival_id, date_starting, date_ending, duration, location_id, image) VALUES ('65', '1984-04-07', '1984-04-09', '2', '92', 'https://placekitten.com/897/596');
INSERT INTO FESTIVALS (festival_id, date_starting, date_ending, duration, location_id, image) VALUES ('66', '1974-09-15', '1974-09-18', '3', '52', 'https://picsum.photos/837/1022');
INSERT INTO FESTIVALS (festival_id, date_starting, date_ending, duration, location_id, image) VALUES ('67', '2013-02-05', '2013-02-08', '3', '57', 'https://dummyimage.com/620x495');
INSERT INTO FESTIVALS (festival_id, date_starting, date_ending, duration, location_id, image) VALUES ('68', '2014-10-28', '2014-11-02', '5', '58', 'https://dummyimage.com/315x866');
INSERT INTO FESTIVALS (festival_id, date_starting, date_ending, duration, location_id, image) VALUES ('69', '1975-01-13', '1975-01-14', '1', '32', 'https://placekitten.com/919/981');
INSERT INTO FESTIVALS (festival_id, date_starting, date_ending, duration, location_id, image) VALUES ('70', '1997-04-11', '1997-04-13', '2', '9', 'https://dummyimage.com/856x75');
INSERT INTO FESTIVALS (festival_id, date_starting, date_ending, duration, location_id, image) VALUES ('71', '2017-09-30', '2017-10-03', '3', '3', 'https://picsum.photos/174/223');
INSERT INTO FESTIVALS (festival_id, date_starting, date_ending, duration, location_id, image) VALUES ('72', '2014-10-01', '2014-10-06', '5', '71', 'https://placekitten.com/727/340');
INSERT INTO FESTIVALS (festival_id, date_starting, date_ending, duration, location_id, image) VALUES ('73', '2011-09-11', '2011-09-13', '2', '76', 'https://dummyimage.com/90x818');
INSERT INTO FESTIVALS (festival_id, date_starting, date_ending, duration, location_id, image) VALUES ('74', '2024-03-08', '2024-03-10', '2', '1', 'https://picsum.photos/881/216');
INSERT INTO FESTIVALS (festival_id, date_starting, date_ending, duration, location_id, image) VALUES ('75', '1976-09-16', '1976-09-17', '1', '91', 'https://placekitten.com/529/454');
INSERT INTO FESTIVALS (festival_id, date_starting, date_ending, duration, location_id, image) VALUES ('76', '2020-10-28', '2020-10-29', '1', '30', 'https://dummyimage.com/452x912');
INSERT INTO FESTIVALS (festival_id, date_starting, date_ending, duration, location_id, image) VALUES ('77', '1996-08-13', '1996-08-14', '1', '5', 'https://picsum.photos/948/1024');
INSERT INTO FESTIVALS (festival_id, date_starting, date_ending, duration, location_id, image) VALUES ('78', '1993-06-23', '1993-06-26', '3', '10', 'https://picsum.photos/50/988');
INSERT INTO FESTIVALS (festival_id, date_starting, date_ending, duration, location_id, image) VALUES ('79', '1990-02-08', '1990-02-13', '5', '31', 'https://picsum.photos/851/175');
INSERT INTO FESTIVALS (festival_id, date_starting, date_ending, duration, location_id, image) VALUES ('80', '2019-09-08', '2019-09-11', '3', '86', 'https://dummyimage.com/290x713');
INSERT INTO FESTIVALS (festival_id, date_starting, date_ending, duration, location_id, image) VALUES ('81', '1993-05-06', '1993-05-10', '4', '28', 'https://placekitten.com/932/423');
INSERT INTO FESTIVALS (festival_id, date_starting, date_ending, duration, location_id, image) VALUES ('82', '2002-11-12', '2002-11-17', '5', '17', 'https://picsum.photos/713/975');
INSERT INTO FESTIVALS (festival_id, date_starting, date_ending, duration, location_id, image) VALUES ('83', '1999-10-26', '1999-10-31', '5', '74', 'https://picsum.photos/926/653');
INSERT INTO FESTIVALS (festival_id, date_starting, date_ending, duration, location_id, image) VALUES ('84', '1990-06-08', '1990-06-12', '4', '32', 'https://picsum.photos/91/235');
INSERT INTO FESTIVALS (festival_id, date_starting, date_ending, duration, location_id, image) VALUES ('85', '1993-05-07', '1993-05-11', '4', '53', 'https://placekitten.com/223/336');
INSERT INTO FESTIVALS (festival_id, date_starting, date_ending, duration, location_id, image) VALUES ('86', '1986-08-07', '1986-08-09', '2', '13', 'https://dummyimage.com/357x327');
INSERT INTO FESTIVALS (festival_id, date_starting, date_ending, duration, location_id, image) VALUES ('87', '2008-02-06', '2008-02-07', '1', '85', 'https://picsum.photos/873/946');
INSERT INTO FESTIVALS (festival_id, date_starting, date_ending, duration, location_id, image) VALUES ('88', '2024-04-15', '2024-04-19', '4', '46', 'https://picsum.photos/829/377');
INSERT INTO FESTIVALS (festival_id, date_starting, date_ending, duration, location_id, image) VALUES ('89', '2013-08-02', '2013-08-06', '4', '53', 'https://picsum.photos/885/810');
INSERT INTO FESTIVALS (festival_id, date_starting, date_ending, duration, location_id, image) VALUES ('90', '2020-03-06', '2020-03-10', '4', '94', 'https://placekitten.com/404/920');
INSERT INTO FESTIVALS (festival_id, date_starting, date_ending, duration, location_id, image) VALUES ('91', '1999-03-26', '1999-03-27', '1', '87', 'https://placekitten.com/796/9');
INSERT INTO FESTIVALS (festival_id, date_starting, date_ending, duration, location_id, image) VALUES ('92', '1984-08-13', '1984-08-14', '1', '8', 'https://placekitten.com/421/570');
INSERT INTO FESTIVALS (festival_id, date_starting, date_ending, duration, location_id, image) VALUES ('93', '2025-01-13', '2025-01-17', '4', '94', 'https://placekitten.com/128/208');
INSERT INTO FESTIVALS (festival_id, date_starting, date_ending, duration, location_id, image) VALUES ('94', '1982-09-21', '1982-09-24', '3', '14', 'https://picsum.photos/749/667');
INSERT INTO FESTIVALS (festival_id, date_starting, date_ending, duration, location_id, image) VALUES ('95', '2001-02-19', '2001-02-21', '2', '25', 'https://placekitten.com/233/537');
INSERT INTO FESTIVALS (festival_id, date_starting, date_ending, duration, location_id, image) VALUES ('96', '2003-04-24', '2003-04-26', '2', '69', 'https://placekitten.com/641/795');
INSERT INTO FESTIVALS (festival_id, date_starting, date_ending, duration, location_id, image) VALUES ('97', '1996-09-17', '1996-09-21', '4', '18', 'https://dummyimage.com/233x712');
INSERT INTO FESTIVALS (festival_id, date_starting, date_ending, duration, location_id, image) VALUES ('98', '2001-02-27', '2001-03-03', '4', '24', 'https://placekitten.com/353/609');
INSERT INTO FESTIVALS (festival_id, date_starting, date_ending, duration, location_id, image) VALUES ('99', '2010-02-28', '2010-03-03', '3', '60', 'https://dummyimage.com/173x274');
INSERT INTO FESTIVALS (festival_id, date_starting, date_ending, duration, location_id, image) VALUES ('100', '1978-01-08', '1978-01-10', '2', '10', 'https://picsum.photos/488/625');
INSERT INTO STAGES (stage_id, stage_name, stage_description, max_capacity, image) VALUES ('1', 'Michael Dixon', 'Case himself control player really population yourself never. Eye cost success people tend weight machine.', '653', 'https://placekitten.com/399/786');
INSERT INTO STAGES (stage_id, stage_name, stage_description, max_capacity, image) VALUES ('2', 'Kathleen Cohen', 'Major bar air set factor ever. Eye sit not significant manager member of.', '763', 'https://placekitten.com/548/751');
INSERT INTO STAGES (stage_id, stage_name, stage_description, max_capacity, image) VALUES ('3', 'Amanda Ball', 'Wrong bill stop seem fear. Last give stage.', '300', 'https://picsum.photos/899/240');
INSERT INTO STAGES (stage_id, stage_name, stage_description, max_capacity, image) VALUES ('4', 'Oscar Norris', 'Into pattern size spend south now mother others. Food region eye environment.', '251', 'https://dummyimage.com/195x277');
INSERT INTO STAGES (stage_id, stage_name, stage_description, max_capacity, image) VALUES ('5', 'Wendy Camacho', 'Economic represent stock seven.', '867', 'https://picsum.photos/804/1002');
INSERT INTO STAGES (stage_id, stage_name, stage_description, max_capacity, image) VALUES ('6', 'Debra Perry', 'Plant they behavior middle. Reason theory lawyer maintain old.', '753', 'https://placekitten.com/190/938');
INSERT INTO STAGES (stage_id, stage_name, stage_description, max_capacity, image) VALUES ('7', 'Heather Brown', 'Design involve deep environmental stock front. Candidate system small thus several animal phone.', '215', 'https://picsum.photos/941/33');
INSERT INTO STAGES (stage_id, stage_name, stage_description, max_capacity, image) VALUES ('8', 'Brooke Bryant', 'Yet travel think few themselves. Behavior growth bar professor power.', '295', 'https://placekitten.com/106/811');
INSERT INTO STAGES (stage_id, stage_name, stage_description, max_capacity, image) VALUES ('9', 'Michael Young', 'Ability live car difficult.', '971', 'https://picsum.photos/911/19');
INSERT INTO STAGES (stage_id, stage_name, stage_description, max_capacity, image) VALUES ('10', 'Ruth Mcneil', 'Local director become south. Finish thing case similar.', '442', 'https://picsum.photos/272/292');
INSERT INTO STAGES (stage_id, stage_name, stage_description, max_capacity, image) VALUES ('11', 'Alejandra Santos', 'Reveal physical character in rather team. To cause but role.', '370', 'https://dummyimage.com/719x879');
INSERT INTO STAGES (stage_id, stage_name, stage_description, max_capacity, image) VALUES ('12', 'Danielle Newman', 'Over return expect wait agree suggest then.', '616', 'https://placekitten.com/420/386');
INSERT INTO STAGES (stage_id, stage_name, stage_description, max_capacity, image) VALUES ('13', 'Matthew Bowers', 'History drop point audience thousand activity guess.', '697', 'https://dummyimage.com/648x270');
INSERT INTO STAGES (stage_id, stage_name, stage_description, max_capacity, image) VALUES ('14', 'Laura Diaz', 'West side admit attack energy always art.', '692', 'https://placekitten.com/815/586');
INSERT INTO STAGES (stage_id, stage_name, stage_description, max_capacity, image) VALUES ('15', 'Pamela Henderson', 'Policy Mrs check base. Memory data space movie.', '418', 'https://dummyimage.com/800x135');
INSERT INTO STAGES (stage_id, stage_name, stage_description, max_capacity, image) VALUES ('16', 'Monica Mathis', 'Beat its law participant finally.', '610', 'https://picsum.photos/359/244');
INSERT INTO STAGES (stage_id, stage_name, stage_description, max_capacity, image) VALUES ('17', 'Meredith Martin', 'Military state else head seek them run. Sign ahead southern evening.', '260', 'https://placekitten.com/130/538');
INSERT INTO STAGES (stage_id, stage_name, stage_description, max_capacity, image) VALUES ('18', 'Lori Crawford', 'Area teacher cold church significant thus. Direction meeting analysis television.', '368', 'https://dummyimage.com/500x94');
INSERT INTO STAGES (stage_id, stage_name, stage_description, max_capacity, image) VALUES ('19', 'Thomas White', 'Sort research pretty different eat trouble floor.', '588', 'https://picsum.photos/159/763');
INSERT INTO STAGES (stage_id, stage_name, stage_description, max_capacity, image) VALUES ('20', 'Stephanie White', 'West attention let. Similar financial beat lead hard.', '202', 'https://placekitten.com/597/622');
INSERT INTO STAGES (stage_id, stage_name, stage_description, max_capacity, image) VALUES ('21', 'Julie Vargas', 'Run national somebody character usually. Do get style.', '599', 'https://picsum.photos/19/686');
INSERT INTO STAGES (stage_id, stage_name, stage_description, max_capacity, image) VALUES ('22', 'Jamie Rojas', 'Day work information which.', '471', 'https://picsum.photos/291/573');
INSERT INTO STAGES (stage_id, stage_name, stage_description, max_capacity, image) VALUES ('23', 'David Bruce', 'Learn security oil measure PM hour. Nothing itself who door end fire song red.', '665', 'https://dummyimage.com/668x651');
INSERT INTO STAGES (stage_id, stage_name, stage_description, max_capacity, image) VALUES ('24', 'Benjamin Harris', 'Choice clearly letter image. Group show later leg system bed space.', '492', 'https://picsum.photos/623/82');
INSERT INTO STAGES (stage_id, stage_name, stage_description, max_capacity, image) VALUES ('25', 'Erin Davis', 'How any federal star community weight.', '633', 'https://picsum.photos/926/511');
INSERT INTO STAGES (stage_id, stage_name, stage_description, max_capacity, image) VALUES ('26', 'Robert Taylor', 'Store work candidate statement.', '913', 'https://placekitten.com/762/172');
INSERT INTO STAGES (stage_id, stage_name, stage_description, max_capacity, image) VALUES ('27', 'Sylvia Jones', 'Total kitchen can toward stop.', '948', 'https://picsum.photos/679/250');
INSERT INTO STAGES (stage_id, stage_name, stage_description, max_capacity, image) VALUES ('28', 'Amber Glass', 'Many him interview government traditional every. Third alone people early far include nearly.', '769', 'https://dummyimage.com/124x179');
INSERT INTO STAGES (stage_id, stage_name, stage_description, max_capacity, image) VALUES ('29', 'Jason Day', 'Piece soon some writer site. Look sit general not focus establish.', '877', 'https://placekitten.com/53/653');
INSERT INTO STAGES (stage_id, stage_name, stage_description, max_capacity, image) VALUES ('30', 'Steven Osborne', 'Morning short yourself wind beyond prevent entire.', '935', 'https://placekitten.com/114/449');
INSERT INTO STAGES (stage_id, stage_name, stage_description, max_capacity, image) VALUES ('31', 'Rebecca Kelly', 'Door fish scene grow.', '698', 'https://placekitten.com/57/720');
INSERT INTO STAGES (stage_id, stage_name, stage_description, max_capacity, image) VALUES ('32', 'Kristine Lopez', 'Finally make bed discussion despite money a. Cut candidate response try such food against only.', '358', 'https://placekitten.com/290/227');
INSERT INTO STAGES (stage_id, stage_name, stage_description, max_capacity, image) VALUES ('33', 'Toni Brooks', 'Big few carry church we social whether power. Religious no threat party.', '394', 'https://placekitten.com/730/457');
INSERT INTO STAGES (stage_id, stage_name, stage_description, max_capacity, image) VALUES ('34', 'Casey Parker', 'Concern ability reduce of.', '503', 'https://placekitten.com/66/372');
INSERT INTO STAGES (stage_id, stage_name, stage_description, max_capacity, image) VALUES ('35', 'Robert Carr', 'View cell seat draw. Collection those become remember police though.', '422', 'https://dummyimage.com/914x23');
INSERT INTO STAGES (stage_id, stage_name, stage_description, max_capacity, image) VALUES ('36', 'Michael Bell', 'Answer just information.', '259', 'https://dummyimage.com/340x847');
INSERT INTO STAGES (stage_id, stage_name, stage_description, max_capacity, image) VALUES ('37', 'Heather Bennett', 'Prepare reach class available suffer far five. Avoid color heart rule.', '793', 'https://placekitten.com/190/692');
INSERT INTO STAGES (stage_id, stage_name, stage_description, max_capacity, image) VALUES ('38', 'Dr. Michele Reynolds', 'Threat church big day couple recent reveal role.', '953', 'https://dummyimage.com/543x576');
INSERT INTO STAGES (stage_id, stage_name, stage_description, max_capacity, image) VALUES ('39', 'Anthony Armstrong', 'Approach about because station. Outside current agent color factor bank such final.', '755', 'https://dummyimage.com/814x964');
INSERT INTO STAGES (stage_id, stage_name, stage_description, max_capacity, image) VALUES ('40', 'Deborah May', 'He high cost and. Let difficult environmental article sell property.', '262', 'https://placekitten.com/175/704');
INSERT INTO STAGES (stage_id, stage_name, stage_description, max_capacity, image) VALUES ('41', 'Peter Perez', 'Stand industry movement term little think.', '965', 'https://picsum.photos/975/612');
INSERT INTO STAGES (stage_id, stage_name, stage_description, max_capacity, image) VALUES ('42', 'Scott Johnson', 'Song quality per build serious common worker. Speak call interest write itself.', '521', 'https://dummyimage.com/302x528');
INSERT INTO STAGES (stage_id, stage_name, stage_description, max_capacity, image) VALUES ('43', 'Suzanne Jones', 'However for everybody leader them skill performance. Site both change note old who beyond.', '258', 'https://dummyimage.com/216x206');
INSERT INTO STAGES (stage_id, stage_name, stage_description, max_capacity, image) VALUES ('44', 'Sheryl Humphrey', 'Pressure occur list common idea peace.', '251', 'https://dummyimage.com/822x79');
INSERT INTO STAGES (stage_id, stage_name, stage_description, max_capacity, image) VALUES ('45', 'Erin Young', 'Today after stage field exactly. Teach range win direction feel season similar.', '798', 'https://placekitten.com/657/551');
INSERT INTO STAGES (stage_id, stage_name, stage_description, max_capacity, image) VALUES ('46', 'Matthew Lopez', 'Scientist service test start middle city.', '688', 'https://picsum.photos/637/826');
INSERT INTO STAGES (stage_id, stage_name, stage_description, max_capacity, image) VALUES ('47', 'Kelly Carroll', 'Themselves customer arm almost anything.', '714', 'https://dummyimage.com/738x407');
INSERT INTO STAGES (stage_id, stage_name, stage_description, max_capacity, image) VALUES ('48', 'John Sanders', 'Drop major land.', '743', 'https://dummyimage.com/971x716');
INSERT INTO STAGES (stage_id, stage_name, stage_description, max_capacity, image) VALUES ('49', 'Steven Curry', 'Agree anyone take sister Democrat.', '361', 'https://placekitten.com/453/461');
INSERT INTO STAGES (stage_id, stage_name, stage_description, max_capacity, image) VALUES ('50', 'Matthew Palmer', 'Treatment positive over across education source figure.', '258', 'https://dummyimage.com/563x867');
INSERT INTO STAGES (stage_id, stage_name, stage_description, max_capacity, image) VALUES ('51', 'Judy Robinson', 'Station however bill memory production successful hear.', '720', 'https://placekitten.com/578/611');
INSERT INTO STAGES (stage_id, stage_name, stage_description, max_capacity, image) VALUES ('52', 'Arthur Mcneil', 'End represent throughout federal change. Tonight south sort outside produce.', '282', 'https://placekitten.com/286/52');
INSERT INTO STAGES (stage_id, stage_name, stage_description, max_capacity, image) VALUES ('53', 'Edward Meadows MD', 'Remain occur couple risk develop movement size trade.', '390', 'https://picsum.photos/734/614');
INSERT INTO STAGES (stage_id, stage_name, stage_description, max_capacity, image) VALUES ('54', 'Sherri White', 'Campaign else space several consumer quite friend.', '270', 'https://dummyimage.com/182x455');
INSERT INTO STAGES (stage_id, stage_name, stage_description, max_capacity, image) VALUES ('55', 'Seth Fisher', 'End family surface like term on. Author threat matter test high fear approach take.', '809', 'https://dummyimage.com/281x410');
INSERT INTO STAGES (stage_id, stage_name, stage_description, max_capacity, image) VALUES ('56', 'Keith Knox', 'First resource single maintain. Would finish around later decide similar office citizen.', '269', 'https://placekitten.com/180/265');
INSERT INTO STAGES (stage_id, stage_name, stage_description, max_capacity, image) VALUES ('57', 'Jeffrey Patterson', 'Above move room wear throughout series. Course quality phone eat really general can.', '891', 'https://picsum.photos/785/626');
INSERT INTO STAGES (stage_id, stage_name, stage_description, max_capacity, image) VALUES ('58', 'Angel Fry', 'Others full thousand yet garden top grow. Close trade speech affect difference.', '440', 'https://placekitten.com/268/432');
INSERT INTO STAGES (stage_id, stage_name, stage_description, max_capacity, image) VALUES ('59', 'Jonathan Martinez', 'Theory eight movement any yes product.', '613', 'https://placekitten.com/40/98');
INSERT INTO STAGES (stage_id, stage_name, stage_description, max_capacity, image) VALUES ('60', 'Jeremy Martinez', 'Reduce day rate act inside big minute.', '322', 'https://picsum.photos/280/857');
INSERT INTO STAGES (stage_id, stage_name, stage_description, max_capacity, image) VALUES ('61', 'Lisa Campbell', 'Cup current enjoy mission cut region far.', '783', 'https://picsum.photos/80/1016');
INSERT INTO STAGES (stage_id, stage_name, stage_description, max_capacity, image) VALUES ('62', 'Karen Young', 'Trade structure protect chance.', '452', 'https://placekitten.com/184/153');
INSERT INTO STAGES (stage_id, stage_name, stage_description, max_capacity, image) VALUES ('63', 'Summer Newman', 'Enough anyone spend them system. Soon fine school believe serve animal.', '792', 'https://dummyimage.com/283x349');
INSERT INTO STAGES (stage_id, stage_name, stage_description, max_capacity, image) VALUES ('64', 'Jeffrey Howell', 'Spring consumer husband while even history.', '808', 'https://placekitten.com/979/863');
INSERT INTO STAGES (stage_id, stage_name, stage_description, max_capacity, image) VALUES ('65', 'Carol Anderson', 'Billion treat lot notice.', '240', 'https://placekitten.com/897/371');
INSERT INTO STAGES (stage_id, stage_name, stage_description, max_capacity, image) VALUES ('66', 'Ian Johnson', 'Turn both in animal energy fire relate.', '834', 'https://placekitten.com/458/692');
INSERT INTO STAGES (stage_id, stage_name, stage_description, max_capacity, image) VALUES ('67', 'Mercedes Davis', 'Generation put his stuff next write approach.', '283', 'https://dummyimage.com/321x961');
INSERT INTO STAGES (stage_id, stage_name, stage_description, max_capacity, image) VALUES ('68', 'Angela Vasquez', 'Wife anyone development poor idea dog.', '629', 'https://placekitten.com/940/909');
INSERT INTO STAGES (stage_id, stage_name, stage_description, max_capacity, image) VALUES ('69', 'Scott West', 'Seat adult idea along near stay social.', '873', 'https://placekitten.com/623/423');
INSERT INTO STAGES (stage_id, stage_name, stage_description, max_capacity, image) VALUES ('70', 'Tiffany Cox', 'Such forward should outside respond.', '797', 'https://picsum.photos/744/926');
INSERT INTO STAGES (stage_id, stage_name, stage_description, max_capacity, image) VALUES ('71', 'Matthew Smith', 'Natural hear blood to manage. Blood particularly could us hotel lead.', '778', 'https://picsum.photos/390/692');
INSERT INTO STAGES (stage_id, stage_name, stage_description, max_capacity, image) VALUES ('72', 'Amber Schultz', 'Sign late probably what. White above save network.', '735', 'https://placekitten.com/886/989');
INSERT INTO STAGES (stage_id, stage_name, stage_description, max_capacity, image) VALUES ('73', 'Susan Holt', 'Billion price paper focus.', '523', 'https://placekitten.com/787/857');
INSERT INTO STAGES (stage_id, stage_name, stage_description, max_capacity, image) VALUES ('74', 'Pamela Hill', 'Laugh card include record security. Successful natural finish say network.', '467', 'https://picsum.photos/445/411');
INSERT INTO STAGES (stage_id, stage_name, stage_description, max_capacity, image) VALUES ('75', 'Donna Reed', 'Mean reason follow break.', '409', 'https://placekitten.com/721/983');
INSERT INTO STAGES (stage_id, stage_name, stage_description, max_capacity, image) VALUES ('76', 'Mary Butler', 'There institution actually blood herself. Prove customer seek.', '885', 'https://placekitten.com/329/586');
INSERT INTO STAGES (stage_id, stage_name, stage_description, max_capacity, image) VALUES ('77', 'Ryan Vaughn', 'Send allow sport bill test.', '933', 'https://picsum.photos/459/796');
INSERT INTO STAGES (stage_id, stage_name, stage_description, max_capacity, image) VALUES ('78', 'Rebecca Horton', 'Hold what wish fine need actually.', '521', 'https://placekitten.com/514/415');
INSERT INTO STAGES (stage_id, stage_name, stage_description, max_capacity, image) VALUES ('79', 'Shannon Ramos', 'Sense national owner simply who family.', '444', 'https://picsum.photos/363/152');
INSERT INTO STAGES (stage_id, stage_name, stage_description, max_capacity, image) VALUES ('80', 'Nancy Wilson', 'Evidence enough claim suffer accept letter.', '471', 'https://picsum.photos/317/81');
INSERT INTO STAGES (stage_id, stage_name, stage_description, max_capacity, image) VALUES ('81', 'Linda Ayala', 'Successful feeling so nearly authority remain moment whatever. Attention measure indeed Mr begin determine degree.', '605', 'https://dummyimage.com/679x678');
INSERT INTO STAGES (stage_id, stage_name, stage_description, max_capacity, image) VALUES ('82', 'Travis Montgomery', 'Statement wonder across protect knowledge toward party. During always those high someone box either rich.', '334', 'https://placekitten.com/50/767');
INSERT INTO STAGES (stage_id, stage_name, stage_description, max_capacity, image) VALUES ('83', 'Jill Williams', 'Message way cold what Mrs account.', '887', 'https://placekitten.com/134/431');
INSERT INTO STAGES (stage_id, stage_name, stage_description, max_capacity, image) VALUES ('84', 'Christy Jennings', 'Mrs reflect wish simple position.', '860', 'https://picsum.photos/147/314');
INSERT INTO STAGES (stage_id, stage_name, stage_description, max_capacity, image) VALUES ('85', 'Gary Miller', 'Some newspaper offer direction.', '507', 'https://dummyimage.com/529x834');
INSERT INTO STAGES (stage_id, stage_name, stage_description, max_capacity, image) VALUES ('86', 'Jared Stewart', 'Movement political peace series. Animal summer group me face rate paper example.', '668', 'https://dummyimage.com/896x781');
INSERT INTO STAGES (stage_id, stage_name, stage_description, max_capacity, image) VALUES ('87', 'Amanda Moore', 'Section someone support far.', '523', 'https://placekitten.com/295/610');
INSERT INTO STAGES (stage_id, stage_name, stage_description, max_capacity, image) VALUES ('88', 'Traci Camacho', 'Network never but. Of hour natural.', '969', 'https://picsum.photos/174/624');
INSERT INTO STAGES (stage_id, stage_name, stage_description, max_capacity, image) VALUES ('89', 'Stephanie Cooper', 'Central contain pattern education boy provide note. Surface usually yes.', '274', 'https://dummyimage.com/944x149');
INSERT INTO STAGES (stage_id, stage_name, stage_description, max_capacity, image) VALUES ('90', 'Danielle Gonzalez', 'Week ground provide doctor expect attorney cover. Late pattern figure once not hair first.', '209', 'https://picsum.photos/877/345');
INSERT INTO STAGES (stage_id, stage_name, stage_description, max_capacity, image) VALUES ('91', 'Richard Joseph', 'Style care run there leg. Simple main board population bank exactly.', '669', 'https://dummyimage.com/286x402');
INSERT INTO STAGES (stage_id, stage_name, stage_description, max_capacity, image) VALUES ('92', 'Lori Luna', 'Place spend often shoulder defense already end.', '836', 'https://dummyimage.com/966x304');
INSERT INTO STAGES (stage_id, stage_name, stage_description, max_capacity, image) VALUES ('93', 'Steven Lawrence', 'Let member however maybe.', '776', 'https://placekitten.com/489/339');
INSERT INTO STAGES (stage_id, stage_name, stage_description, max_capacity, image) VALUES ('94', 'Christopher Knight', 'Save low grow despite. Discussion enough doctor protect military social hold.', '302', 'https://picsum.photos/931/95');
INSERT INTO STAGES (stage_id, stage_name, stage_description, max_capacity, image) VALUES ('95', 'Mrs. Michele Boyd', 'Official now heavy her onto.', '275', 'https://dummyimage.com/159x515');
INSERT INTO STAGES (stage_id, stage_name, stage_description, max_capacity, image) VALUES ('96', 'Courtney Sullivan', 'Society thought according think key discover method. Deep cost gun response brother.', '750', 'https://dummyimage.com/471x849');
INSERT INTO STAGES (stage_id, stage_name, stage_description, max_capacity, image) VALUES ('97', 'Karen Mendoza', 'Claim street against amount of claim picture always.', '418', 'https://picsum.photos/300/114');
INSERT INTO STAGES (stage_id, stage_name, stage_description, max_capacity, image) VALUES ('98', 'Christopher Mullen', 'Point these road start water describe paper. Test color store over some star consider.', '718', 'https://placekitten.com/541/343');
INSERT INTO STAGES (stage_id, stage_name, stage_description, max_capacity, image) VALUES ('99', 'Tammy Carlson', 'Her car admit mission training.', '471', 'https://placekitten.com/859/306');
INSERT INTO STAGES (stage_id, stage_name, stage_description, max_capacity, image) VALUES ('100', 'John Mendez', 'Me brother lot candidate owner still to.', '335', 'https://dummyimage.com/883x861');
INSERT INTO STAGES (stage_id, stage_name, stage_description, max_capacity, image) VALUES ('101', 'Melissa Patterson', 'Go source traditional student office international. Local discussion teacher exist theory.', '557', 'https://picsum.photos/836/527');
INSERT INTO STAGES (stage_id, stage_name, stage_description, max_capacity, image) VALUES ('102', 'Patrick Smith', 'Mind heart day sound. Gun choice prepare effect talk interest.', '270', 'https://placekitten.com/748/564');
INSERT INTO STAGES (stage_id, stage_name, stage_description, max_capacity, image) VALUES ('103', 'Dalton Arnold', 'Condition next low write officer similar huge. Talk process security land.', '450', 'https://picsum.photos/331/205');
INSERT INTO STAGES (stage_id, stage_name, stage_description, max_capacity, image) VALUES ('104', 'Rachel Owen', 'Claim who accept. Statement likely outside because.', '578', 'https://dummyimage.com/538x454');
INSERT INTO STAGES (stage_id, stage_name, stage_description, max_capacity, image) VALUES ('105', 'Andrew Cruz', 'Prevent expert white arm similar compare manager action. Experience almost outside middle discuss college already.', '491', 'https://picsum.photos/489/0');
INSERT INTO STAGES (stage_id, stage_name, stage_description, max_capacity, image) VALUES ('106', 'Donald Ross', 'Only military say attention bed expect. Trip give white everybody paper create upon.', '361', 'https://picsum.photos/9/534');
INSERT INTO STAGES (stage_id, stage_name, stage_description, max_capacity, image) VALUES ('107', 'Brian Jones', 'Water sort what then spend offer.', '648', 'https://placekitten.com/906/772');
INSERT INTO STAGES (stage_id, stage_name, stage_description, max_capacity, image) VALUES ('108', 'Mr. Gerald Rowe', 'Television loss election him small detail red son. Western might act strategy eat behavior.', '756', 'https://placekitten.com/700/155');
INSERT INTO STAGES (stage_id, stage_name, stage_description, max_capacity, image) VALUES ('109', 'Karen Gomez', 'Consumer second us couple say. Save their deal dark economic.', '920', 'https://picsum.photos/729/319');
INSERT INTO STAGES (stage_id, stage_name, stage_description, max_capacity, image) VALUES ('110', 'Blake Sosa', 'According tax when summer he firm together thing. Than make worker trouble exactly develop office.', '509', 'https://dummyimage.com/110x866');
INSERT INTO STAGES (stage_id, stage_name, stage_description, max_capacity, image) VALUES ('111', 'Amanda Reed', 'With recently least ready activity decision ok.', '826', 'https://placekitten.com/666/740');
INSERT INTO STAGES (stage_id, stage_name, stage_description, max_capacity, image) VALUES ('112', 'Chelsea Baker', 'When gas contain interest industry sell half.', '869', 'https://dummyimage.com/820x572');
INSERT INTO STAGES (stage_id, stage_name, stage_description, max_capacity, image) VALUES ('113', 'Carlos Johnston', 'Result sound new task.', '741', 'https://placekitten.com/401/298');
INSERT INTO STAGES (stage_id, stage_name, stage_description, max_capacity, image) VALUES ('114', 'Robert Thompson', 'Yet support military result. Feel no nothing huge real art sport.', '208', 'https://dummyimage.com/975x197');
INSERT INTO STAGES (stage_id, stage_name, stage_description, max_capacity, image) VALUES ('115', 'Debbie Ward', 'General in go quickly paper. Office power company sister great pull maintain.', '883', 'https://dummyimage.com/915x160');
INSERT INTO STAGES (stage_id, stage_name, stage_description, max_capacity, image) VALUES ('116', 'Julie Frye', 'Instead partner if trade bad gas.', '767', 'https://placekitten.com/642/648');
INSERT INTO STAGES (stage_id, stage_name, stage_description, max_capacity, image) VALUES ('117', 'Derek Newman', 'Sit voice security minute late cold.', '506', 'https://placekitten.com/47/256');
INSERT INTO STAGES (stage_id, stage_name, stage_description, max_capacity, image) VALUES ('118', 'David Manning', 'Cold billion as these nature.', '879', 'https://placekitten.com/53/813');
INSERT INTO STAGES (stage_id, stage_name, stage_description, max_capacity, image) VALUES ('119', 'Angela Baker', 'Pressure those finally easy.', '306', 'https://placekitten.com/581/907');
INSERT INTO STAGES (stage_id, stage_name, stage_description, max_capacity, image) VALUES ('120', 'Joseph Jackson', 'Team foot live window music evening.', '337', 'https://placekitten.com/911/276');
INSERT INTO STAGES (stage_id, stage_name, stage_description, max_capacity, image) VALUES ('121', 'Leslie Bryant', 'Model police finally girl music source. Film include choose action model serve.', '470', 'https://dummyimage.com/279x704');
INSERT INTO STAGES (stage_id, stage_name, stage_description, max_capacity, image) VALUES ('122', 'Adam Weeks', 'Across involve fall discuss account. Country think join economic resource position.', '318', 'https://dummyimage.com/774x451');
INSERT INTO STAGES (stage_id, stage_name, stage_description, max_capacity, image) VALUES ('123', 'Mario Black', 'Expect sea speak include table. Carry book lay laugh.', '309', 'https://dummyimage.com/1007x384');
INSERT INTO STAGES (stage_id, stage_name, stage_description, max_capacity, image) VALUES ('124', 'Anthony Nichols', 'Example by just account.', '960', 'https://picsum.photos/184/308');
INSERT INTO STAGES (stage_id, stage_name, stage_description, max_capacity, image) VALUES ('125', 'Glenn Collins DDS', 'Recent all bag seek certainly entire hotel. Like court success stage stock business should.', '766', 'https://dummyimage.com/509x788');
INSERT INTO STAGES (stage_id, stage_name, stage_description, max_capacity, image) VALUES ('126', 'Zachary Gonzalez', 'Program decade home which view city rock.', '359', 'https://dummyimage.com/250x518');
INSERT INTO STAGES (stage_id, stage_name, stage_description, max_capacity, image) VALUES ('127', 'Christina Clay', 'Door its address some.', '478', 'https://picsum.photos/245/810');
INSERT INTO STAGES (stage_id, stage_name, stage_description, max_capacity, image) VALUES ('128', 'Andrew Logan', 'Choice side eat matter rather full wide service. Art popular red social.', '488', 'https://picsum.photos/257/999');
INSERT INTO STAGES (stage_id, stage_name, stage_description, max_capacity, image) VALUES ('129', 'Justin Newman', 'Run again help right economy always. Next my majority note myself food.', '819', 'https://placekitten.com/959/563');
INSERT INTO STAGES (stage_id, stage_name, stage_description, max_capacity, image) VALUES ('130', 'Kristen Jones', 'Fast enjoy happen a point here control.', '415', 'https://placekitten.com/38/745');
INSERT INTO STAGES (stage_id, stage_name, stage_description, max_capacity, image) VALUES ('131', 'Nathan Barrett', 'Couple raise she child executive important. Book model at strong candidate them.', '934', 'https://dummyimage.com/413x219');
INSERT INTO STAGES (stage_id, stage_name, stage_description, max_capacity, image) VALUES ('132', 'Andres May', 'Moment red eight hand paper audience us. Pretty up story life police.', '551', 'https://dummyimage.com/739x851');
INSERT INTO STAGES (stage_id, stage_name, stage_description, max_capacity, image) VALUES ('133', 'Amy Jensen', 'Same strong back. Whether best rise mother country.', '408', 'https://placekitten.com/509/366');
INSERT INTO STAGES (stage_id, stage_name, stage_description, max_capacity, image) VALUES ('134', 'Jennifer Garcia', 'Purpose reflect interview bit society nearly. Front citizen your kitchen good firm yard.', '903', 'https://dummyimage.com/664x761');
INSERT INTO STAGES (stage_id, stage_name, stage_description, max_capacity, image) VALUES ('135', 'Jessica Swanson', 'None degree she unit effect. Language however risk work other military year.', '849', 'https://dummyimage.com/618x13');
INSERT INTO STAGES (stage_id, stage_name, stage_description, max_capacity, image) VALUES ('136', 'Mrs. Emily Ingram', 'Memory number occur behind leave choose enter.', '470', 'https://dummyimage.com/511x477');
INSERT INTO STAGES (stage_id, stage_name, stage_description, max_capacity, image) VALUES ('137', 'Anna Ross', 'Rich society common stay.', '717', 'https://picsum.photos/195/615');
INSERT INTO STAGES (stage_id, stage_name, stage_description, max_capacity, image) VALUES ('138', 'Laura Miller', 'Girl stage indicate test thank dinner.', '700', 'https://picsum.photos/23/783');
INSERT INTO STAGES (stage_id, stage_name, stage_description, max_capacity, image) VALUES ('139', 'Andrew Fernandez', 'Maybe determine anything rule hotel knowledge.', '457', 'https://dummyimage.com/184x454');
INSERT INTO STAGES (stage_id, stage_name, stage_description, max_capacity, image) VALUES ('140', 'James Anderson', 'Number any human be maybe similar candidate.', '252', 'https://placekitten.com/276/984');
INSERT INTO STAGES (stage_id, stage_name, stage_description, max_capacity, image) VALUES ('141', 'James Duncan', 'Young modern drug entire involve range office both. Interest give fly order agency fight.', '294', 'https://placekitten.com/716/905');
INSERT INTO STAGES (stage_id, stage_name, stage_description, max_capacity, image) VALUES ('142', 'Andrew Meyers', 'Choose rock beat science drug per.', '849', 'https://picsum.photos/302/589');
INSERT INTO STAGES (stage_id, stage_name, stage_description, max_capacity, image) VALUES ('143', 'Robert Torres', 'Forward science deep. Model else low role center recognize adult.', '633', 'https://picsum.photos/89/523');
INSERT INTO STAGES (stage_id, stage_name, stage_description, max_capacity, image) VALUES ('144', 'Curtis Horton', 'Let war at.', '483', 'https://picsum.photos/555/737');
INSERT INTO STAGES (stage_id, stage_name, stage_description, max_capacity, image) VALUES ('145', 'Sean Banks', 'Meet report tough machine others because.', '245', 'https://placekitten.com/407/937');
INSERT INTO STAGES (stage_id, stage_name, stage_description, max_capacity, image) VALUES ('146', 'Alison Wright', 'Four hotel church get goal. Few you without every artist election hit yourself.', '203', 'https://picsum.photos/60/573');
INSERT INTO STAGES (stage_id, stage_name, stage_description, max_capacity, image) VALUES ('147', 'Steven Sandoval', 'Minute question their rather individual of.', '541', 'https://placekitten.com/873/639');
INSERT INTO STAGES (stage_id, stage_name, stage_description, max_capacity, image) VALUES ('148', 'Joshua Clark', 'Must son television finally relate model career yet.', '989', 'https://dummyimage.com/297x323');
INSERT INTO STAGES (stage_id, stage_name, stage_description, max_capacity, image) VALUES ('149', 'Joseph Ball', 'Style certainly ahead five win which.', '333', 'https://placekitten.com/621/907');
INSERT INTO STAGES (stage_id, stage_name, stage_description, max_capacity, image) VALUES ('150', 'Stephanie Mahoney', 'Single blood continue several.', '852', 'https://placekitten.com/546/472');
INSERT INTO TECHNICAL_SUPPLY (technical_supply_id, technical_supply_description, image) VALUES ('1', 'Reach grow read live maybe.', 'https://picsum.photos/960/765');
INSERT INTO TECHNICAL_SUPPLY (technical_supply_id, technical_supply_description, image) VALUES ('2', 'Listen clearly difficult impact why understand wear. Score write serious at until.', 'https://placekitten.com/899/1003');
INSERT INTO TECHNICAL_SUPPLY (technical_supply_id, technical_supply_description, image) VALUES ('3', 'Thought into simply part station result hour. Order modern then skin minute later still.', 'https://placekitten.com/86/503');
INSERT INTO TECHNICAL_SUPPLY (technical_supply_id, technical_supply_description, image) VALUES ('4', 'Worker always hold share while couple. Huge fight still leave institution party.', 'https://dummyimage.com/111x291');
INSERT INTO TECHNICAL_SUPPLY (technical_supply_id, technical_supply_description, image) VALUES ('5', 'Reveal both single visit. Career including late condition opportunity Republican dark.', 'https://dummyimage.com/931x184');
INSERT INTO TECHNICAL_SUPPLY (technical_supply_id, technical_supply_description, image) VALUES ('6', 'Responsibility but box last. Be religious risk window partner civil.', 'https://picsum.photos/779/89');
INSERT INTO TECHNICAL_SUPPLY (technical_supply_id, technical_supply_description, image) VALUES ('7', 'The television class certain shoulder anything final. Eye Congress together whether about she activity.', 'https://placekitten.com/1019/1021');
INSERT INTO TECHNICAL_SUPPLY (technical_supply_id, technical_supply_description, image) VALUES ('8', 'Third down open little improve bag outside each.', 'https://picsum.photos/569/425');
INSERT INTO TECHNICAL_SUPPLY (technical_supply_id, technical_supply_description, image) VALUES ('9', 'Area give certainly allow.', 'https://picsum.photos/611/678');
INSERT INTO TECHNICAL_SUPPLY (technical_supply_id, technical_supply_description, image) VALUES ('10', 'Indicate condition public particularly.', 'https://placekitten.com/363/932');
INSERT INTO TECHNICAL_SUPPLY (technical_supply_id, technical_supply_description, image) VALUES ('11', 'Use behavior federal happy her attack. Successful assume likely business teacher forget.', 'https://placekitten.com/847/429');
INSERT INTO TECHNICAL_SUPPLY (technical_supply_id, technical_supply_description, image) VALUES ('12', 'Around number without more because right painting small.', 'https://placekitten.com/588/874');
INSERT INTO TECHNICAL_SUPPLY (technical_supply_id, technical_supply_description, image) VALUES ('13', 'Moment yet government can none. Role marriage space this discussion fact cover.', 'https://dummyimage.com/242x49');
INSERT INTO TECHNICAL_SUPPLY (technical_supply_id, technical_supply_description, image) VALUES ('14', 'Scene debate past increase. Free night point.', 'https://placekitten.com/23/412');
INSERT INTO TECHNICAL_SUPPLY (technical_supply_id, technical_supply_description, image) VALUES ('15', 'So film media food accept.', 'https://dummyimage.com/682x699');
INSERT INTO TECHNICAL_SUPPLY (technical_supply_id, technical_supply_description, image) VALUES ('16', 'Whether story create street two look listen along. Loss physical throughout Mr.', 'https://dummyimage.com/686x947');
INSERT INTO TECHNICAL_SUPPLY (technical_supply_id, technical_supply_description, image) VALUES ('17', 'Federal right firm movie decade rate son.', 'https://picsum.photos/724/135');
INSERT INTO TECHNICAL_SUPPLY (technical_supply_id, technical_supply_description, image) VALUES ('18', 'Fund heart move.', 'https://picsum.photos/339/797');
INSERT INTO TECHNICAL_SUPPLY (technical_supply_id, technical_supply_description, image) VALUES ('19', 'Ten seem relate fire. Even beautiful theory.', 'https://dummyimage.com/761x925');
INSERT INTO TECHNICAL_SUPPLY (technical_supply_id, technical_supply_description, image) VALUES ('20', 'Few born size sing tree kitchen agent.', 'https://picsum.photos/988/1024');
INSERT INTO TECHNICAL_SUPPLY (technical_supply_id, technical_supply_description, image) VALUES ('21', 'Type run model simply century the.', 'https://placekitten.com/271/420');
INSERT INTO TECHNICAL_SUPPLY (technical_supply_id, technical_supply_description, image) VALUES ('22', 'Hold ten break financial analysis summer the.', 'https://picsum.photos/682/956');
INSERT INTO TECHNICAL_SUPPLY (technical_supply_id, technical_supply_description, image) VALUES ('23', 'She seat against serve police decide customer.', 'https://placekitten.com/586/566');
INSERT INTO TECHNICAL_SUPPLY (technical_supply_id, technical_supply_description, image) VALUES ('24', 'Provide evening church boy when nice. Deal go five center.', 'https://picsum.photos/580/501');
INSERT INTO TECHNICAL_SUPPLY (technical_supply_id, technical_supply_description, image) VALUES ('25', 'Party full kitchen candidate likely.', 'https://dummyimage.com/103x216');
INSERT INTO TECHNICAL_SUPPLY (technical_supply_id, technical_supply_description, image) VALUES ('26', 'Interview condition other or.', 'https://dummyimage.com/913x728');
INSERT INTO TECHNICAL_SUPPLY (technical_supply_id, technical_supply_description, image) VALUES ('27', 'Require provide move wind sense. Nothing behavior sort recognize best financial popular.', 'https://picsum.photos/953/963');
INSERT INTO TECHNICAL_SUPPLY (technical_supply_id, technical_supply_description, image) VALUES ('28', 'Technology pay tree hot.', 'https://dummyimage.com/676x665');
INSERT INTO TECHNICAL_SUPPLY (technical_supply_id, technical_supply_description, image) VALUES ('29', 'Assume both long. Executive give offer meet.', 'https://dummyimage.com/830x219');
INSERT INTO TECHNICAL_SUPPLY (technical_supply_id, technical_supply_description, image) VALUES ('30', 'Society mouth husband including. During city lot at decade really issue woman.', 'https://picsum.photos/700/483');
INSERT INTO TECHNICAL_SUPPLY (technical_supply_id, technical_supply_description, image) VALUES ('31', 'Student boy other foot best knowledge final.', 'https://placekitten.com/831/142');
INSERT INTO TECHNICAL_SUPPLY (technical_supply_id, technical_supply_description, image) VALUES ('32', 'Side her management produce bed stage thought tough.', 'https://placekitten.com/0/300');
INSERT INTO TECHNICAL_SUPPLY (technical_supply_id, technical_supply_description, image) VALUES ('33', 'Most hope official crime race first now.', 'https://placekitten.com/623/890');
INSERT INTO TECHNICAL_SUPPLY (technical_supply_id, technical_supply_description, image) VALUES ('34', 'Old particularly member summer. Artist too whose a nice.', 'https://dummyimage.com/735x224');
INSERT INTO TECHNICAL_SUPPLY (technical_supply_id, technical_supply_description, image) VALUES ('35', 'It opportunity personal Republican image.', 'https://placekitten.com/891/432');
INSERT INTO TECHNICAL_SUPPLY (technical_supply_id, technical_supply_description, image) VALUES ('36', 'Cause new successful growth individual eye their.', 'https://picsum.photos/257/275');
INSERT INTO TECHNICAL_SUPPLY (technical_supply_id, technical_supply_description, image) VALUES ('37', 'Century those price.', 'https://picsum.photos/278/173');
INSERT INTO TECHNICAL_SUPPLY (technical_supply_id, technical_supply_description, image) VALUES ('38', 'Throw receive us perhaps lawyer interest star. Green control painting official suggest door.', 'https://placekitten.com/551/841');
INSERT INTO TECHNICAL_SUPPLY (technical_supply_id, technical_supply_description, image) VALUES ('39', 'Almost also low happy oil which. Center rule worker worker.', 'https://placekitten.com/572/952');
INSERT INTO TECHNICAL_SUPPLY (technical_supply_id, technical_supply_description, image) VALUES ('40', 'Three because line score whether back plant.', 'https://dummyimage.com/639x108');
INSERT INTO TECHNICAL_SUPPLY (technical_supply_id, technical_supply_description, image) VALUES ('41', 'Light mention light. Inside whether sometimes eye along type.', 'https://picsum.photos/622/533');
INSERT INTO TECHNICAL_SUPPLY (technical_supply_id, technical_supply_description, image) VALUES ('42', 'Official of prevent factor say agree machine. Measure surface everyone car.', 'https://dummyimage.com/575x563');
INSERT INTO TECHNICAL_SUPPLY (technical_supply_id, technical_supply_description, image) VALUES ('43', 'Page travel school process.', 'https://dummyimage.com/757x359');
INSERT INTO TECHNICAL_SUPPLY (technical_supply_id, technical_supply_description, image) VALUES ('44', 'Congress month almost worker whose other start.', 'https://dummyimage.com/1015x845');
INSERT INTO TECHNICAL_SUPPLY (technical_supply_id, technical_supply_description, image) VALUES ('45', 'Rise cold official success approach enough.', 'https://picsum.photos/237/107');
INSERT INTO TECHNICAL_SUPPLY (technical_supply_id, technical_supply_description, image) VALUES ('46', 'Live live way two do raise. Listen certain that activity until large.', 'https://picsum.photos/646/84');
INSERT INTO TECHNICAL_SUPPLY (technical_supply_id, technical_supply_description, image) VALUES ('47', 'What it truth teach friend environment. Effort once leave push.', 'https://placekitten.com/495/399');
INSERT INTO TECHNICAL_SUPPLY (technical_supply_id, technical_supply_description, image) VALUES ('48', 'Finish action across attack. Best billion land detail exist cover.', 'https://picsum.photos/48/188');
INSERT INTO TECHNICAL_SUPPLY (technical_supply_id, technical_supply_description, image) VALUES ('49', 'Wear point remain build task. Heavy shake possible sort.', 'https://placekitten.com/378/227');
INSERT INTO TECHNICAL_SUPPLY (technical_supply_id, technical_supply_description, image) VALUES ('50', 'Far produce away law yet.', 'https://dummyimage.com/874x662');
INSERT INTO MUSIC_TYPES (music_type_id, music_type) VALUES ('1', 'Rock');
INSERT INTO MUSIC_TYPES (music_type_id, music_type) VALUES ('2', 'Pop');
INSERT INTO MUSIC_TYPES (music_type_id, music_type) VALUES ('3', 'Hip Hop');
INSERT INTO MUSIC_TYPES (music_type_id, music_type) VALUES ('4', 'Jazz');
INSERT INTO MUSIC_TYPES (music_type_id, music_type) VALUES ('5', 'Classical');
INSERT INTO MUSIC_TYPES (music_type_id, music_type) VALUES ('6', 'Electronic');
INSERT INTO MUSIC_TYPES (music_type_id, music_type) VALUES ('7', 'Country');
INSERT INTO MUSIC_TYPES (music_type_id, music_type) VALUES ('8', 'Reggae');
INSERT INTO MUSIC_TYPES (music_type_id, music_type) VALUES ('9', 'Blues');
INSERT INTO MUSIC_TYPES (music_type_id, music_type) VALUES ('10', 'Metal');
INSERT INTO MUSIC_SUBTYPES (music_subtype) VALUES ('Alternative Rock');
INSERT INTO MUSIC_SUBTYPES (music_subtype) VALUES ('Hard Rock');
INSERT INTO MUSIC_SUBTYPES (music_subtype) VALUES ('Punk Rock');
INSERT INTO MUSIC_SUBTYPES (music_subtype) VALUES ('Indie Rock');
INSERT INTO MUSIC_SUBTYPES (music_subtype) VALUES ('Synth Pop');
INSERT INTO MUSIC_SUBTYPES (music_subtype) VALUES ('Dance Pop');
INSERT INTO MUSIC_SUBTYPES (music_subtype) VALUES ('Electropop');
INSERT INTO MUSIC_SUBTYPES (music_subtype) VALUES ('Teen Pop');
INSERT INTO MUSIC_SUBTYPES (music_subtype) VALUES ('Trap');
INSERT INTO MUSIC_SUBTYPES (music_subtype) VALUES ('Boom Bap');
INSERT INTO MUSIC_SUBTYPES (music_subtype) VALUES ('Gangsta Rap');
INSERT INTO MUSIC_SUBTYPES (music_subtype) VALUES ('Conscious Hip Hop');
INSERT INTO MUSIC_SUBTYPES (music_subtype) VALUES ('Bebop');
INSERT INTO MUSIC_SUBTYPES (music_subtype) VALUES ('Smooth Jazz');
INSERT INTO MUSIC_SUBTYPES (music_subtype) VALUES ('Swing');
INSERT INTO MUSIC_SUBTYPES (music_subtype) VALUES ('Free Jazz');
INSERT INTO MUSIC_SUBTYPES (music_subtype) VALUES ('Baroque');
INSERT INTO MUSIC_SUBTYPES (music_subtype) VALUES ('Romantic');
INSERT INTO MUSIC_SUBTYPES (music_subtype) VALUES ('Modern Classical');
INSERT INTO MUSIC_SUBTYPES (music_subtype) VALUES ('Minimalism');
INSERT INTO MUSIC_SUBTYPES (music_subtype) VALUES ('House');
INSERT INTO MUSIC_SUBTYPES (music_subtype) VALUES ('Techno');
INSERT INTO MUSIC_SUBTYPES (music_subtype) VALUES ('Trance');
INSERT INTO MUSIC_SUBTYPES (music_subtype) VALUES ('Drum and Bass');
INSERT INTO MUSIC_SUBTYPES (music_subtype) VALUES ('Bluegrass');
INSERT INTO MUSIC_SUBTYPES (music_subtype) VALUES ('Country Pop');
INSERT INTO MUSIC_SUBTYPES (music_subtype) VALUES ('Outlaw Country');
INSERT INTO MUSIC_SUBTYPES (music_subtype) VALUES ('Americana');
INSERT INTO MUSIC_SUBTYPES (music_subtype) VALUES ('Roots Reggae');
INSERT INTO MUSIC_SUBTYPES (music_subtype) VALUES ('Dub');
INSERT INTO MUSIC_SUBTYPES (music_subtype) VALUES ('Dancehall');
INSERT INTO MUSIC_SUBTYPES (music_subtype) VALUES ('Lovers Rock');
INSERT INTO MUSIC_SUBTYPES (music_subtype) VALUES ('Delta Blues');
INSERT INTO MUSIC_SUBTYPES (music_subtype) VALUES ('Chicago Blues');
INSERT INTO MUSIC_SUBTYPES (music_subtype) VALUES ('Electric Blues');
INSERT INTO MUSIC_SUBTYPES (music_subtype) VALUES ('Piedmont Blues');
INSERT INTO MUSIC_SUBTYPES (music_subtype) VALUES ('Death Metal');
INSERT INTO MUSIC_SUBTYPES (music_subtype) VALUES ('Black Metal');
INSERT INTO MUSIC_SUBTYPES (music_subtype) VALUES ('Power Metal');
INSERT INTO MUSIC_SUBTYPES (music_subtype) VALUES ('Thrash Metal');
INSERT INTO ARTISTS (artist_id, first_name, last_name, nickname, birthday, music_type_id, music_subtype_id, website, instagram, image) VALUES ('1', 'Fernando', 'Jones', 'reyesmarvin', '1933-07-13', '5', '11', 'https://alexander.com/', '@fwhite', 'https://placekitten.com/222/294');
INSERT INTO ARTISTS (artist_id, first_name, last_name, nickname, birthday, music_type_id, music_subtype_id, website, instagram, image) VALUES ('2', 'Kayla', 'Robinson', 'gainesjennifer', '1939-06-01', '8', '36', 'http://www.duncan.info/', '@mosleyeduardo', 'https://placekitten.com/1/77');
INSERT INTO ARTISTS (artist_id, first_name, last_name, nickname, birthday, music_type_id, music_subtype_id, website, instagram, image) VALUES ('3', 'Peter', 'Hernandez', 'rebecca90', '1995-07-02', '7', '36', 'https://powell-luna.com/', '@aaronfinley', 'https://placekitten.com/987/248');
INSERT INTO ARTISTS (artist_id, first_name, last_name, nickname, birthday, music_type_id, music_subtype_id, website, instagram, image) VALUES ('4', 'Amanda', 'Frey', 'evelyn60', '1937-09-12', '1', '8', 'https://randall.com/', '@angelaponce', 'https://placekitten.com/391/612');
INSERT INTO ARTISTS (artist_id, first_name, last_name, nickname, birthday, music_type_id, music_subtype_id, website, instagram, image) VALUES ('5', 'Peter', 'Rodriguez', 'tom73', '1944-05-27', '2', '10', 'http://www.cortez.com/', '@yprice', 'https://placekitten.com/630/1023');
INSERT INTO ARTISTS (artist_id, first_name, last_name, nickname, birthday, music_type_id, music_subtype_id, website, instagram, image) VALUES ('6', 'Tammie', 'Cain', 'johnsonbrian', '1931-03-09', '9', '3', 'https://www.roman.net/', '@ibentley', 'https://picsum.photos/305/477');
INSERT INTO ARTISTS (artist_id, first_name, last_name, nickname, birthday, music_type_id, music_subtype_id, website, instagram, image) VALUES ('7', 'Benjamin', 'Thomas', 'ruizsamantha', '1931-08-04', '6', '38', 'http://www.jackson.com/', '@bryantgeorge', 'https://picsum.photos/130/217');
INSERT INTO ARTISTS (artist_id, first_name, last_name, nickname, birthday, music_type_id, music_subtype_id, website, instagram, image) VALUES ('8', 'Tyler', 'Lloyd', 'bryanharris', '1971-04-09', '9', '10', 'https://daugherty.net/', '@marcoconnell', 'https://placekitten.com/436/93');
INSERT INTO ARTISTS (artist_id, first_name, last_name, nickname, birthday, music_type_id, music_subtype_id, website, instagram, image) VALUES ('9', 'Glenn', 'Brown', 'donald62', '1975-09-15', '7', '9', 'http://frost.com/', '@moodycrystal', 'https://picsum.photos/770/323');
INSERT INTO ARTISTS (artist_id, first_name, last_name, nickname, birthday, music_type_id, music_subtype_id, website, instagram, image) VALUES ('10', 'Nichole', 'Miller', 'whitechristopher', '2006-03-01', '1', '20', 'https://aguirre.com/', '@daniellemills', 'https://picsum.photos/843/489');
INSERT INTO ARTISTS (artist_id, first_name, last_name, nickname, birthday, music_type_id, music_subtype_id, website, instagram, image) VALUES ('11', 'Cheryl', 'Johnson', 'jennifersalazar', '1937-05-03', '6', '3', 'https://smith-young.com/', '@montgomerymichelle', 'https://placekitten.com/449/950');
INSERT INTO ARTISTS (artist_id, first_name, last_name, nickname, birthday, music_type_id, music_subtype_id, website, instagram, image) VALUES ('12', 'Donna', 'Hill', 'danielhernandez', '1989-12-04', '6', '14', 'https://www.santiago.com/', '@justin64', 'https://picsum.photos/684/928');
INSERT INTO ARTISTS (artist_id, first_name, last_name, nickname, birthday, music_type_id, music_subtype_id, website, instagram, image) VALUES ('13', 'Dan', 'Williams', 'ericjohnson', '1995-06-09', '4', '7', 'http://www.griffith.org/', '@robert53', 'https://picsum.photos/225/667');
INSERT INTO ARTISTS (artist_id, first_name, last_name, nickname, birthday, music_type_id, music_subtype_id, website, instagram, image) VALUES ('14', 'Corey', 'Rojas', 'nicholaswalker', '1989-06-17', '6', '36', 'https://www.thomas-reilly.info/', '@paultaylor', 'https://dummyimage.com/397x734');
INSERT INTO ARTISTS (artist_id, first_name, last_name, nickname, birthday, music_type_id, music_subtype_id, website, instagram, image) VALUES ('15', 'James', 'Martinez', 'ramirezdaniel', '1988-09-18', '7', '40', 'https://wolf.com/', '@kristinelittle', 'https://picsum.photos/348/470');
INSERT INTO ARTISTS (artist_id, first_name, last_name, nickname, birthday, music_type_id, music_subtype_id, website, instagram, image) VALUES ('16', 'Robert', 'Boyd', 'brittanyhood', '1963-05-09', '3', '16', 'http://salas.com/', '@robinvillanueva', 'https://picsum.photos/855/90');
INSERT INTO ARTISTS (artist_id, first_name, last_name, nickname, birthday, music_type_id, music_subtype_id, website, instagram, image) VALUES ('17', 'Vickie', 'Quinn', 'simmonsphillip', '1938-09-11', '3', '12', 'https://miller.biz/', '@davidphillips', 'https://dummyimage.com/185x32');
INSERT INTO ARTISTS (artist_id, first_name, last_name, nickname, birthday, music_type_id, music_subtype_id, website, instagram, image) VALUES ('18', 'Elizabeth', 'Martin', 'vhodge', '2004-10-16', '7', '2', 'http://ingram-sawyer.biz/', '@kristywood', 'https://placekitten.com/950/2');
INSERT INTO ARTISTS (artist_id, first_name, last_name, nickname, birthday, music_type_id, music_subtype_id, website, instagram, image) VALUES ('19', 'Chad', 'Barry', 'alyssa46', '1962-01-28', '3', '22', 'http://www.gilmore.com/', '@rodriguezmichael', 'https://dummyimage.com/83x748');
INSERT INTO ARTISTS (artist_id, first_name, last_name, nickname, birthday, music_type_id, music_subtype_id, website, instagram, image) VALUES ('20', 'Gregory', 'Hansen', 'castrokim', '1944-03-12', '7', '16', 'https://www.wilson.org/', '@karenhodges', 'https://dummyimage.com/656x722');
INSERT INTO ARTISTS (artist_id, first_name, last_name, nickname, birthday, music_type_id, music_subtype_id, website, instagram, image) VALUES ('21', 'Wesley', 'Henderson', 'brownmichael', '1991-07-14', '5', '11', 'http://patel.info/', '@lauren13', 'https://picsum.photos/937/178');
INSERT INTO ARTISTS (artist_id, first_name, last_name, nickname, birthday, music_type_id, music_subtype_id, website, instagram, image) VALUES ('22', 'Peter', 'White', 'rodriguezjoshua', '1945-06-29', '2', '25', 'https://www.meyer.com/', '@robert82', 'https://dummyimage.com/970x710');
INSERT INTO ARTISTS (artist_id, first_name, last_name, nickname, birthday, music_type_id, music_subtype_id, website, instagram, image) VALUES ('23', 'Scott', 'Newman', 'jaime03', '1996-01-29', '1', '31', 'https://cooper.org/', '@kellis', 'https://picsum.photos/270/627');
INSERT INTO ARTISTS (artist_id, first_name, last_name, nickname, birthday, music_type_id, music_subtype_id, website, instagram, image) VALUES ('24', 'Kristina', 'Perez', 'tara02', '1973-06-01', '4', '13', 'https://montgomery.net/', '@ian22', 'https://picsum.photos/330/487');
INSERT INTO ARTISTS (artist_id, first_name, last_name, nickname, birthday, music_type_id, music_subtype_id, website, instagram, image) VALUES ('25', 'Blake', 'Stewart', 'scottwood', '1953-04-12', '8', '23', 'http://hernandez-west.com/', '@david06', 'https://dummyimage.com/1022x297');
INSERT INTO ARTISTS (artist_id, first_name, last_name, nickname, birthday, music_type_id, music_subtype_id, website, instagram, image) VALUES ('26', 'Sarah', 'Moore', 'deborah47', '1964-10-20', '5', '15', 'http://norris-dennis.com/', '@ericawilson', 'https://placekitten.com/50/822');
INSERT INTO ARTISTS (artist_id, first_name, last_name, nickname, birthday, music_type_id, music_subtype_id, website, instagram, image) VALUES ('27', 'Mary', 'Griffin', 'nguyencathy', '1951-12-01', '4', '2', 'http://johnson.info/', '@daughertypreston', 'https://placekitten.com/1004/650');
INSERT INTO ARTISTS (artist_id, first_name, last_name, nickname, birthday, music_type_id, music_subtype_id, website, instagram, image) VALUES ('28', 'Cassie', 'Harding', 'raymond65', '1977-11-27', '4', '26', 'https://www.cooper-parker.info/', '@lewispamela', 'https://dummyimage.com/851x906');
INSERT INTO ARTISTS (artist_id, first_name, last_name, nickname, birthday, music_type_id, music_subtype_id, website, instagram, image) VALUES ('29', 'Frank', 'Luna', 'achandler', '1944-05-08', '6', '18', 'http://www.turner.com/', '@fitzpatrickbrittany', 'https://picsum.photos/769/181');
INSERT INTO ARTISTS (artist_id, first_name, last_name, nickname, birthday, music_type_id, music_subtype_id, website, instagram, image) VALUES ('30', 'Robert', 'Rocha', 'dthompson', '2002-08-26', '2', '18', 'http://www.collier.net/', '@twilliams', 'https://placekitten.com/622/1011');
INSERT INTO ARTISTS (artist_id, first_name, last_name, nickname, birthday, music_type_id, music_subtype_id, website, instagram, image) VALUES ('31', 'Jodi', 'Walker', 'moorekevin', '1989-09-02', '6', '33', 'http://white-knox.com/', '@wilsonjoshua', 'https://placekitten.com/136/740');
INSERT INTO ARTISTS (artist_id, first_name, last_name, nickname, birthday, music_type_id, music_subtype_id, website, instagram, image) VALUES ('32', 'Timothy', 'Graham', 'courtney71', '1976-02-24', '7', '35', 'http://perkins.com/', '@ijohns', 'https://picsum.photos/731/334');
INSERT INTO ARTISTS (artist_id, first_name, last_name, nickname, birthday, music_type_id, music_subtype_id, website, instagram, image) VALUES ('33', 'Joseph', 'Barnes', 'brandon48', '1935-10-25', '6', '2', 'http://www.george.net/', '@monique44', 'https://placekitten.com/742/196');
INSERT INTO ARTISTS (artist_id, first_name, last_name, nickname, birthday, music_type_id, music_subtype_id, website, instagram, image) VALUES ('34', 'Betty', 'Morrow', 'taylorjuan', '1991-05-09', '2', '17', 'https://garcia.net/', '@mariepope', 'https://dummyimage.com/233x854');
INSERT INTO ARTISTS (artist_id, first_name, last_name, nickname, birthday, music_type_id, music_subtype_id, website, instagram, image) VALUES ('35', 'Sabrina', 'Wilson', 'sandramendoza', '1967-10-06', '3', '38', 'https://www.preston-harper.com/', '@jenniferjohnson', 'https://picsum.photos/242/455');
INSERT INTO ARTISTS (artist_id, first_name, last_name, nickname, birthday, music_type_id, music_subtype_id, website, instagram, image) VALUES ('36', 'Melissa', 'Thomas', 'kyleclark', '1936-01-21', '5', '3', 'https://www.smith.biz/', '@gonzalezantonio', 'https://picsum.photos/121/960');
INSERT INTO ARTISTS (artist_id, first_name, last_name, nickname, birthday, music_type_id, music_subtype_id, website, instagram, image) VALUES ('37', 'Rebekah', 'Williams', 'elizabeth11', '2007-04-06', '2', '39', 'http://www.lambert.com/', '@meghanmcmahon', 'https://picsum.photos/712/721');
INSERT INTO ARTISTS (artist_id, first_name, last_name, nickname, birthday, music_type_id, music_subtype_id, website, instagram, image) VALUES ('38', 'Melissa', 'Norman', 'williamjones', '2004-01-16', '7', '23', 'http://www.lee.net/', '@beltrancorey', 'https://dummyimage.com/438x972');
INSERT INTO ARTISTS (artist_id, first_name, last_name, nickname, birthday, music_type_id, music_subtype_id, website, instagram, image) VALUES ('39', 'Helen', 'Lopez', 'whitemichael', '1977-01-08', '6', '28', 'https://www.perez.com/', '@irodriguez', 'https://placekitten.com/1015/739');
INSERT INTO ARTISTS (artist_id, first_name, last_name, nickname, birthday, music_type_id, music_subtype_id, website, instagram, image) VALUES ('40', 'Keith', 'Bowen', 'murphydarrell', '1963-12-16', '10', '33', 'https://cherry.com/', '@elopez', 'https://picsum.photos/974/752');
INSERT INTO ARTISTS (artist_id, first_name, last_name, nickname, birthday, music_type_id, music_subtype_id, website, instagram, image) VALUES ('41', 'Alexander', 'Craig', 'sandersalexandra', '1936-12-04', '2', '25', 'http://www.morales-garza.com/', '@calvinhester', 'https://placekitten.com/693/410');
INSERT INTO ARTISTS (artist_id, first_name, last_name, nickname, birthday, music_type_id, music_subtype_id, website, instagram, image) VALUES ('42', 'Megan', 'Powell', 'maryhardy', '1963-04-07', '10', '13', 'https://alvarez-morrison.biz/', '@jdixon', 'https://picsum.photos/931/221');
INSERT INTO ARTISTS (artist_id, first_name, last_name, nickname, birthday, music_type_id, music_subtype_id, website, instagram, image) VALUES ('43', 'John', 'Crawford', 'anthonyrojas', '1934-08-23', '5', '3', 'https://www.reyes.com/', '@kevinhanson', 'https://dummyimage.com/156x1008');
INSERT INTO ARTISTS (artist_id, first_name, last_name, nickname, birthday, music_type_id, music_subtype_id, website, instagram, image) VALUES ('44', 'James', 'Bates', 'iwagner', '1972-02-15', '7', '1', 'http://www.beard-wilson.info/', '@melissa77', 'https://picsum.photos/73/67');
INSERT INTO ARTISTS (artist_id, first_name, last_name, nickname, birthday, music_type_id, music_subtype_id, website, instagram, image) VALUES ('45', 'Angela', 'Dalton', 'nicole27', '1983-12-22', '9', '35', 'http://price.info/', '@kalvarez', 'https://dummyimage.com/114x801');
INSERT INTO ARTISTS (artist_id, first_name, last_name, nickname, birthday, music_type_id, music_subtype_id, website, instagram, image) VALUES ('46', 'Troy', 'Arellano', 'katie45', '1933-09-19', '4', '24', 'http://www.hood.org/', '@hubbardcolleen', 'https://dummyimage.com/779x199');
INSERT INTO ARTISTS (artist_id, first_name, last_name, nickname, birthday, music_type_id, music_subtype_id, website, instagram, image) VALUES ('47', 'Michael', 'Howard', 'brian33', '1957-04-16', '7', '5', 'https://www.jones.com/', '@benjamin69', 'https://picsum.photos/862/546');
INSERT INTO ARTISTS (artist_id, first_name, last_name, nickname, birthday, music_type_id, music_subtype_id, website, instagram, image) VALUES ('48', 'Heather', 'Chapman', 'nicholas65', '2003-04-13', '6', '40', 'http://vazquez.com/', '@wshaw', 'https://placekitten.com/695/341');
INSERT INTO ARTISTS (artist_id, first_name, last_name, nickname, birthday, music_type_id, music_subtype_id, website, instagram, image) VALUES ('49', 'Kevin', 'Montes', 'tylerboone', '1935-08-11', '6', '8', 'http://williams-davies.biz/', '@claudiarubio', 'https://dummyimage.com/194x689');
INSERT INTO ARTISTS (artist_id, first_name, last_name, nickname, birthday, music_type_id, music_subtype_id, website, instagram, image) VALUES ('50', 'Carlos', 'Solis', 'wsimmons', '1935-10-16', '5', '33', 'https://alvarado-edwards.biz/', '@gking', 'https://picsum.photos/928/369');
INSERT INTO ARTISTS (artist_id, first_name, last_name, nickname, birthday, music_type_id, music_subtype_id, website, instagram, image) VALUES ('51', 'Courtney', 'Black', 'barbaralewis', '1988-12-15', '5', '27', 'https://barber.info/', '@johnfrancis', 'https://dummyimage.com/614x891');
INSERT INTO ARTISTS (artist_id, first_name, last_name, nickname, birthday, music_type_id, music_subtype_id, website, instagram, image) VALUES ('52', 'Lucas', 'Greer', 'waltersmeghan', '1961-09-08', '6', '26', 'https://www.mcdaniel-young.com/', '@hernandezanthony', 'https://dummyimage.com/635x950');
INSERT INTO ARTISTS (artist_id, first_name, last_name, nickname, birthday, music_type_id, music_subtype_id, website, instagram, image) VALUES ('53', 'Anita', 'Graham', 'harrisjoseph', '1929-04-28', '5', '36', 'https://pierce.info/', '@brownpeggy', 'https://picsum.photos/642/610');
INSERT INTO ARTISTS (artist_id, first_name, last_name, nickname, birthday, music_type_id, music_subtype_id, website, instagram, image) VALUES ('54', 'Rachel', 'Russell', 'emily16', '1944-06-27', '3', '13', 'http://www.navarro.org/', '@tyler13', 'https://dummyimage.com/250x641');
INSERT INTO ARTISTS (artist_id, first_name, last_name, nickname, birthday, music_type_id, music_subtype_id, website, instagram, image) VALUES ('55', 'Marisa', 'Mclaughlin', 'selenarobinson', '1939-11-23', '7', '25', 'http://www.gonzales-king.org/', '@henrynicholas', 'https://placekitten.com/231/648');
INSERT INTO ARTISTS (artist_id, first_name, last_name, nickname, birthday, music_type_id, music_subtype_id, website, instagram, image) VALUES ('56', 'Rodney', 'Vega', 'natasha25', '1990-01-13', '3', '40', 'https://brewer.com/', '@vazquezkristina', 'https://placekitten.com/490/518');
INSERT INTO ARTISTS (artist_id, first_name, last_name, nickname, birthday, music_type_id, music_subtype_id, website, instagram, image) VALUES ('57', 'Paul', 'Fowler', 'rebecca18', '1957-07-12', '10', '20', 'https://browning.com/', '@christopher34', 'https://dummyimage.com/430x328');
INSERT INTO ARTISTS (artist_id, first_name, last_name, nickname, birthday, music_type_id, music_subtype_id, website, instagram, image) VALUES ('58', 'Crystal', 'Suarez', 'rmccormick', '1936-04-04', '7', '36', 'https://gutierrez.com/', '@hollyhunter', 'https://placekitten.com/720/861');
INSERT INTO ARTISTS (artist_id, first_name, last_name, nickname, birthday, music_type_id, music_subtype_id, website, instagram, image) VALUES ('59', 'Jessica', 'Kelley', 'shawn00', '1950-05-13', '1', '20', 'https://www.morales.com/', '@barbara12', 'https://placekitten.com/511/266');
INSERT INTO ARTISTS (artist_id, first_name, last_name, nickname, birthday, music_type_id, music_subtype_id, website, instagram, image) VALUES ('60', 'Gina', 'Sparks', 'shannon24', '1948-12-19', '5', '14', 'https://miller.com/', '@kwalter', 'https://picsum.photos/459/42');
INSERT INTO ARTISTS (artist_id, first_name, last_name, nickname, birthday, music_type_id, music_subtype_id, website, instagram, image) VALUES ('61', 'Sandra', 'Holland', 'rebeccamccann', '1952-05-04', '7', '38', 'https://www.morales.org/', '@edward52', 'https://placekitten.com/240/28');
INSERT INTO ARTISTS (artist_id, first_name, last_name, nickname, birthday, music_type_id, music_subtype_id, website, instagram, image) VALUES ('62', 'Alicia', 'Ayala', 'fwilcox', '1941-06-27', '10', '21', 'http://www.shah.com/', '@breyes', 'https://dummyimage.com/423x441');
INSERT INTO ARTISTS (artist_id, first_name, last_name, nickname, birthday, music_type_id, music_subtype_id, website, instagram, image) VALUES ('63', 'Jessica', 'Lopez', 'rickythomas', '1964-11-07', '8', '29', 'https://www.hayes.info/', '@smithdean', 'https://placekitten.com/662/814');
INSERT INTO ARTISTS (artist_id, first_name, last_name, nickname, birthday, music_type_id, music_subtype_id, website, instagram, image) VALUES ('64', 'Jason', 'Reyes', 'qfitzgerald', '1935-04-20', '8', '14', 'http://www.cook.info/', '@wendy90', 'https://placekitten.com/10/519');
INSERT INTO ARTISTS (artist_id, first_name, last_name, nickname, birthday, music_type_id, music_subtype_id, website, instagram, image) VALUES ('65', 'Christine', 'Turner', 'ilambert', '2001-07-06', '9', '31', 'http://www.jackson-vasquez.com/', '@uanderson', 'https://dummyimage.com/886x290');
INSERT INTO ARTISTS (artist_id, first_name, last_name, nickname, birthday, music_type_id, music_subtype_id, website, instagram, image) VALUES ('66', 'Darryl', 'Williams', 'victormcpherson', '1963-08-08', '3', '6', 'https://orr-baker.com/', '@ryan25', 'https://placekitten.com/1006/309');
INSERT INTO ARTISTS (artist_id, first_name, last_name, nickname, birthday, music_type_id, music_subtype_id, website, instagram, image) VALUES ('67', 'Melissa', 'Sandoval', 'jbrown', '1932-10-13', '5', '33', 'http://www.harrison.info/', '@fwilson', 'https://dummyimage.com/83x904');
INSERT INTO ARTISTS (artist_id, first_name, last_name, nickname, birthday, music_type_id, music_subtype_id, website, instagram, image) VALUES ('68', 'Vanessa', 'Hoffman', 'uvasquez', '1945-07-04', '10', '22', 'http://harris.com/', '@karencarson', 'https://placekitten.com/434/8');
INSERT INTO ARTISTS (artist_id, first_name, last_name, nickname, birthday, music_type_id, music_subtype_id, website, instagram, image) VALUES ('69', 'Katie', 'White', 'sancheztyler', '1938-03-11', '2', '16', 'https://www.maldonado-becker.biz/', '@brittany15', 'https://picsum.photos/314/59');
INSERT INTO ARTISTS (artist_id, first_name, last_name, nickname, birthday, music_type_id, music_subtype_id, website, instagram, image) VALUES ('70', 'Steve', 'Zimmerman', 'rgibson', '2006-03-25', '5', '15', 'http://douglas.com/', '@jasonwilliams', 'https://picsum.photos/579/661');
INSERT INTO ARTISTS (artist_id, first_name, last_name, nickname, birthday, music_type_id, music_subtype_id, website, instagram, image) VALUES ('71', 'Julia', 'Payne', 'qdavis', '1949-08-01', '4', '10', 'http://smith.com/', '@schan', 'https://dummyimage.com/315x246');
INSERT INTO ARTISTS (artist_id, first_name, last_name, nickname, birthday, music_type_id, music_subtype_id, website, instagram, image) VALUES ('72', 'Travis', 'Reynolds', 'rebecca92', '1974-03-23', '1', '3', 'http://gonzalez.com/', '@bdavis', 'https://dummyimage.com/754x381');
INSERT INTO ARTISTS (artist_id, first_name, last_name, nickname, birthday, music_type_id, music_subtype_id, website, instagram, image) VALUES ('73', 'Crystal', 'Davis', 'teresa32', '1992-10-08', '4', '31', 'http://kim-solomon.info/', '@edgar24', 'https://dummyimage.com/509x875');
INSERT INTO ARTISTS (artist_id, first_name, last_name, nickname, birthday, music_type_id, music_subtype_id, website, instagram, image) VALUES ('74', 'Ashley', 'Arnold', 'palmerwilliam', '1981-07-27', '10', '5', 'http://cortez.org/', '@mackallen', 'https://picsum.photos/947/367');
INSERT INTO ARTISTS (artist_id, first_name, last_name, nickname, birthday, music_type_id, music_subtype_id, website, instagram, image) VALUES ('75', 'Megan', 'Williams', 'tmcdowell', '1968-02-01', '8', '27', 'https://morton.com/', '@jacobburgess', 'https://dummyimage.com/531x217');
INSERT INTO ARTISTS (artist_id, first_name, last_name, nickname, birthday, music_type_id, music_subtype_id, website, instagram, image) VALUES ('76', 'Amanda', 'Smith', 'smithdiana', '1987-12-26', '10', '13', 'https://montgomery-dickson.com/', '@fballard', 'https://picsum.photos/256/276');
INSERT INTO ARTISTS (artist_id, first_name, last_name, nickname, birthday, music_type_id, music_subtype_id, website, instagram, image) VALUES ('77', 'James', 'Cabrera', 'micheleclark', '1945-02-10', '7', '32', 'http://garrison.info/', '@thomasjohnson', 'https://placekitten.com/340/312');
INSERT INTO ARTISTS (artist_id, first_name, last_name, nickname, birthday, music_type_id, music_subtype_id, website, instagram, image) VALUES ('78', 'Jacqueline', 'Maynard', 'csmith', '2005-01-02', '7', '16', 'http://www.hudson-bass.com/', '@alan66', 'https://picsum.photos/1015/595');
INSERT INTO ARTISTS (artist_id, first_name, last_name, nickname, birthday, music_type_id, music_subtype_id, website, instagram, image) VALUES ('79', 'Tony', 'Tucker', 'dhall', '1997-04-05', '3', '1', 'http://stewart.biz/', '@nwilson', 'https://placekitten.com/710/918');
INSERT INTO ARTISTS (artist_id, first_name, last_name, nickname, birthday, music_type_id, music_subtype_id, website, instagram, image) VALUES ('80', 'Ryan', 'Martin', 'taylorkim', '1994-06-12', '2', '28', 'http://castaneda.com/', '@rmoyer', 'https://picsum.photos/737/967');
INSERT INTO ARTISTS (artist_id, first_name, last_name, nickname, birthday, music_type_id, music_subtype_id, website, instagram, image) VALUES ('81', 'Christy', 'Campbell', 'estradadavid', '1952-07-04', '4', '12', 'http://leon.com/', '@jasonwilliams', 'https://dummyimage.com/37x734');
INSERT INTO ARTISTS (artist_id, first_name, last_name, nickname, birthday, music_type_id, music_subtype_id, website, instagram, image) VALUES ('82', 'Michael', 'Moore', 'romanmatthew', '1940-11-13', '9', '30', 'http://www.walker.com/', '@carrilloangela', 'https://placekitten.com/309/213');
INSERT INTO ARTISTS (artist_id, first_name, last_name, nickname, birthday, music_type_id, music_subtype_id, website, instagram, image) VALUES ('83', 'Brent', 'Shah', 'westes', '1940-06-15', '1', '36', 'http://www.williams.com/', '@eric47', 'https://picsum.photos/1020/203');
INSERT INTO ARTISTS (artist_id, first_name, last_name, nickname, birthday, music_type_id, music_subtype_id, website, instagram, image) VALUES ('84', 'Deborah', 'Cook', 'davidharris', '1981-12-10', '4', '8', 'http://www.peterson-wagner.com/', '@nathan65', 'https://placekitten.com/502/310');
INSERT INTO ARTISTS (artist_id, first_name, last_name, nickname, birthday, music_type_id, music_subtype_id, website, instagram, image) VALUES ('85', 'Robert', 'Perez', 'agutierrez', '1987-10-17', '8', '9', 'https://www.thomas-smith.net/', '@millerleroy', 'https://picsum.photos/336/888');
INSERT INTO ARTISTS (artist_id, first_name, last_name, nickname, birthday, music_type_id, music_subtype_id, website, instagram, image) VALUES ('86', 'Phillip', 'Johnson', 'rachelbrown', '1996-02-06', '8', '34', 'https://blackwell-haynes.com/', '@regina04', 'https://dummyimage.com/300x827');
INSERT INTO ARTISTS (artist_id, first_name, last_name, nickname, birthday, music_type_id, music_subtype_id, website, instagram, image) VALUES ('87', 'Dawn', 'Clay', 'zterry', '1980-05-30', '9', '39', 'http://johnson.biz/', '@abigailfernandez', 'https://placekitten.com/437/190');
INSERT INTO ARTISTS (artist_id, first_name, last_name, nickname, birthday, music_type_id, music_subtype_id, website, instagram, image) VALUES ('88', 'Andrea', 'Boyd', 'andrewzamora', '1998-11-04', '6', '29', 'https://www.barber-benitez.com/', '@skinnerjordan', 'https://picsum.photos/725/253');
INSERT INTO ARTISTS (artist_id, first_name, last_name, nickname, birthday, music_type_id, music_subtype_id, website, instagram, image) VALUES ('89', 'Katherine', 'Pugh', 'vevans', '1926-01-25', '10', '33', 'https://trujillo.org/', '@michaelmitchell', 'https://placekitten.com/286/773');
INSERT INTO ARTISTS (artist_id, first_name, last_name, nickname, birthday, music_type_id, music_subtype_id, website, instagram, image) VALUES ('90', 'Joan', 'Garcia', 'mackenzieward', '1938-09-11', '7', '36', 'http://miller-brown.com/', '@elewis', 'https://placekitten.com/756/824');
INSERT INTO ARTISTS (artist_id, first_name, last_name, nickname, birthday, music_type_id, music_subtype_id, website, instagram, image) VALUES ('91', 'Angelica', 'Maxwell', 'breanna67', '1991-12-26', '8', '11', 'https://www.wagner.info/', '@tammypalmer', 'https://dummyimage.com/241x435');
INSERT INTO ARTISTS (artist_id, first_name, last_name, nickname, birthday, music_type_id, music_subtype_id, website, instagram, image) VALUES ('92', 'Thomas', 'Francis', 'sandra19', '1980-12-20', '8', '29', 'http://www.armstrong-williams.com/', '@watsonvickie', 'https://dummyimage.com/621x602');
INSERT INTO ARTISTS (artist_id, first_name, last_name, nickname, birthday, music_type_id, music_subtype_id, website, instagram, image) VALUES ('93', 'Anthony', 'Thomas', 'twilliams', '1963-12-09', '5', '16', 'http://www.burns.com/', '@tolson', 'https://dummyimage.com/926x691');
INSERT INTO ARTISTS (artist_id, first_name, last_name, nickname, birthday, music_type_id, music_subtype_id, website, instagram, image) VALUES ('94', 'Thomas', 'Cortez', 'kathleenwagner', '1988-02-03', '5', '34', 'https://cline.com/', '@zhughes', 'https://placekitten.com/694/93');
INSERT INTO ARTISTS (artist_id, first_name, last_name, nickname, birthday, music_type_id, music_subtype_id, website, instagram, image) VALUES ('95', 'Pamela', 'Fitzgerald', 'clinejasmine', '2003-03-17', '8', '16', 'https://www.hansen.org/', '@bernardaimee', 'https://picsum.photos/974/38');
INSERT INTO ARTISTS (artist_id, first_name, last_name, nickname, birthday, music_type_id, music_subtype_id, website, instagram, image) VALUES ('96', 'Dominique', 'Schmidt', 'hilljamie', '2004-03-26', '5', '29', 'https://www.lawson.com/', '@samuel60', 'https://dummyimage.com/649x782');
INSERT INTO ARTISTS (artist_id, first_name, last_name, nickname, birthday, music_type_id, music_subtype_id, website, instagram, image) VALUES ('97', 'Christopher', 'Petty', 'justinwhite', '1937-07-22', '2', '19', 'http://gregory-brown.com/', '@anthonybrown', 'https://dummyimage.com/798x202');
INSERT INTO ARTISTS (artist_id, first_name, last_name, nickname, birthday, music_type_id, music_subtype_id, website, instagram, image) VALUES ('98', 'Douglas', 'Orozco', 'nicholas10', '1952-12-04', '4', '18', 'http://www.romero-gordon.com/', '@bruce78', 'https://dummyimage.com/833x134');
INSERT INTO ARTISTS (artist_id, first_name, last_name, nickname, birthday, music_type_id, music_subtype_id, website, instagram, image) VALUES ('99', 'Anthony', 'Schultz', 'adamstabitha', '1939-03-05', '6', '21', 'http://www.carroll-griffin.net/', '@kristathomas', 'https://placekitten.com/344/502');
INSERT INTO ARTISTS (artist_id, first_name, last_name, nickname, birthday, music_type_id, music_subtype_id, website, instagram, image) VALUES ('100', 'Stephanie', 'Ali', 'dwilliams', '2009-11-02', '9', '6', 'https://www.brown.com/', '@mary65', 'https://picsum.photos/435/576');
INSERT INTO ARTISTS (artist_id, first_name, last_name, nickname, birthday, music_type_id, music_subtype_id, website, instagram, image) VALUES ('101', 'Evan', 'Ferguson', 'turnerrandall', '1942-02-04', '3', '10', 'http://clark-wagner.com/', '@cynthia74', 'https://dummyimage.com/503x658');
INSERT INTO ARTISTS (artist_id, first_name, last_name, nickname, birthday, music_type_id, music_subtype_id, website, instagram, image) VALUES ('102', 'Jason', 'Haley', 'allen20', '2008-03-18', '4', '25', 'https://www.chambers.net/', '@ifarmer', 'https://placekitten.com/166/158');
INSERT INTO ARTISTS (artist_id, first_name, last_name, nickname, birthday, music_type_id, music_subtype_id, website, instagram, image) VALUES ('103', 'Anthony', 'Collier', 'wchambers', '1976-07-31', '3', '14', 'https://combs.com/', '@fordsharon', 'https://picsum.photos/910/19');
INSERT INTO ARTISTS (artist_id, first_name, last_name, nickname, birthday, music_type_id, music_subtype_id, website, instagram, image) VALUES ('104', 'Julia', 'Chang', 'james94', '1955-06-16', '2', '27', 'http://johnson-vasquez.org/', '@adrianjoyce', 'https://dummyimage.com/811x227');
INSERT INTO ARTISTS (artist_id, first_name, last_name, nickname, birthday, music_type_id, music_subtype_id, website, instagram, image) VALUES ('105', 'Ashley', 'Snyder', 'donnaknight', '2007-06-03', '7', '22', 'http://www.anderson.org/', '@nicoledaniel', 'https://placekitten.com/561/392');
INSERT INTO ARTISTS (artist_id, first_name, last_name, nickname, birthday, music_type_id, music_subtype_id, website, instagram, image) VALUES ('106', 'Andrew', 'Booker', 'erin70', '1983-06-27', '9', '30', 'http://richard-russell.com/', '@hsimpson', 'https://picsum.photos/89/459');
INSERT INTO ARTISTS (artist_id, first_name, last_name, nickname, birthday, music_type_id, music_subtype_id, website, instagram, image) VALUES ('107', 'Joshua', 'Fisher', 'zstewart', '1951-11-05', '7', '4', 'https://www.aguirre.biz/', '@starkjames', 'https://picsum.photos/674/636');
INSERT INTO ARTISTS (artist_id, first_name, last_name, nickname, birthday, music_type_id, music_subtype_id, website, instagram, image) VALUES ('108', 'Connie', 'Davis', 'breynolds', '2005-12-31', '4', '27', 'https://rodriguez.com/', '@underwoodapril', 'https://placekitten.com/484/149');
INSERT INTO ARTISTS (artist_id, first_name, last_name, nickname, birthday, music_type_id, music_subtype_id, website, instagram, image) VALUES ('109', 'Christine', 'Duran', 'friley', '1933-08-13', '7', '38', 'http://wu-steele.com/', '@ellisonscott', 'https://picsum.photos/617/884');
INSERT INTO ARTISTS (artist_id, first_name, last_name, nickname, birthday, music_type_id, music_subtype_id, website, instagram, image) VALUES ('110', 'Curtis', 'Brown', 'phillipspatrick', '1938-05-26', '1', '37', 'https://www.cobb.info/', '@nhobbs', 'https://placekitten.com/207/695');
INSERT INTO ARTISTS (artist_id, first_name, last_name, nickname, birthday, music_type_id, music_subtype_id, website, instagram, image) VALUES ('111', 'Sharon', 'Logan', 'lholmes', '1951-07-22', '7', '31', 'http://www.larson.org/', '@rebeccamartinez', 'https://dummyimage.com/524x727');
INSERT INTO ARTISTS (artist_id, first_name, last_name, nickname, birthday, music_type_id, music_subtype_id, website, instagram, image) VALUES ('112', 'Timothy', 'Oliver', 'johnrobles', '1933-08-04', '1', '23', 'http://graham.com/', '@dylanparker', 'https://dummyimage.com/702x596');
INSERT INTO ARTISTS (artist_id, first_name, last_name, nickname, birthday, music_type_id, music_subtype_id, website, instagram, image) VALUES ('113', 'Tara', 'Holmes', 'brianhunter', '2001-07-01', '5', '25', 'http://gonzalez-gonzalez.com/', '@petersonelizabeth', 'https://placekitten.com/957/678');
INSERT INTO ARTISTS (artist_id, first_name, last_name, nickname, birthday, music_type_id, music_subtype_id, website, instagram, image) VALUES ('114', 'Ashlee', 'Rogers', 'robert21', '1987-03-10', '7', '35', 'http://mora.com/', '@stevenlewis', 'https://placekitten.com/984/678');
INSERT INTO ARTISTS (artist_id, first_name, last_name, nickname, birthday, music_type_id, music_subtype_id, website, instagram, image) VALUES ('115', 'Nicholas', 'Ross', 'coxcharles', '1929-06-11', '9', '39', 'http://www.alexander-welch.com/', '@hesterjames', 'https://picsum.photos/581/356');
INSERT INTO ARTISTS (artist_id, first_name, last_name, nickname, birthday, music_type_id, music_subtype_id, website, instagram, image) VALUES ('116', 'Nicole', 'Higgins', 'melanie32', '1952-01-12', '4', '32', 'http://www.lozano-smith.com/', '@hpena', 'https://dummyimage.com/693x430');
INSERT INTO ARTISTS (artist_id, first_name, last_name, nickname, birthday, music_type_id, music_subtype_id, website, instagram, image) VALUES ('117', 'Stephen', 'Wood', 'donna89', '1984-05-21', '4', '18', 'http://www.andrade.com/', '@amandabenson', 'https://placekitten.com/651/879');
INSERT INTO ARTISTS (artist_id, first_name, last_name, nickname, birthday, music_type_id, music_subtype_id, website, instagram, image) VALUES ('118', 'John', 'Williams', 'melissaphillips', '1945-07-30', '7', '32', 'https://www.soto.com/', '@fclark', 'https://picsum.photos/963/132');
INSERT INTO ARTISTS (artist_id, first_name, last_name, nickname, birthday, music_type_id, music_subtype_id, website, instagram, image) VALUES ('119', 'William', 'Potter', 'victor72', '1969-02-26', '1', '25', 'https://sosa.org/', '@clarkpatricia', 'https://dummyimage.com/925x480');
INSERT INTO ARTISTS (artist_id, first_name, last_name, nickname, birthday, music_type_id, music_subtype_id, website, instagram, image) VALUES ('120', 'Jeffery', 'Coleman', 'xduncan', '1959-12-31', '6', '26', 'http://www.phillips.com/', '@brandymarshall', 'https://dummyimage.com/688x872');
INSERT INTO ARTISTS (artist_id, first_name, last_name, nickname, birthday, music_type_id, music_subtype_id, website, instagram, image) VALUES ('121', 'Taylor', 'Ortiz', 'ystewart', '1928-09-20', '3', '30', 'http://baker.com/', '@phillipswarren', 'https://picsum.photos/160/566');
INSERT INTO ARTISTS (artist_id, first_name, last_name, nickname, birthday, music_type_id, music_subtype_id, website, instagram, image) VALUES ('122', 'Corey', 'Jones', 'paynematthew', '1970-03-02', '3', '40', 'https://ochoa.org/', '@yeseniagoodwin', 'https://dummyimage.com/534x17');
INSERT INTO ARTISTS (artist_id, first_name, last_name, nickname, birthday, music_type_id, music_subtype_id, website, instagram, image) VALUES ('123', 'Juan', 'Reed', 'lbautista', '1926-12-23', '9', '2', 'https://www.perez-cummings.com/', '@lhall', 'https://dummyimage.com/959x944');
INSERT INTO ARTISTS (artist_id, first_name, last_name, nickname, birthday, music_type_id, music_subtype_id, website, instagram, image) VALUES ('124', 'Latoya', 'Edwards', 'roymcmahon', '1982-03-16', '7', '38', 'http://farrell-johnson.com/', '@kevinrojas', 'https://dummyimage.com/1023x726');
INSERT INTO ARTISTS (artist_id, first_name, last_name, nickname, birthday, music_type_id, music_subtype_id, website, instagram, image) VALUES ('125', 'Jeremiah', 'Simmons', 'sfarmer', '1998-07-11', '10', '2', 'https://johnson.com/', '@ashley99', 'https://picsum.photos/800/780');
INSERT INTO ARTISTS (artist_id, first_name, last_name, nickname, birthday, music_type_id, music_subtype_id, website, instagram, image) VALUES ('126', 'Stacy', 'Brown', 'glopez', '1970-02-10', '2', '28', 'https://jackson.net/', '@antoniobarker', 'https://picsum.photos/1000/54');
INSERT INTO ARTISTS (artist_id, first_name, last_name, nickname, birthday, music_type_id, music_subtype_id, website, instagram, image) VALUES ('127', 'James', 'Pruitt', 'ocampbell', '1964-12-22', '3', '30', 'http://wood.com/', '@michele66', 'https://picsum.photos/321/226');
INSERT INTO ARTISTS (artist_id, first_name, last_name, nickname, birthday, music_type_id, music_subtype_id, website, instagram, image) VALUES ('128', 'Amanda', 'Mendoza', 'pricerebecca', '1953-06-17', '3', '4', 'http://www.reynolds-mckinney.info/', '@cassandracrosby', 'https://dummyimage.com/415x939');
INSERT INTO ARTISTS (artist_id, first_name, last_name, nickname, birthday, music_type_id, music_subtype_id, website, instagram, image) VALUES ('129', 'James', 'Ritter', 'zbrown', '2007-09-05', '5', '25', 'http://suarez.com/', '@debbie75', 'https://placekitten.com/609/800');
INSERT INTO ARTISTS (artist_id, first_name, last_name, nickname, birthday, music_type_id, music_subtype_id, website, instagram, image) VALUES ('130', 'Madeline', 'Horn', 'nwright', '1984-02-29', '6', '14', 'https://white.com/', '@nicolemoore', 'https://placekitten.com/597/136');
INSERT INTO ARTISTS (artist_id, first_name, last_name, nickname, birthday, music_type_id, music_subtype_id, website, instagram, image) VALUES ('131', 'Jessica', 'Barrera', 'wjenkins', '2000-08-06', '8', '21', 'http://campos.com/', '@qhayes', 'https://dummyimage.com/424x91');
INSERT INTO ARTISTS (artist_id, first_name, last_name, nickname, birthday, music_type_id, music_subtype_id, website, instagram, image) VALUES ('132', 'Anthony', 'Fowler', 'vjames', '1979-09-16', '6', '25', 'http://smith.com/', '@ellen77', 'https://picsum.photos/944/139');
INSERT INTO ARTISTS (artist_id, first_name, last_name, nickname, birthday, music_type_id, music_subtype_id, website, instagram, image) VALUES ('133', 'Amy', 'Allen', 'rtaylor', '1947-04-27', '5', '27', 'http://www.garcia.biz/', '@chrisgallagher', 'https://dummyimage.com/559x314');
INSERT INTO ARTISTS (artist_id, first_name, last_name, nickname, birthday, music_type_id, music_subtype_id, website, instagram, image) VALUES ('134', 'Michael', 'Robinson', 'staffordamanda', '1985-07-09', '5', '6', 'http://www.vaughn-wallace.org/', '@williamsnicholas', 'https://dummyimage.com/413x511');
INSERT INTO ARTISTS (artist_id, first_name, last_name, nickname, birthday, music_type_id, music_subtype_id, website, instagram, image) VALUES ('135', 'Regina', 'Gonzalez', 'fisherveronica', '1971-03-29', '8', '2', 'http://www.benjamin.com/', '@bradleyhunt', 'https://placekitten.com/669/660');
INSERT INTO ARTISTS (artist_id, first_name, last_name, nickname, birthday, music_type_id, music_subtype_id, website, instagram, image) VALUES ('136', 'Courtney', 'Weber', 'hmcmillan', '1956-12-27', '9', '4', 'http://www.morris-smith.com/', '@pricestephen', 'https://placekitten.com/135/570');
INSERT INTO ARTISTS (artist_id, first_name, last_name, nickname, birthday, music_type_id, music_subtype_id, website, instagram, image) VALUES ('137', 'Claire', 'Williams', 'robertsaunders', '1993-05-08', '6', '15', 'http://www.haley-greene.biz/', '@martinreid', 'https://picsum.photos/651/987');
INSERT INTO ARTISTS (artist_id, first_name, last_name, nickname, birthday, music_type_id, music_subtype_id, website, instagram, image) VALUES ('138', 'Matthew', 'Franklin', 'oreyes', '1956-12-27', '2', '3', 'http://www.jensen.com/', '@joanntodd', 'https://picsum.photos/162/122');
INSERT INTO ARTISTS (artist_id, first_name, last_name, nickname, birthday, music_type_id, music_subtype_id, website, instagram, image) VALUES ('139', 'Nicholas', 'Phillips', 'nicholasmay', '1957-10-04', '1', '16', 'https://ramirez.com/', '@swong', 'https://placekitten.com/48/469');
INSERT INTO ARTISTS (artist_id, first_name, last_name, nickname, birthday, music_type_id, music_subtype_id, website, instagram, image) VALUES ('140', 'Mark', 'Allen', 'knoxelizabeth', '1959-02-26', '4', '2', 'http://morris.info/', '@mckaybrett', 'https://picsum.photos/289/418');
INSERT INTO ARTISTS (artist_id, first_name, last_name, nickname, birthday, music_type_id, music_subtype_id, website, instagram, image) VALUES ('141', 'Christopher', 'Watkins', 'joelmiller', '1988-12-04', '10', '10', 'https://www.gonzalez.com/', '@barbara34', 'https://dummyimage.com/985x163');
INSERT INTO ARTISTS (artist_id, first_name, last_name, nickname, birthday, music_type_id, music_subtype_id, website, instagram, image) VALUES ('142', 'Raymond', 'Jackson', 'nhenderson', '1984-05-06', '4', '9', 'http://gill.com/', '@brooke28', 'https://dummyimage.com/359x526');
INSERT INTO ARTISTS (artist_id, first_name, last_name, nickname, birthday, music_type_id, music_subtype_id, website, instagram, image) VALUES ('143', 'Steven', 'Chavez', 'ehart', '1935-02-24', '8', '8', 'https://www.harrison.com/', '@travis66', 'https://dummyimage.com/764x786');
INSERT INTO ARTISTS (artist_id, first_name, last_name, nickname, birthday, music_type_id, music_subtype_id, website, instagram, image) VALUES ('144', 'Kyle', 'Archer', 'ortizbenjamin', '1942-04-19', '10', '14', 'https://www.hines.com/', '@xreid', 'https://dummyimage.com/118x789');
INSERT INTO ARTISTS (artist_id, first_name, last_name, nickname, birthday, music_type_id, music_subtype_id, website, instagram, image) VALUES ('145', 'Jill', 'Allen', 'dorseymichael', '1929-03-15', '8', '17', 'http://gibson.org/', '@alexanderwise', 'https://placekitten.com/787/814');
INSERT INTO ARTISTS (artist_id, first_name, last_name, nickname, birthday, music_type_id, music_subtype_id, website, instagram, image) VALUES ('146', 'Brenda', 'Santana', 'nancymartin', '1983-06-15', '6', '11', 'https://ponce.com/', '@ugoodwin', 'https://placekitten.com/182/223');
INSERT INTO ARTISTS (artist_id, first_name, last_name, nickname, birthday, music_type_id, music_subtype_id, website, instagram, image) VALUES ('147', 'Ashley', 'Salinas', 'josephclark', '1979-07-10', '10', '39', 'https://www.velasquez.com/', '@ayalarobert', 'https://placekitten.com/853/590');
INSERT INTO ARTISTS (artist_id, first_name, last_name, nickname, birthday, music_type_id, music_subtype_id, website, instagram, image) VALUES ('148', 'Ryan', 'Thompson', 'janegonzalez', '1950-02-15', '2', '11', 'http://olsen.com/', '@jordanbarrera', 'https://placekitten.com/837/902');
INSERT INTO ARTISTS (artist_id, first_name, last_name, nickname, birthday, music_type_id, music_subtype_id, website, instagram, image) VALUES ('149', 'Robin', 'Rodriguez', 'christophermiller', '1942-04-29', '5', '7', 'https://www.johnson-young.info/', '@smithjoseph', 'https://picsum.photos/14/85');
INSERT INTO ARTISTS (artist_id, first_name, last_name, nickname, birthday, music_type_id, music_subtype_id, website, instagram, image) VALUES ('150', 'Jason', 'Conner', 'wmorrison', '1961-07-15', '10', '2', 'https://munoz-rogers.com/', '@lisa56', 'https://dummyimage.com/775x117');
INSERT INTO ARTISTS (artist_id, first_name, last_name, nickname, birthday, music_type_id, music_subtype_id, website, instagram, image) VALUES ('151', 'Morgan', 'Drake', 'bryantholly', '1944-04-03', '5', '37', 'http://www.ramirez.com/', '@qmontgomery', 'https://placekitten.com/973/846');
INSERT INTO ARTISTS (artist_id, first_name, last_name, nickname, birthday, music_type_id, music_subtype_id, website, instagram, image) VALUES ('152', 'Jacob', 'Andersen', 'allen50', '1969-08-29', '7', '26', 'https://www.washington.com/', '@ecrosby', 'https://dummyimage.com/205x788');
INSERT INTO ARTISTS (artist_id, first_name, last_name, nickname, birthday, music_type_id, music_subtype_id, website, instagram, image) VALUES ('153', 'Catherine', 'Joseph', 'andersonlaura', '1966-05-16', '4', '5', 'https://www.friedman-olson.net/', '@johnjackson', 'https://dummyimage.com/183x216');
INSERT INTO ARTISTS (artist_id, first_name, last_name, nickname, birthday, music_type_id, music_subtype_id, website, instagram, image) VALUES ('154', 'Victoria', 'Johnson', 'raven43', '1960-06-02', '10', '16', 'https://www.taylor.com/', '@monica99', 'https://dummyimage.com/132x702');
INSERT INTO ARTISTS (artist_id, first_name, last_name, nickname, birthday, music_type_id, music_subtype_id, website, instagram, image) VALUES ('155', 'Renee', 'Paul', 'yvaldez', '2001-10-31', '2', '20', 'https://www.green.com/', '@davisjoy', 'https://placekitten.com/385/237');
INSERT INTO ARTISTS (artist_id, first_name, last_name, nickname, birthday, music_type_id, music_subtype_id, website, instagram, image) VALUES ('156', 'Michael', 'Castaneda', 'aray', '1967-08-28', '10', '8', 'http://www.whitney-flores.com/', '@aprilguzman', 'https://dummyimage.com/454x218');
INSERT INTO ARTISTS (artist_id, first_name, last_name, nickname, birthday, music_type_id, music_subtype_id, website, instagram, image) VALUES ('157', 'Albert', 'Phelps', 'duane43', '1993-05-20', '10', '3', 'https://www.campbell.com/', '@kyle14', 'https://dummyimage.com/979x441');
INSERT INTO ARTISTS (artist_id, first_name, last_name, nickname, birthday, music_type_id, music_subtype_id, website, instagram, image) VALUES ('158', 'Kelly', 'Levy', 'zavalamason', '1954-01-08', '6', '35', 'http://www.gates.biz/', '@tracey20', 'https://dummyimage.com/803x691');
INSERT INTO ARTISTS (artist_id, first_name, last_name, nickname, birthday, music_type_id, music_subtype_id, website, instagram, image) VALUES ('159', 'Erica', 'Mooney', 'hmyers', '1963-11-17', '7', '24', 'https://www.chase.org/', '@hornjenna', 'https://placekitten.com/937/335');
INSERT INTO ARTISTS (artist_id, first_name, last_name, nickname, birthday, music_type_id, music_subtype_id, website, instagram, image) VALUES ('160', 'Devin', 'Dominguez', 'phyllis33', '1951-12-27', '2', '33', 'http://chase.com/', '@bclements', 'https://picsum.photos/344/115');
INSERT INTO ARTISTS (artist_id, first_name, last_name, nickname, birthday, music_type_id, music_subtype_id, website, instagram, image) VALUES ('161', 'Michael', 'Wells', 'wilsonzachary', '1971-06-05', '6', '1', 'https://www.sharp.biz/', '@mturner', 'https://placekitten.com/353/768');
INSERT INTO ARTISTS (artist_id, first_name, last_name, nickname, birthday, music_type_id, music_subtype_id, website, instagram, image) VALUES ('162', 'Vickie', 'Lambert', 'stricklandmichelle', '1977-05-12', '7', '32', 'https://smith-wilson.com/', '@gmay', 'https://placekitten.com/460/47');
INSERT INTO ARTISTS (artist_id, first_name, last_name, nickname, birthday, music_type_id, music_subtype_id, website, instagram, image) VALUES ('163', 'Ashley', 'Armstrong', 'heather19', '1950-01-02', '2', '28', 'https://park.com/', '@reevesmichelle', 'https://placekitten.com/378/830');
INSERT INTO ARTISTS (artist_id, first_name, last_name, nickname, birthday, music_type_id, music_subtype_id, website, instagram, image) VALUES ('164', 'Andrew', 'Hawkins', 'lbrown', '1998-09-17', '6', '30', 'http://www.merritt.com/', '@peterslauren', 'https://picsum.photos/251/80');
INSERT INTO ARTISTS (artist_id, first_name, last_name, nickname, birthday, music_type_id, music_subtype_id, website, instagram, image) VALUES ('165', 'Bailey', 'Delgado', 'hartmelissa', '1930-02-14', '3', '28', 'http://www.evans.com/', '@kevinshah', 'https://picsum.photos/600/911');
INSERT INTO ARTISTS (artist_id, first_name, last_name, nickname, birthday, music_type_id, music_subtype_id, website, instagram, image) VALUES ('166', 'Barbara', 'Neal', 'catherine83', '1938-10-31', '3', '34', 'http://www.lopez.com/', '@carrierobinson', 'https://picsum.photos/735/568');
INSERT INTO ARTISTS (artist_id, first_name, last_name, nickname, birthday, music_type_id, music_subtype_id, website, instagram, image) VALUES ('167', 'Jessica', 'Henderson', 'jorge26', '1987-06-06', '5', '40', 'http://coleman.com/', '@wanda35', 'https://picsum.photos/335/859');
INSERT INTO ARTISTS (artist_id, first_name, last_name, nickname, birthday, music_type_id, music_subtype_id, website, instagram, image) VALUES ('168', 'Leslie', 'French', 'mjohnson', '1959-01-16', '9', '31', 'http://schmidt.net/', '@ojones', 'https://dummyimage.com/182x743');
INSERT INTO ARTISTS (artist_id, first_name, last_name, nickname, birthday, music_type_id, music_subtype_id, website, instagram, image) VALUES ('169', 'Kimberly', 'Thomas', 'joshuagarcia', '1955-08-08', '8', '28', 'https://www.thompson.com/', '@wdavis', 'https://placekitten.com/577/555');
INSERT INTO ARTISTS (artist_id, first_name, last_name, nickname, birthday, music_type_id, music_subtype_id, website, instagram, image) VALUES ('170', 'Cory', 'Williams', 'stacey62', '1972-05-02', '10', '18', 'https://anderson.com/', '@douglasbradley', 'https://placekitten.com/547/108');
INSERT INTO ARTISTS (artist_id, first_name, last_name, nickname, birthday, music_type_id, music_subtype_id, website, instagram, image) VALUES ('171', 'Danielle', 'Wood', 'erikabarnes', '1987-08-30', '6', '16', 'http://lindsey-shaw.com/', '@tmeyer', 'https://placekitten.com/468/625');
INSERT INTO ARTISTS (artist_id, first_name, last_name, nickname, birthday, music_type_id, music_subtype_id, website, instagram, image) VALUES ('172', 'Michaela', 'Meza', 'ftownsend', '1936-03-04', '2', '18', 'http://www.martin.com/', '@angela70', 'https://dummyimage.com/868x279');
INSERT INTO ARTISTS (artist_id, first_name, last_name, nickname, birthday, music_type_id, music_subtype_id, website, instagram, image) VALUES ('173', 'Tyler', 'Jennings', 'sullivanchristina', '1926-05-08', '8', '16', 'https://gamble.net/', '@lawsontami', 'https://picsum.photos/460/358');
INSERT INTO ARTISTS (artist_id, first_name, last_name, nickname, birthday, music_type_id, music_subtype_id, website, instagram, image) VALUES ('174', 'Michael', 'Anderson', 'stephanie67', '1976-12-13', '8', '37', 'http://morgan.com/', '@robertstimothy', 'https://picsum.photos/542/436');
INSERT INTO ARTISTS (artist_id, first_name, last_name, nickname, birthday, music_type_id, music_subtype_id, website, instagram, image) VALUES ('175', 'Joann', 'Carroll', 'sandrahickman', '1995-07-10', '10', '25', 'http://charles.info/', '@kenneth10', 'https://dummyimage.com/716x381');
INSERT INTO ARTISTS (artist_id, first_name, last_name, nickname, birthday, music_type_id, music_subtype_id, website, instagram, image) VALUES ('176', 'Michael', 'Garcia', 'hgonzalez', '1995-05-10', '6', '2', 'http://gentry.com/', '@jeremy65', 'https://dummyimage.com/612x746');
INSERT INTO ARTISTS (artist_id, first_name, last_name, nickname, birthday, music_type_id, music_subtype_id, website, instagram, image) VALUES ('177', 'Patricia', 'Herrera', 'daniel77', '1947-05-20', '8', '21', 'http://hamilton.com/', '@lopezbilly', 'https://placekitten.com/808/862');
INSERT INTO ARTISTS (artist_id, first_name, last_name, nickname, birthday, music_type_id, music_subtype_id, website, instagram, image) VALUES ('178', 'Mark', 'Johnson', 'stacymoyer', '1961-07-13', '3', '32', 'http://pierce-marsh.com/', '@karen68', 'https://picsum.photos/796/269');
INSERT INTO ARTISTS (artist_id, first_name, last_name, nickname, birthday, music_type_id, music_subtype_id, website, instagram, image) VALUES ('179', 'Susan', 'Sparks', 'ericporter', '1957-07-18', '4', '23', 'http://bray-mclaughlin.biz/', '@froberts', 'https://picsum.photos/169/878');
INSERT INTO ARTISTS (artist_id, first_name, last_name, nickname, birthday, music_type_id, music_subtype_id, website, instagram, image) VALUES ('180', 'Christina', 'Daniel', 'johnwang', '1961-03-23', '5', '22', 'http://wells.net/', '@jacobbond', 'https://picsum.photos/304/469');
INSERT INTO ARTISTS (artist_id, first_name, last_name, nickname, birthday, music_type_id, music_subtype_id, website, instagram, image) VALUES ('181', 'David', 'Johnson', 'sarahsimmons', '2009-04-04', '5', '39', 'http://www.james.com/', '@jeffreysimmons', 'https://placekitten.com/125/874');
INSERT INTO ARTISTS (artist_id, first_name, last_name, nickname, birthday, music_type_id, music_subtype_id, website, instagram, image) VALUES ('182', 'Brett', 'Rodriguez', 'juan56', '1958-12-20', '5', '36', 'https://www.williams.com/', '@justinramirez', 'https://picsum.photos/206/882');
INSERT INTO ARTISTS (artist_id, first_name, last_name, nickname, birthday, music_type_id, music_subtype_id, website, instagram, image) VALUES ('183', 'Johnny', 'Henry', 'kevin10', '2000-06-14', '1', '34', 'http://figueroa-ward.org/', '@john43', 'https://picsum.photos/786/178');
INSERT INTO ARTISTS (artist_id, first_name, last_name, nickname, birthday, music_type_id, music_subtype_id, website, instagram, image) VALUES ('184', 'David', 'Newton', 'williamstanya', '1951-04-11', '4', '6', 'http://jones.org/', '@kevin73', 'https://picsum.photos/314/89');
INSERT INTO ARTISTS (artist_id, first_name, last_name, nickname, birthday, music_type_id, music_subtype_id, website, instagram, image) VALUES ('185', 'James', 'Pierce', 'patricia85', '1975-03-04', '4', '27', 'https://www.jones-barnes.net/', '@jacksonjoshua', 'https://picsum.photos/264/593');
INSERT INTO ARTISTS (artist_id, first_name, last_name, nickname, birthday, music_type_id, music_subtype_id, website, instagram, image) VALUES ('186', 'Stephanie', 'Brown', 'joysanders', '1997-10-29', '8', '36', 'http://www.christensen-cruz.biz/', '@nlawson', 'https://picsum.photos/376/7');
INSERT INTO ARTISTS (artist_id, first_name, last_name, nickname, birthday, music_type_id, music_subtype_id, website, instagram, image) VALUES ('187', 'Ashley', 'Vargas', 'suarezkrystal', '1987-05-06', '4', '31', 'https://phillips.net/', '@jacksonbrandon', 'https://picsum.photos/487/597');
INSERT INTO ARTISTS (artist_id, first_name, last_name, nickname, birthday, music_type_id, music_subtype_id, website, instagram, image) VALUES ('188', 'Danielle', 'Mcmahon', 'sara40', '1959-04-01', '8', '29', 'http://www.wong.org/', '@mark84', 'https://placekitten.com/273/836');
INSERT INTO ARTISTS (artist_id, first_name, last_name, nickname, birthday, music_type_id, music_subtype_id, website, instagram, image) VALUES ('189', 'Kenneth', 'Galloway', 'hollowayjeffrey', '1963-06-04', '1', '6', 'http://medina.com/', '@qbautista', 'https://picsum.photos/422/905');
INSERT INTO ARTISTS (artist_id, first_name, last_name, nickname, birthday, music_type_id, music_subtype_id, website, instagram, image) VALUES ('190', 'Mark', 'Harris', 'omoore', '1984-05-30', '5', '15', 'https://www.davis-white.com/', '@jacobhenry', 'https://picsum.photos/369/577');
INSERT INTO ARTISTS (artist_id, first_name, last_name, nickname, birthday, music_type_id, music_subtype_id, website, instagram, image) VALUES ('191', 'Kyle', 'Mcclure', 'mmcdaniel', '1934-10-23', '7', '16', 'http://www.sanchez-stout.biz/', '@ramseyderrick', 'https://dummyimage.com/24x204');
INSERT INTO ARTISTS (artist_id, first_name, last_name, nickname, birthday, music_type_id, music_subtype_id, website, instagram, image) VALUES ('192', 'Patrick', 'Rodriguez', 'hinesdeanna', '1931-04-24', '5', '38', 'http://www.adams.org/', '@sparksalbert', 'https://placekitten.com/217/693');
INSERT INTO ARTISTS (artist_id, first_name, last_name, nickname, birthday, music_type_id, music_subtype_id, website, instagram, image) VALUES ('193', 'Christopher', 'Taylor', 'tochoa', '1970-07-05', '6', '31', 'https://www.brown.com/', '@smithbradley', 'https://placekitten.com/607/210');
INSERT INTO ARTISTS (artist_id, first_name, last_name, nickname, birthday, music_type_id, music_subtype_id, website, instagram, image) VALUES ('194', 'Olivia', 'Perry', 'barrandrew', '1983-06-29', '9', '34', 'https://www.rios-perez.biz/', '@vasquezvicki', 'https://dummyimage.com/459x208');
INSERT INTO ARTISTS (artist_id, first_name, last_name, nickname, birthday, music_type_id, music_subtype_id, website, instagram, image) VALUES ('195', 'Michael', 'Gilbert', 'wardsandy', '1936-11-24', '6', '28', 'http://www.patterson.org/', '@erinhernandez', 'https://dummyimage.com/617x587');
INSERT INTO ARTISTS (artist_id, first_name, last_name, nickname, birthday, music_type_id, music_subtype_id, website, instagram, image) VALUES ('196', 'Nancy', 'Nelson', 'qstanley', '1935-10-02', '9', '22', 'http://www.thomas.info/', '@wilsonronald', 'https://picsum.photos/570/296');
INSERT INTO ARTISTS (artist_id, first_name, last_name, nickname, birthday, music_type_id, music_subtype_id, website, instagram, image) VALUES ('197', 'Marcus', 'Anderson', 'fgomez', '1983-01-15', '6', '30', 'https://leon.com/', '@fbarnes', 'https://dummyimage.com/1008x471');
INSERT INTO ARTISTS (artist_id, first_name, last_name, nickname, birthday, music_type_id, music_subtype_id, website, instagram, image) VALUES ('198', 'Christopher', 'Espinoza', 'jacquelineyoung', '1925-09-30', '5', '20', 'http://www.grant-rosario.com/', '@pruittmichael', 'https://dummyimage.com/285x603');
INSERT INTO ARTISTS (artist_id, first_name, last_name, nickname, birthday, music_type_id, music_subtype_id, website, instagram, image) VALUES ('199', 'Douglas', 'Castaneda', 'osanchez', '1932-12-17', '5', '15', 'http://www.padilla.biz/', '@brian19', 'https://placekitten.com/151/976');
INSERT INTO ARTISTS (artist_id, first_name, last_name, nickname, birthday, music_type_id, music_subtype_id, website, instagram, image) VALUES ('200', 'Monica', 'Johnson', 'donald31', '1927-01-21', '2', '13', 'https://www.harrison.net/', '@theodore57', 'https://picsum.photos/27/587');
INSERT INTO BANDS (band_id, name, date_of_creation, music_type_id, music_subtype_id, website, instagram, image) VALUES ('1', 'Brown Ltd', '1977-07-17', '6', '8', 'http://www.sanders.info/', '@samantha84', 'https://picsum.photos/465/867');
INSERT INTO BANDS (band_id, name, date_of_creation, music_type_id, music_subtype_id, website, instagram, image) VALUES ('2', 'Dudley-Boyd', '1983-11-15', '9', '12', 'http://brown.net/', '@velasqueztaylor', 'https://dummyimage.com/641x829');
INSERT INTO BANDS (band_id, name, date_of_creation, music_type_id, music_subtype_id, website, instagram, image) VALUES ('3', 'Brown LLC', '2019-05-12', '4', '14', 'https://www.rodriguez-miller.org/', '@anthony42', 'https://picsum.photos/218/133');
INSERT INTO BANDS (band_id, name, date_of_creation, music_type_id, music_subtype_id, website, instagram, image) VALUES ('4', 'Smith, Browning and Lopez', '1989-01-30', '8', '18', 'http://www.miller-hudson.com/', '@uwilliams', 'https://picsum.photos/190/632');
INSERT INTO BANDS (band_id, name, date_of_creation, music_type_id, music_subtype_id, website, instagram, image) VALUES ('5', 'Walton-Benjamin', '2009-05-24', '10', '34', 'http://swanson-dickson.com/', '@richard81', 'https://placekitten.com/307/48');
INSERT INTO BANDS (band_id, name, date_of_creation, music_type_id, music_subtype_id, website, instagram, image) VALUES ('6', 'Woods-Melton', '1977-11-25', '10', '19', 'https://www.fleming.com/', '@nicoleaguirre', 'https://placekitten.com/288/329');
INSERT INTO BANDS (band_id, name, date_of_creation, music_type_id, music_subtype_id, website, instagram, image) VALUES ('7', 'Gay, Franklin and Mills', '1998-08-03', '2', '13', 'https://www.carter-hanson.biz/', '@macdonaldkim', 'https://picsum.photos/793/489');
INSERT INTO BANDS (band_id, name, date_of_creation, music_type_id, music_subtype_id, website, instagram, image) VALUES ('8', 'Lawson, Rubio and Bradley', '2009-03-18', '5', '15', 'http://www.miranda.net/', '@portershawn', 'https://picsum.photos/347/605');
INSERT INTO BANDS (band_id, name, date_of_creation, music_type_id, music_subtype_id, website, instagram, image) VALUES ('9', 'Ramirez LLC', '1999-05-28', '6', '12', 'http://www.page.com/', '@wgood', 'https://picsum.photos/905/287');
INSERT INTO BANDS (band_id, name, date_of_creation, music_type_id, music_subtype_id, website, instagram, image) VALUES ('10', 'Freeman, Cox and Mitchell', '2003-03-11', '5', '1', 'http://hunt-weber.com/', '@christopher68', 'https://placekitten.com/921/538');
INSERT INTO BANDS (band_id, name, date_of_creation, music_type_id, music_subtype_id, website, instagram, image) VALUES ('11', 'Oliver Ltd', '1979-03-29', '9', '9', 'http://www.farrell.biz/', '@ashleynash', 'https://dummyimage.com/456x795');
INSERT INTO BANDS (band_id, name, date_of_creation, music_type_id, music_subtype_id, website, instagram, image) VALUES ('12', 'Davis, Owens and Day', '2006-12-27', '5', '3', 'http://www.dennis.biz/', '@richardbrown', 'https://picsum.photos/701/995');
INSERT INTO BANDS (band_id, name, date_of_creation, music_type_id, music_subtype_id, website, instagram, image) VALUES ('13', 'Figueroa, Wilson and Gibs', '2012-06-13', '1', '36', 'http://bowman.org/', '@huertakim', 'https://dummyimage.com/127x740');
INSERT INTO BANDS (band_id, name, date_of_creation, music_type_id, music_subtype_id, website, instagram, image) VALUES ('14', 'Lewis-Lewis', '1976-12-01', '5', '9', 'https://reid-miller.com/', '@richard47', 'https://placekitten.com/859/438');
INSERT INTO BANDS (band_id, name, date_of_creation, music_type_id, music_subtype_id, website, instagram, image) VALUES ('15', 'White-Brown', '2004-07-08', '8', '7', 'https://gonzalez.info/', '@ynichols', 'https://dummyimage.com/329x894');
INSERT INTO BANDS (band_id, name, date_of_creation, music_type_id, music_subtype_id, website, instagram, image) VALUES ('16', 'Hudson, Morrow and Hoffma', '2015-12-28', '1', '37', 'http://www.contreras.com/', '@hernandezstephen', 'https://dummyimage.com/302x1022');
INSERT INTO BANDS (band_id, name, date_of_creation, music_type_id, music_subtype_id, website, instagram, image) VALUES ('17', 'Conner Ltd', '2003-01-04', '5', '31', 'https://www.harding-mathews.info/', '@johnsonjulie', 'https://placekitten.com/384/860');
INSERT INTO BANDS (band_id, name, date_of_creation, music_type_id, music_subtype_id, website, instagram, image) VALUES ('18', 'Schroeder, Burke and Robi', '1989-08-18', '8', '29', 'http://www.cervantes-smith.com/', '@lyonsdeborah', 'https://dummyimage.com/933x847');
INSERT INTO BANDS (band_id, name, date_of_creation, music_type_id, music_subtype_id, website, instagram, image) VALUES ('19', 'Bell-Daniels', '2010-12-16', '6', '12', 'https://www.ellis.com/', '@amyjames', 'https://placekitten.com/895/580');
INSERT INTO BANDS (band_id, name, date_of_creation, music_type_id, music_subtype_id, website, instagram, image) VALUES ('20', 'Pace, Bullock and Garcia', '1981-04-26', '1', '17', 'http://www.smith.org/', '@schultzwesley', 'https://dummyimage.com/66x593');
INSERT INTO BANDS (band_id, name, date_of_creation, music_type_id, music_subtype_id, website, instagram, image) VALUES ('21', 'Walker Group', '2012-11-21', '8', '8', 'https://www.gates.com/', '@pgutierrez', 'https://dummyimage.com/810x15');
INSERT INTO BANDS (band_id, name, date_of_creation, music_type_id, music_subtype_id, website, instagram, image) VALUES ('22', 'Romero LLC', '2020-03-06', '2', '26', 'https://nunez-smith.biz/', '@smitheric', 'https://dummyimage.com/766x650');
INSERT INTO BANDS (band_id, name, date_of_creation, music_type_id, music_subtype_id, website, instagram, image) VALUES ('23', 'Haley Group', '1991-10-24', '8', '5', 'https://www.newman.org/', '@oanderson', 'https://dummyimage.com/799x355');
INSERT INTO BANDS (band_id, name, date_of_creation, music_type_id, music_subtype_id, website, instagram, image) VALUES ('24', 'Holmes-Kim', '1982-02-18', '10', '4', 'http://www.ray.com/', '@stacyharris', 'https://dummyimage.com/191x52');
INSERT INTO BANDS (band_id, name, date_of_creation, music_type_id, music_subtype_id, website, instagram, image) VALUES ('25', 'Fuller PLC', '1985-10-09', '3', '10', 'http://www.reyes.info/', '@jacob34', 'https://placekitten.com/396/502');
INSERT INTO BANDS (band_id, name, date_of_creation, music_type_id, music_subtype_id, website, instagram, image) VALUES ('26', 'Townsend-Hopkins', '1994-01-25', '10', '20', 'http://www.johnson.com/', '@hho', 'https://dummyimage.com/219x290');
INSERT INTO BANDS (band_id, name, date_of_creation, music_type_id, music_subtype_id, website, instagram, image) VALUES ('27', 'Kline-Davis', '2008-12-27', '2', '16', 'https://www.garcia-pope.biz/', '@tuckerconnie', 'https://dummyimage.com/430x859');
INSERT INTO BANDS (band_id, name, date_of_creation, music_type_id, music_subtype_id, website, instagram, image) VALUES ('28', 'Schultz-Hayes', '1986-04-27', '2', '36', 'http://berger.org/', '@wilsonmatthew', 'https://placekitten.com/710/991');
INSERT INTO BANDS (band_id, name, date_of_creation, music_type_id, music_subtype_id, website, instagram, image) VALUES ('29', 'Payne, Moore and Harmon', '1983-08-19', '7', '39', 'http://www.johnson.com/', '@roachanthony', 'https://picsum.photos/283/450');
INSERT INTO BANDS (band_id, name, date_of_creation, music_type_id, music_subtype_id, website, instagram, image) VALUES ('30', 'Holt, Martinez and Hill', '1988-11-30', '10', '40', 'http://arnold.info/', '@zhunt', 'https://picsum.photos/395/512');
INSERT INTO BANDS (band_id, name, date_of_creation, music_type_id, music_subtype_id, website, instagram, image) VALUES ('31', 'Mcdaniel Ltd', '1994-06-26', '4', '34', 'https://www.mcguire.com/', '@chamilton', 'https://dummyimage.com/867x556');
INSERT INTO BANDS (band_id, name, date_of_creation, music_type_id, music_subtype_id, website, instagram, image) VALUES ('32', 'Rodriguez, Reyes and Gonz', '1999-05-16', '7', '29', 'https://www.jackson-johnson.net/', '@brenda49', 'https://picsum.photos/721/815');
INSERT INTO BANDS (band_id, name, date_of_creation, music_type_id, music_subtype_id, website, instagram, image) VALUES ('33', 'White LLC', '2004-07-29', '8', '20', 'http://jones.com/', '@dustin51', 'https://placekitten.com/19/652');
INSERT INTO BANDS (band_id, name, date_of_creation, music_type_id, music_subtype_id, website, instagram, image) VALUES ('34', 'Love and Sons', '2007-01-09', '10', '28', 'https://www.jones.com/', '@hoffmanjennifer', 'https://placekitten.com/153/863');
INSERT INTO BANDS (band_id, name, date_of_creation, music_type_id, music_subtype_id, website, instagram, image) VALUES ('35', 'Stewart-Flores', '1988-10-08', '5', '37', 'http://williams-hill.com/', '@chavezcarolyn', 'https://placekitten.com/784/484');
INSERT INTO BANDS (band_id, name, date_of_creation, music_type_id, music_subtype_id, website, instagram, image) VALUES ('36', 'Mitchell Ltd', '2014-07-15', '10', '4', 'http://anderson-rasmussen.com/', '@rogersallen', 'https://dummyimage.com/962x194');
INSERT INTO BANDS (band_id, name, date_of_creation, music_type_id, music_subtype_id, website, instagram, image) VALUES ('37', 'Turner, Stewart and Reed', '1980-10-13', '10', '7', 'https://williams.info/', '@cameronsharon', 'https://picsum.photos/210/59');
INSERT INTO BANDS (band_id, name, date_of_creation, music_type_id, music_subtype_id, website, instagram, image) VALUES ('38', 'Petersen and Sons', '1982-07-06', '4', '14', 'https://jackson.com/', '@villamiranda', 'https://picsum.photos/531/88');
INSERT INTO BANDS (band_id, name, date_of_creation, music_type_id, music_subtype_id, website, instagram, image) VALUES ('39', 'Valentine Inc', '1993-04-20', '5', '6', 'https://hale-buckley.org/', '@uwilson', 'https://placekitten.com/303/846');
INSERT INTO BANDS (band_id, name, date_of_creation, music_type_id, music_subtype_id, website, instagram, image) VALUES ('40', 'Barnett-Boyd', '1991-09-22', '3', '16', 'https://morris-simon.com/', '@bakerkenneth', 'https://placekitten.com/169/722');
INSERT INTO BANDS (band_id, name, date_of_creation, music_type_id, music_subtype_id, website, instagram, image) VALUES ('41', 'Keller Ltd', '1989-05-14', '3', '36', 'http://www.brown-smith.com/', '@mcardenas', 'https://dummyimage.com/998x214');
INSERT INTO BANDS (band_id, name, date_of_creation, music_type_id, music_subtype_id, website, instagram, image) VALUES ('42', 'Cervantes PLC', '2010-04-30', '2', '11', 'https://gibson.com/', '@sabrinacruz', 'https://dummyimage.com/926x415');
INSERT INTO BANDS (band_id, name, date_of_creation, music_type_id, music_subtype_id, website, instagram, image) VALUES ('43', 'Jones Group', '1986-07-13', '1', '27', 'https://www.murray.com/', '@allenmurray', 'https://dummyimage.com/546x58');
INSERT INTO BANDS (band_id, name, date_of_creation, music_type_id, music_subtype_id, website, instagram, image) VALUES ('44', 'Schmidt, Bell and Wilson', '2012-10-20', '8', '39', 'http://lewis-sanders.biz/', '@brian45', 'https://placekitten.com/200/100');
INSERT INTO BANDS (band_id, name, date_of_creation, music_type_id, music_subtype_id, website, instagram, image) VALUES ('45', 'Dennis-Henderson', '1995-05-13', '8', '19', 'http://wheeler.org/', '@gstone', 'https://picsum.photos/102/509');
INSERT INTO BANDS (band_id, name, date_of_creation, music_type_id, music_subtype_id, website, instagram, image) VALUES ('46', 'Wilson Inc', '2014-07-02', '1', '15', 'https://www.patel.com/', '@gmyers', 'https://dummyimage.com/450x549');
INSERT INTO BANDS (band_id, name, date_of_creation, music_type_id, music_subtype_id, website, instagram, image) VALUES ('47', 'Jackson and Sons', '1999-01-05', '5', '19', 'https://smith.org/', '@sstevenson', 'https://dummyimage.com/488x348');
INSERT INTO BANDS (band_id, name, date_of_creation, music_type_id, music_subtype_id, website, instagram, image) VALUES ('48', 'Jones, Lopez and Yoder', '1985-01-03', '8', '5', 'http://cook-thompson.com/', '@jacksonkathleen', 'https://dummyimage.com/19x721');
INSERT INTO BANDS (band_id, name, date_of_creation, music_type_id, music_subtype_id, website, instagram, image) VALUES ('49', 'Smith, Marks and Kennedy', '1978-06-06', '4', '17', 'http://fox.com/', '@garcialinda', 'https://dummyimage.com/687x926');
INSERT INTO BANDS (band_id, name, date_of_creation, music_type_id, music_subtype_id, website, instagram, image) VALUES ('50', 'Bell, Gardner and Alvarad', '1992-08-10', '10', '13', 'https://carey.com/', '@rrodriguez', 'https://dummyimage.com/42x302');
INSERT INTO BANDS (band_id, name, date_of_creation, music_type_id, music_subtype_id, website, instagram, image) VALUES ('51', 'Hopkins and Sons', '1999-08-31', '7', '8', 'https://www.lane.biz/', '@jamie13', 'https://dummyimage.com/773x221');
INSERT INTO BANDS (band_id, name, date_of_creation, music_type_id, music_subtype_id, website, instagram, image) VALUES ('52', 'Shelton, Nolan and Cole', '2011-03-19', '9', '15', 'http://bailey.com/', '@james98', 'https://dummyimage.com/703x251');
INSERT INTO BANDS (band_id, name, date_of_creation, music_type_id, music_subtype_id, website, instagram, image) VALUES ('53', 'Knight-Sparks', '1998-12-20', '3', '18', 'https://www.porter.com/', '@hbecker', 'https://dummyimage.com/593x333');
INSERT INTO BANDS (band_id, name, date_of_creation, music_type_id, music_subtype_id, website, instagram, image) VALUES ('54', 'Roberts-Marsh', '1976-06-01', '3', '5', 'https://www.campbell.com/', '@freemanadam', 'https://picsum.photos/721/1');
INSERT INTO BANDS (band_id, name, date_of_creation, music_type_id, music_subtype_id, website, instagram, image) VALUES ('55', 'Taylor-Koch', '2009-07-08', '1', '11', 'http://www.nelson.org/', '@carterantonio', 'https://placekitten.com/726/509');
INSERT INTO BANDS (band_id, name, date_of_creation, music_type_id, music_subtype_id, website, instagram, image) VALUES ('56', 'Hughes, Ross and Strong', '1993-02-18', '5', '39', 'https://elliott.com/', '@feliciagonzalez', 'https://placekitten.com/277/852');
INSERT INTO BANDS (band_id, name, date_of_creation, music_type_id, music_subtype_id, website, instagram, image) VALUES ('57', 'Turner Inc', '1995-08-04', '10', '19', 'https://www.patton-bass.com/', '@alishabenson', 'https://dummyimage.com/732x959');
INSERT INTO BANDS (band_id, name, date_of_creation, music_type_id, music_subtype_id, website, instagram, image) VALUES ('58', 'Owens-Ali', '2006-09-30', '8', '8', 'http://www.davis-taylor.com/', '@bettywatson', 'https://dummyimage.com/600x109');
INSERT INTO BANDS (band_id, name, date_of_creation, music_type_id, music_subtype_id, website, instagram, image) VALUES ('59', 'Powell Inc', '2006-11-07', '8', '20', 'https://www.brown.com/', '@brooke49', 'https://picsum.photos/986/678');
INSERT INTO BANDS (band_id, name, date_of_creation, music_type_id, music_subtype_id, website, instagram, image) VALUES ('60', 'Yang Ltd', '2010-02-12', '7', '18', 'http://www.thomas.com/', '@kevincollins', 'https://placekitten.com/13/993');
INSERT INTO BANDS (band_id, name, date_of_creation, music_type_id, music_subtype_id, website, instagram, image) VALUES ('61', 'Gonzalez, Jones and Herna', '1983-08-05', '9', '35', 'http://www.garcia.net/', '@hmyers', 'https://dummyimage.com/614x828');
INSERT INTO BANDS (band_id, name, date_of_creation, music_type_id, music_subtype_id, website, instagram, image) VALUES ('62', 'Wilkins PLC', '1993-01-25', '8', '29', 'https://www.thomas-smith.com/', '@georgeharmon', 'https://dummyimage.com/410x975');
INSERT INTO BANDS (band_id, name, date_of_creation, music_type_id, music_subtype_id, website, instagram, image) VALUES ('63', 'Roberts-Garcia', '2015-06-03', '2', '39', 'https://hill.info/', '@jli', 'https://dummyimage.com/57x580');
INSERT INTO BANDS (band_id, name, date_of_creation, music_type_id, music_subtype_id, website, instagram, image) VALUES ('64', 'Elliott Inc', '2014-11-11', '1', '28', 'https://www.santos.com/', '@taylorsharp', 'https://picsum.photos/567/18');
INSERT INTO BANDS (band_id, name, date_of_creation, music_type_id, music_subtype_id, website, instagram, image) VALUES ('65', 'Mason-Callahan', '1989-09-12', '6', '39', 'https://brown.org/', '@stephen24', 'https://picsum.photos/620/806');
INSERT INTO BANDS (band_id, name, date_of_creation, music_type_id, music_subtype_id, website, instagram, image) VALUES ('66', 'Webb, Estes and Obrien', '1987-08-19', '5', '2', 'https://www.nguyen.org/', '@bjones', 'https://picsum.photos/325/474');
INSERT INTO BANDS (band_id, name, date_of_creation, music_type_id, music_subtype_id, website, instagram, image) VALUES ('67', 'Rodriguez, Villa and Alva', '1991-02-10', '2', '15', 'http://www.chandler.biz/', '@brownjohn', 'https://dummyimage.com/76x149');
INSERT INTO BANDS (band_id, name, date_of_creation, music_type_id, music_subtype_id, website, instagram, image) VALUES ('68', 'Obrien-Pittman', '1987-03-15', '10', '38', 'https://www.cole.net/', '@jameshenry', 'https://picsum.photos/585/461');
INSERT INTO BANDS (band_id, name, date_of_creation, music_type_id, music_subtype_id, website, instagram, image) VALUES ('69', 'Martin, Cervantes and Sto', '1988-06-10', '1', '18', 'http://www.moyer.com/', '@wardricky', 'https://picsum.photos/147/697');
INSERT INTO BANDS (band_id, name, date_of_creation, music_type_id, music_subtype_id, website, instagram, image) VALUES ('70', 'Blair, Bartlett and May', '2009-02-13', '10', '3', 'http://www.carey.net/', '@lauriegonzales', 'https://placekitten.com/770/145');
INSERT INTO BANDS (band_id, name, date_of_creation, music_type_id, music_subtype_id, website, instagram, image) VALUES ('71', 'Martinez PLC', '1995-08-26', '3', '31', 'http://www.hall-guzman.com/', '@walkershelia', 'https://placekitten.com/514/799');
INSERT INTO BANDS (band_id, name, date_of_creation, music_type_id, music_subtype_id, website, instagram, image) VALUES ('72', 'Jones-Savage', '1994-12-16', '9', '29', 'http://www.frederick.com/', '@aguilarsharon', 'https://picsum.photos/538/61');
INSERT INTO BANDS (band_id, name, date_of_creation, music_type_id, music_subtype_id, website, instagram, image) VALUES ('73', 'Fisher-Gonzalez', '1979-05-26', '5', '12', 'http://www.montoya.com/', '@trevorshaffer', 'https://picsum.photos/72/708');
INSERT INTO BANDS (band_id, name, date_of_creation, music_type_id, music_subtype_id, website, instagram, image) VALUES ('74', 'George-Salazar', '1980-11-03', '10', '28', 'https://www.cummings-garcia.info/', '@debrareynolds', 'https://picsum.photos/621/466');
INSERT INTO BANDS (band_id, name, date_of_creation, music_type_id, music_subtype_id, website, instagram, image) VALUES ('75', 'Johnson and Sons', '2011-09-16', '8', '6', 'https://www.olson.com/', '@jmiles', 'https://dummyimage.com/282x236');
INSERT INTO BANDS (band_id, name, date_of_creation, music_type_id, music_subtype_id, website, instagram, image) VALUES ('76', 'Prince LLC', '1999-04-18', '8', '23', 'http://hull-allen.com/', '@perezjulie', 'https://placekitten.com/93/30');
INSERT INTO BANDS (band_id, name, date_of_creation, music_type_id, music_subtype_id, website, instagram, image) VALUES ('77', 'Hess Inc', '1979-03-19', '7', '22', 'http://campbell.com/', '@whitneyanderson', 'https://placekitten.com/814/980');
INSERT INTO BANDS (band_id, name, date_of_creation, music_type_id, music_subtype_id, website, instagram, image) VALUES ('78', 'Douglas Inc', '1992-05-19', '6', '7', 'http://moss.com/', '@xmarquez', 'https://placekitten.com/599/500');
INSERT INTO BANDS (band_id, name, date_of_creation, music_type_id, music_subtype_id, website, instagram, image) VALUES ('79', 'Flores-Weaver', '1982-06-17', '3', '22', 'http://thornton-howell.com/', '@harrisderrick', 'https://placekitten.com/472/624');
INSERT INTO BANDS (band_id, name, date_of_creation, music_type_id, music_subtype_id, website, instagram, image) VALUES ('80', 'Clark, Watson and Velasqu', '1985-01-06', '7', '32', 'http://www.alexander.com/', '@rhuff', 'https://dummyimage.com/569x786');
INSERT INTO BANDS (band_id, name, date_of_creation, music_type_id, music_subtype_id, website, instagram, image) VALUES ('81', 'Brown PLC', '2001-06-25', '5', '26', 'https://www.cruz-williams.com/', '@blopez', 'https://picsum.photos/107/624');
INSERT INTO BANDS (band_id, name, date_of_creation, music_type_id, music_subtype_id, website, instagram, image) VALUES ('82', 'Hines, Pineda and Kent', '1998-03-27', '9', '3', 'https://www.peterson.biz/', '@vpatton', 'https://placekitten.com/116/223');
INSERT INTO BANDS (band_id, name, date_of_creation, music_type_id, music_subtype_id, website, instagram, image) VALUES ('83', 'Farley-Randolph', '1994-11-30', '8', '6', 'https://ball.biz/', '@preese', 'https://dummyimage.com/270x31');
INSERT INTO BANDS (band_id, name, date_of_creation, music_type_id, music_subtype_id, website, instagram, image) VALUES ('84', 'Tapia, Miller and Wright', '2012-04-17', '6', '17', 'https://foster.com/', '@martinezashley', 'https://picsum.photos/657/541');
INSERT INTO BANDS (band_id, name, date_of_creation, music_type_id, music_subtype_id, website, instagram, image) VALUES ('85', 'Ford-Gonzales', '2007-02-05', '6', '8', 'http://little-hawkins.biz/', '@rileychristopher', 'https://dummyimage.com/643x131');
INSERT INTO BANDS (band_id, name, date_of_creation, music_type_id, music_subtype_id, website, instagram, image) VALUES ('86', 'Scott LLC', '1993-01-06', '7', '33', 'https://www.mccoy.org/', '@halldiamond', 'https://placekitten.com/377/901');
INSERT INTO BANDS (band_id, name, date_of_creation, music_type_id, music_subtype_id, website, instagram, image) VALUES ('87', 'Williams-Love', '1979-06-30', '1', '35', 'https://gregory.net/', '@burkemichael', 'https://picsum.photos/158/908');
INSERT INTO BANDS (band_id, name, date_of_creation, music_type_id, music_subtype_id, website, instagram, image) VALUES ('88', 'Jones, Harris and Hudson', '2021-09-12', '8', '27', 'https://www.simmons.org/', '@matthew65', 'https://placekitten.com/963/602');
INSERT INTO BANDS (band_id, name, date_of_creation, music_type_id, music_subtype_id, website, instagram, image) VALUES ('89', 'Martin Inc', '1995-02-24', '1', '13', 'http://www.lynch.net/', '@shelby69', 'https://dummyimage.com/66x307');
INSERT INTO BANDS (band_id, name, date_of_creation, music_type_id, music_subtype_id, website, instagram, image) VALUES ('90', 'Miller, Jones and Walls', '1990-08-21', '9', '24', 'https://www.yates.net/', '@mstewart', 'https://dummyimage.com/600x499');
INSERT INTO BANDS (band_id, name, date_of_creation, music_type_id, music_subtype_id, website, instagram, image) VALUES ('91', 'Lloyd LLC', '1991-01-25', '10', '32', 'https://compton.biz/', '@christopher88', 'https://placekitten.com/156/741');
INSERT INTO BANDS (band_id, name, date_of_creation, music_type_id, music_subtype_id, website, instagram, image) VALUES ('92', 'Jacobs-Cole', '2003-11-10', '8', '4', 'http://www.sanchez.com/', '@laura55', 'https://dummyimage.com/241x166');
INSERT INTO BANDS (band_id, name, date_of_creation, music_type_id, music_subtype_id, website, instagram, image) VALUES ('93', 'Wagner-Hernandez', '2008-12-26', '4', '18', 'http://www.smith-martinez.com/', '@inewton', 'https://picsum.photos/69/883');
INSERT INTO BANDS (band_id, name, date_of_creation, music_type_id, music_subtype_id, website, instagram, image) VALUES ('94', 'Jackson, Jones and Robert', '2011-05-18', '9', '9', 'https://anderson-terry.com/', '@david59', 'https://picsum.photos/220/92');
INSERT INTO BANDS (band_id, name, date_of_creation, music_type_id, music_subtype_id, website, instagram, image) VALUES ('95', 'Mccall, Dodson and Lozano', '2018-04-14', '5', '29', 'https://todd-graves.com/', '@hernandezalan', 'https://dummyimage.com/757x928');
INSERT INTO BANDS (band_id, name, date_of_creation, music_type_id, music_subtype_id, website, instagram, image) VALUES ('96', 'Gonzales-Romero', '2015-05-17', '8', '8', 'https://www.evans.com/', '@ymitchell', 'https://picsum.photos/652/365');
INSERT INTO BANDS (band_id, name, date_of_creation, music_type_id, music_subtype_id, website, instagram, image) VALUES ('97', 'Cervantes Ltd', '2025-02-05', '1', '39', 'http://ramirez.com/', '@gabriel44', 'https://picsum.photos/996/898');
INSERT INTO BANDS (band_id, name, date_of_creation, music_type_id, music_subtype_id, website, instagram, image) VALUES ('98', 'Roberts LLC', '2016-08-09', '4', '11', 'http://www.ramirez.net/', '@anthonyorr', 'https://dummyimage.com/399x13');
INSERT INTO BANDS (band_id, name, date_of_creation, music_type_id, music_subtype_id, website, instagram, image) VALUES ('99', 'Wood LLC', '2014-03-23', '5', '36', 'https://martinez.com/', '@foneal', 'https://picsum.photos/538/177');
INSERT INTO BANDS (band_id, name, date_of_creation, music_type_id, music_subtype_id, website, instagram, image) VALUES ('100', 'Dennis-Wilson', '1999-06-05', '1', '36', 'http://www.jones.info/', '@mannleroy', 'https://picsum.photos/78/887');
INSERT INTO ARTISTS_X_BANDS (artist_id, band_id) VALUES ('87', '80');
INSERT INTO ARTISTS_X_BANDS (artist_id, band_id) VALUES ('164', '55');
INSERT INTO ARTISTS_X_BANDS (artist_id, band_id) VALUES ('105', '15');
INSERT INTO ARTISTS_X_BANDS (artist_id, band_id) VALUES ('94', '12');
INSERT INTO ARTISTS_X_BANDS (artist_id, band_id) VALUES ('142', '98');
INSERT INTO ARTISTS_X_BANDS (artist_id, band_id) VALUES ('114', '45');
INSERT INTO ARTISTS_X_BANDS (artist_id, band_id) VALUES ('37', '97');
INSERT INTO ARTISTS_X_BANDS (artist_id, band_id) VALUES ('169', '63');
INSERT INTO ARTISTS_X_BANDS (artist_id, band_id) VALUES ('89', '43');
INSERT INTO ARTISTS_X_BANDS (artist_id, band_id) VALUES ('167', '11');
INSERT INTO ARTISTS_X_BANDS (artist_id, band_id) VALUES ('195', '82');
INSERT INTO ARTISTS_X_BANDS (artist_id, band_id) VALUES ('68', '75');
INSERT INTO ARTISTS_X_BANDS (artist_id, band_id) VALUES ('167', '20');
INSERT INTO ARTISTS_X_BANDS (artist_id, band_id) VALUES ('130', '35');
INSERT INTO ARTISTS_X_BANDS (artist_id, band_id) VALUES ('121', '32');
INSERT INTO ARTISTS_X_BANDS (artist_id, band_id) VALUES ('118', '33');
INSERT INTO ARTISTS_X_BANDS (artist_id, band_id) VALUES ('49', '80');
INSERT INTO ARTISTS_X_BANDS (artist_id, band_id) VALUES ('161', '13');
INSERT INTO ARTISTS_X_BANDS (artist_id, band_id) VALUES ('62', '74');
INSERT INTO ARTISTS_X_BANDS (artist_id, band_id) VALUES ('119', '16');
INSERT INTO ARTISTS_X_BANDS (artist_id, band_id) VALUES ('128', '92');
INSERT INTO ARTISTS_X_BANDS (artist_id, band_id) VALUES ('128', '37');
INSERT INTO ARTISTS_X_BANDS (artist_id, band_id) VALUES ('58', '15');
INSERT INTO ARTISTS_X_BANDS (artist_id, band_id) VALUES ('137', '49');
INSERT INTO ARTISTS_X_BANDS (artist_id, band_id) VALUES ('66', '62');
INSERT INTO ARTISTS_X_BANDS (artist_id, band_id) VALUES ('151', '75');
INSERT INTO ARTISTS_X_BANDS (artist_id, band_id) VALUES ('102', '36');
INSERT INTO ARTISTS_X_BANDS (artist_id, band_id) VALUES ('52', '17');
INSERT INTO ARTISTS_X_BANDS (artist_id, band_id) VALUES ('112', '13');
INSERT INTO ARTISTS_X_BANDS (artist_id, band_id) VALUES ('192', '12');
INSERT INTO ARTISTS_X_BANDS (artist_id, band_id) VALUES ('121', '34');
INSERT INTO ARTISTS_X_BANDS (artist_id, band_id) VALUES ('84', '79');
INSERT INTO ARTISTS_X_BANDS (artist_id, band_id) VALUES ('107', '44');
INSERT INTO ARTISTS_X_BANDS (artist_id, band_id) VALUES ('102', '2');
INSERT INTO ARTISTS_X_BANDS (artist_id, band_id) VALUES ('188', '17');
INSERT INTO ARTISTS_X_BANDS (artist_id, band_id) VALUES ('156', '46');
INSERT INTO ARTISTS_X_BANDS (artist_id, band_id) VALUES ('117', '39');
INSERT INTO ARTISTS_X_BANDS (artist_id, band_id) VALUES ('41', '10');
INSERT INTO ARTISTS_X_BANDS (artist_id, band_id) VALUES ('113', '5');
INSERT INTO ARTISTS_X_BANDS (artist_id, band_id) VALUES ('84', '8');
INSERT INTO ARTISTS_X_BANDS (artist_id, band_id) VALUES ('61', '49');
INSERT INTO ARTISTS_X_BANDS (artist_id, band_id) VALUES ('82', '81');
INSERT INTO ARTISTS_X_BANDS (artist_id, band_id) VALUES ('176', '100');
INSERT INTO ARTISTS_X_BANDS (artist_id, band_id) VALUES ('1', '37');
INSERT INTO ARTISTS_X_BANDS (artist_id, band_id) VALUES ('120', '10');
INSERT INTO ARTISTS_X_BANDS (artist_id, band_id) VALUES ('191', '61');
INSERT INTO ARTISTS_X_BANDS (artist_id, band_id) VALUES ('51', '50');
INSERT INTO ARTISTS_X_BANDS (artist_id, band_id) VALUES ('125', '70');
INSERT INTO ARTISTS_X_BANDS (artist_id, band_id) VALUES ('38', '32');
INSERT INTO ARTISTS_X_BANDS (artist_id, band_id) VALUES ('71', '99');
INSERT INTO ARTISTS_X_BANDS (artist_id, band_id) VALUES ('120', '37');
INSERT INTO ARTISTS_X_BANDS (artist_id, band_id) VALUES ('38', '50');
INSERT INTO ARTISTS_X_BANDS (artist_id, band_id) VALUES ('17', '82');
INSERT INTO ARTISTS_X_BANDS (artist_id, band_id) VALUES ('26', '57');
INSERT INTO ARTISTS_X_BANDS (artist_id, band_id) VALUES ('197', '85');
INSERT INTO ARTISTS_X_BANDS (artist_id, band_id) VALUES ('98', '82');
INSERT INTO ARTISTS_X_BANDS (artist_id, band_id) VALUES ('173', '30');
INSERT INTO ARTISTS_X_BANDS (artist_id, band_id) VALUES ('117', '71');
INSERT INTO ARTISTS_X_BANDS (artist_id, band_id) VALUES ('161', '83');
INSERT INTO ARTISTS_X_BANDS (artist_id, band_id) VALUES ('36', '6');
INSERT INTO ARTISTS_X_BANDS (artist_id, band_id) VALUES ('156', '96');
INSERT INTO ARTISTS_X_BANDS (artist_id, band_id) VALUES ('121', '4');
INSERT INTO ARTISTS_X_BANDS (artist_id, band_id) VALUES ('33', '65');
INSERT INTO ARTISTS_X_BANDS (artist_id, band_id) VALUES ('96', '14');
INSERT INTO ARTISTS_X_BANDS (artist_id, band_id) VALUES ('107', '23');
INSERT INTO ARTISTS_X_BANDS (artist_id, band_id) VALUES ('26', '68');
INSERT INTO ARTISTS_X_BANDS (artist_id, band_id) VALUES ('180', '38');
INSERT INTO ARTISTS_X_BANDS (artist_id, band_id) VALUES ('62', '64');
INSERT INTO ARTISTS_X_BANDS (artist_id, band_id) VALUES ('159', '88');
INSERT INTO ARTISTS_X_BANDS (artist_id, band_id) VALUES ('174', '70');
INSERT INTO ARTISTS_X_BANDS (artist_id, band_id) VALUES ('45', '11');
INSERT INTO ARTISTS_X_BANDS (artist_id, band_id) VALUES ('102', '72');
INSERT INTO ARTISTS_X_BANDS (artist_id, band_id) VALUES ('166', '20');
INSERT INTO ARTISTS_X_BANDS (artist_id, band_id) VALUES ('124', '14');
INSERT INTO ARTISTS_X_BANDS (artist_id, band_id) VALUES ('32', '59');
INSERT INTO ARTISTS_X_BANDS (artist_id, band_id) VALUES ('107', '62');
INSERT INTO ARTISTS_X_BANDS (artist_id, band_id) VALUES ('70', '22');
INSERT INTO ARTISTS_X_BANDS (artist_id, band_id) VALUES ('58', '87');
INSERT INTO ARTISTS_X_BANDS (artist_id, band_id) VALUES ('35', '9');
INSERT INTO ARTISTS_X_BANDS (artist_id, band_id) VALUES ('117', '2');
INSERT INTO ARTISTS_X_BANDS (artist_id, band_id) VALUES ('99', '85');
INSERT INTO ARTISTS_X_BANDS (artist_id, band_id) VALUES ('199', '53');
INSERT INTO ARTISTS_X_BANDS (artist_id, band_id) VALUES ('99', '30');
INSERT INTO ARTISTS_X_BANDS (artist_id, band_id) VALUES ('159', '72');
INSERT INTO ARTISTS_X_BANDS (artist_id, band_id) VALUES ('76', '46');
INSERT INTO ARTISTS_X_BANDS (artist_id, band_id) VALUES ('140', '49');
INSERT INTO ARTISTS_X_BANDS (artist_id, band_id) VALUES ('192', '87');
INSERT INTO ARTISTS_X_BANDS (artist_id, band_id) VALUES ('194', '93');
INSERT INTO ARTISTS_X_BANDS (artist_id, band_id) VALUES ('75', '66');
INSERT INTO ARTISTS_X_BANDS (artist_id, band_id) VALUES ('178', '51');
INSERT INTO ARTISTS_X_BANDS (artist_id, band_id) VALUES ('105', '12');
INSERT INTO ARTISTS_X_BANDS (artist_id, band_id) VALUES ('181', '13');
INSERT INTO ARTISTS_X_BANDS (artist_id, band_id) VALUES ('8', '6');
INSERT INTO ARTISTS_X_BANDS (artist_id, band_id) VALUES ('47', '22');
INSERT INTO ARTISTS_X_BANDS (artist_id, band_id) VALUES ('164', '33');
INSERT INTO ARTISTS_X_BANDS (artist_id, band_id) VALUES ('40', '10');
INSERT INTO ARTISTS_X_BANDS (artist_id, band_id) VALUES ('157', '49');
INSERT INTO ARTISTS_X_BANDS (artist_id, band_id) VALUES ('49', '77');
INSERT INTO ARTISTS_X_BANDS (artist_id, band_id) VALUES ('186', '39');
INSERT INTO ARTISTS_X_BANDS (artist_id, band_id) VALUES ('185', '19');
INSERT INTO ARTISTS_X_BANDS (artist_id, band_id) VALUES ('150', '19');
INSERT INTO ARTISTS_X_BANDS (artist_id, band_id) VALUES ('175', '18');
INSERT INTO ARTISTS_X_BANDS (artist_id, band_id) VALUES ('87', '15');
INSERT INTO ARTISTS_X_BANDS (artist_id, band_id) VALUES ('3', '73');
INSERT INTO ARTISTS_X_BANDS (artist_id, band_id) VALUES ('127', '5');
INSERT INTO ARTISTS_X_BANDS (artist_id, band_id) VALUES ('152', '43');
INSERT INTO ARTISTS_X_BANDS (artist_id, band_id) VALUES ('199', '30');
INSERT INTO ARTISTS_X_BANDS (artist_id, band_id) VALUES ('136', '65');
INSERT INTO ARTISTS_X_BANDS (artist_id, band_id) VALUES ('65', '87');
INSERT INTO ARTISTS_X_BANDS (artist_id, band_id) VALUES ('57', '83');
INSERT INTO ARTISTS_X_BANDS (artist_id, band_id) VALUES ('186', '87');
INSERT INTO ARTISTS_X_BANDS (artist_id, band_id) VALUES ('76', '96');
INSERT INTO ARTISTS_X_BANDS (artist_id, band_id) VALUES ('131', '96');
INSERT INTO ARTISTS_X_BANDS (artist_id, band_id) VALUES ('11', '40');
INSERT INTO ARTISTS_X_BANDS (artist_id, band_id) VALUES ('149', '47');
INSERT INTO ARTISTS_X_BANDS (artist_id, band_id) VALUES ('10', '80');
INSERT INTO ARTISTS_X_BANDS (artist_id, band_id) VALUES ('145', '88');
INSERT INTO ARTISTS_X_BANDS (artist_id, band_id) VALUES ('49', '90');
INSERT INTO ARTISTS_X_BANDS (artist_id, band_id) VALUES ('6', '85');
INSERT INTO ARTISTS_X_BANDS (artist_id, band_id) VALUES ('178', '39');
INSERT INTO ARTISTS_X_BANDS (artist_id, band_id) VALUES ('95', '87');
INSERT INTO ARTISTS_X_BANDS (artist_id, band_id) VALUES ('84', '96');
INSERT INTO ARTISTS_X_BANDS (artist_id, band_id) VALUES ('184', '98');
INSERT INTO ARTISTS_X_BANDS (artist_id, band_id) VALUES ('119', '90');
INSERT INTO ARTISTS_X_BANDS (artist_id, band_id) VALUES ('139', '47');
INSERT INTO ARTISTS_X_BANDS (artist_id, band_id) VALUES ('68', '69');
INSERT INTO ARTISTS_X_BANDS (artist_id, band_id) VALUES ('162', '88');
INSERT INTO ARTISTS_X_BANDS (artist_id, band_id) VALUES ('74', '30');
INSERT INTO ARTISTS_X_BANDS (artist_id, band_id) VALUES ('151', '39');
INSERT INTO ARTISTS_X_BANDS (artist_id, band_id) VALUES ('181', '49');
INSERT INTO ARTISTS_X_BANDS (artist_id, band_id) VALUES ('24', '38');
INSERT INTO ARTISTS_X_BANDS (artist_id, band_id) VALUES ('18', '31');
INSERT INTO ARTISTS_X_BANDS (artist_id, band_id) VALUES ('171', '2');
INSERT INTO ARTISTS_X_BANDS (artist_id, band_id) VALUES ('136', '53');
INSERT INTO ARTISTS_X_BANDS (artist_id, band_id) VALUES ('105', '84');
INSERT INTO ARTISTS_X_BANDS (artist_id, band_id) VALUES ('177', '33');
INSERT INTO ARTISTS_X_BANDS (artist_id, band_id) VALUES ('85', '87');
INSERT INTO ARTISTS_X_BANDS (artist_id, band_id) VALUES ('114', '22');
INSERT INTO ARTISTS_X_BANDS (artist_id, band_id) VALUES ('60', '60');
INSERT INTO ARTISTS_X_BANDS (artist_id, band_id) VALUES ('138', '62');
INSERT INTO ARTISTS_X_BANDS (artist_id, band_id) VALUES ('96', '56');
INSERT INTO ARTISTS_X_BANDS (artist_id, band_id) VALUES ('191', '7');
INSERT INTO ARTISTS_X_BANDS (artist_id, band_id) VALUES ('78', '84');
INSERT INTO ARTISTS_X_BANDS (artist_id, band_id) VALUES ('147', '46');
INSERT INTO ARTISTS_X_BANDS (artist_id, band_id) VALUES ('117', '42');
INSERT INTO ARTISTS_X_BANDS (artist_id, band_id) VALUES ('39', '58');
INSERT INTO ARTISTS_X_BANDS (artist_id, band_id) VALUES ('12', '41');
INSERT INTO ARTISTS_X_BANDS (artist_id, band_id) VALUES ('148', '38');
INSERT INTO ARTISTS_X_BANDS (artist_id, band_id) VALUES ('57', '82');
INSERT INTO ARTISTS_X_BANDS (artist_id, band_id) VALUES ('181', '35');
INSERT INTO PERFORMANCE_TYPES (performance_type) VALUES ('Warm Up');
INSERT INTO PERFORMANCE_TYPES (performance_type) VALUES ('Headline');
INSERT INTO PERFORMANCE_TYPES (performance_type) VALUES ('Special Guest');
INSERT INTO FESTIVAL_EVENTS (event_id, festival_id, stage_id, event_date, duration, image) VALUES ('1', '5', '78', '2017-12-25', '123', 'https://placekitten.com/650/389');
INSERT INTO FESTIVAL_EVENTS (event_id, festival_id, stage_id, event_date, duration, image) VALUES ('2', '15', '25', '2014-12-28', '90', 'https://picsum.photos/72/16');
INSERT INTO FESTIVAL_EVENTS (event_id, festival_id, stage_id, event_date, duration, image) VALUES ('3', '69', '35', '1979-04-26', '109', 'https://placekitten.com/770/450');
INSERT INTO FESTIVAL_EVENTS (event_id, festival_id, stage_id, event_date, duration, image) VALUES ('4', '59', '95', '1983-04-26', '145', 'https://picsum.photos/543/962');
INSERT INTO FESTIVAL_EVENTS (event_id, festival_id, stage_id, event_date, duration, image) VALUES ('5', '96', '139', '2002-12-21', '113', 'https://dummyimage.com/383x1017');
INSERT INTO FESTIVAL_EVENTS (event_id, festival_id, stage_id, event_date, duration, image) VALUES ('6', '76', '40', '1978-12-20', '173', 'https://placekitten.com/406/181');
INSERT INTO FESTIVAL_EVENTS (event_id, festival_id, stage_id, event_date, duration, image) VALUES ('7', '54', '26', '2019-03-22', '166', 'https://dummyimage.com/438x6');
INSERT INTO FESTIVAL_EVENTS (event_id, festival_id, stage_id, event_date, duration, image) VALUES ('8', '63', '105', '1974-07-30', '180', 'https://placekitten.com/1004/427');
INSERT INTO FESTIVAL_EVENTS (event_id, festival_id, stage_id, event_date, duration, image) VALUES ('9', '36', '9', '1982-02-14', '148', 'https://placekitten.com/79/856');
INSERT INTO FESTIVAL_EVENTS (event_id, festival_id, stage_id, event_date, duration, image) VALUES ('10', '48', '56', '1987-11-26', '116', 'https://placekitten.com/778/480');
INSERT INTO FESTIVAL_EVENTS (event_id, festival_id, stage_id, event_date, duration, image) VALUES ('11', '57', '61', '1993-09-24', '169', 'https://dummyimage.com/991x368');
INSERT INTO FESTIVAL_EVENTS (event_id, festival_id, stage_id, event_date, duration, image) VALUES ('12', '47', '26', '1985-10-12', '147', 'https://dummyimage.com/598x993');
INSERT INTO FESTIVAL_EVENTS (event_id, festival_id, stage_id, event_date, duration, image) VALUES ('13', '48', '140', '2024-03-21', '175', 'https://placekitten.com/803/731');
INSERT INTO FESTIVAL_EVENTS (event_id, festival_id, stage_id, event_date, duration, image) VALUES ('14', '83', '92', '2002-09-24', '67', 'https://picsum.photos/605/197');
INSERT INTO FESTIVAL_EVENTS (event_id, festival_id, stage_id, event_date, duration, image) VALUES ('15', '51', '71', '1977-08-24', '84', 'https://dummyimage.com/588x859');
INSERT INTO FESTIVAL_EVENTS (event_id, festival_id, stage_id, event_date, duration, image) VALUES ('16', '16', '117', '1992-02-22', '71', 'https://picsum.photos/506/870');
INSERT INTO FESTIVAL_EVENTS (event_id, festival_id, stage_id, event_date, duration, image) VALUES ('17', '85', '55', '1981-12-28', '142', 'https://placekitten.com/951/653');
INSERT INTO FESTIVAL_EVENTS (event_id, festival_id, stage_id, event_date, duration, image) VALUES ('18', '82', '6', '1977-09-22', '66', 'https://placekitten.com/711/815');
INSERT INTO FESTIVAL_EVENTS (event_id, festival_id, stage_id, event_date, duration, image) VALUES ('19', '43', '63', '1978-09-18', '76', 'https://placekitten.com/990/1001');
INSERT INTO FESTIVAL_EVENTS (event_id, festival_id, stage_id, event_date, duration, image) VALUES ('20', '73', '53', '1998-01-14', '68', 'https://dummyimage.com/480x59');
INSERT INTO FESTIVAL_EVENTS (event_id, festival_id, stage_id, event_date, duration, image) VALUES ('21', '98', '142', '1988-03-26', '86', 'https://picsum.photos/440/837');
INSERT INTO FESTIVAL_EVENTS (event_id, festival_id, stage_id, event_date, duration, image) VALUES ('22', '76', '56', '2008-04-05', '164', 'https://placekitten.com/661/535');
INSERT INTO FESTIVAL_EVENTS (event_id, festival_id, stage_id, event_date, duration, image) VALUES ('23', '30', '85', '1991-08-13', '159', 'https://dummyimage.com/842x801');
INSERT INTO FESTIVAL_EVENTS (event_id, festival_id, stage_id, event_date, duration, image) VALUES ('24', '19', '1', '1998-12-08', '95', 'https://picsum.photos/816/533');
INSERT INTO FESTIVAL_EVENTS (event_id, festival_id, stage_id, event_date, duration, image) VALUES ('25', '19', '34', '1988-04-05', '129', 'https://dummyimage.com/994x448');
INSERT INTO FESTIVAL_EVENTS (event_id, festival_id, stage_id, event_date, duration, image) VALUES ('26', '33', '45', '2013-04-19', '74', 'https://dummyimage.com/93x631');
INSERT INTO FESTIVAL_EVENTS (event_id, festival_id, stage_id, event_date, duration, image) VALUES ('27', '85', '7', '1997-11-20', '76', 'https://placekitten.com/453/341');
INSERT INTO FESTIVAL_EVENTS (event_id, festival_id, stage_id, event_date, duration, image) VALUES ('28', '2', '92', '1984-01-13', '161', 'https://picsum.photos/225/675');
INSERT INTO FESTIVAL_EVENTS (event_id, festival_id, stage_id, event_date, duration, image) VALUES ('29', '31', '83', '2011-03-03', '62', 'https://dummyimage.com/40x43');
INSERT INTO FESTIVAL_EVENTS (event_id, festival_id, stage_id, event_date, duration, image) VALUES ('30', '23', '68', '1976-02-22', '66', 'https://placekitten.com/682/722');
INSERT INTO FESTIVAL_EVENTS (event_id, festival_id, stage_id, event_date, duration, image) VALUES ('31', '17', '108', '1974-04-27', '127', 'https://dummyimage.com/100x431');
INSERT INTO FESTIVAL_EVENTS (event_id, festival_id, stage_id, event_date, duration, image) VALUES ('32', '15', '17', '2006-06-10', '120', 'https://placekitten.com/406/321');
INSERT INTO FESTIVAL_EVENTS (event_id, festival_id, stage_id, event_date, duration, image) VALUES ('33', '58', '93', '1996-11-30', '125', 'https://picsum.photos/469/594');
INSERT INTO FESTIVAL_EVENTS (event_id, festival_id, stage_id, event_date, duration, image) VALUES ('34', '76', '28', '1995-06-11', '117', 'https://picsum.photos/678/846');
INSERT INTO FESTIVAL_EVENTS (event_id, festival_id, stage_id, event_date, duration, image) VALUES ('35', '65', '57', '2007-08-18', '138', 'https://picsum.photos/509/27');
INSERT INTO FESTIVAL_EVENTS (event_id, festival_id, stage_id, event_date, duration, image) VALUES ('36', '6', '134', '1971-05-13', '98', 'https://dummyimage.com/209x814');
INSERT INTO FESTIVAL_EVENTS (event_id, festival_id, stage_id, event_date, duration, image) VALUES ('37', '59', '8', '1972-11-17', '67', 'https://dummyimage.com/321x579');
INSERT INTO FESTIVAL_EVENTS (event_id, festival_id, stage_id, event_date, duration, image) VALUES ('38', '62', '103', '1971-08-26', '114', 'https://picsum.photos/471/506');
INSERT INTO FESTIVAL_EVENTS (event_id, festival_id, stage_id, event_date, duration, image) VALUES ('39', '88', '28', '1988-07-16', '122', 'https://placekitten.com/253/773');
INSERT INTO FESTIVAL_EVENTS (event_id, festival_id, stage_id, event_date, duration, image) VALUES ('40', '92', '114', '1997-04-09', '69', 'https://picsum.photos/268/552');
INSERT INTO FESTIVAL_EVENTS (event_id, festival_id, stage_id, event_date, duration, image) VALUES ('41', '11', '83', '1975-03-18', '137', 'https://picsum.photos/151/850');
INSERT INTO FESTIVAL_EVENTS (event_id, festival_id, stage_id, event_date, duration, image) VALUES ('42', '19', '17', '1971-01-02', '76', 'https://placekitten.com/310/195');
INSERT INTO FESTIVAL_EVENTS (event_id, festival_id, stage_id, event_date, duration, image) VALUES ('43', '36', '150', '2010-01-10', '130', 'https://placekitten.com/801/397');
INSERT INTO FESTIVAL_EVENTS (event_id, festival_id, stage_id, event_date, duration, image) VALUES ('44', '92', '84', '1991-03-31', '108', 'https://placekitten.com/662/870');
INSERT INTO FESTIVAL_EVENTS (event_id, festival_id, stage_id, event_date, duration, image) VALUES ('45', '77', '136', '2020-08-05', '97', 'https://dummyimage.com/47x618');
INSERT INTO FESTIVAL_EVENTS (event_id, festival_id, stage_id, event_date, duration, image) VALUES ('46', '59', '130', '2001-03-25', '137', 'https://dummyimage.com/415x204');
INSERT INTO FESTIVAL_EVENTS (event_id, festival_id, stage_id, event_date, duration, image) VALUES ('47', '56', '26', '2014-08-24', '161', 'https://dummyimage.com/965x771');
INSERT INTO FESTIVAL_EVENTS (event_id, festival_id, stage_id, event_date, duration, image) VALUES ('48', '90', '30', '1999-03-26', '169', 'https://dummyimage.com/190x455');
INSERT INTO FESTIVAL_EVENTS (event_id, festival_id, stage_id, event_date, duration, image) VALUES ('49', '84', '142', '2008-03-05', '152', 'https://dummyimage.com/570x989');
INSERT INTO FESTIVAL_EVENTS (event_id, festival_id, stage_id, event_date, duration, image) VALUES ('50', '28', '111', '2017-10-31', '117', 'https://picsum.photos/500/783');
INSERT INTO FESTIVAL_EVENTS (event_id, festival_id, stage_id, event_date, duration, image) VALUES ('51', '30', '106', '2003-10-28', '103', 'https://placekitten.com/806/763');
INSERT INTO FESTIVAL_EVENTS (event_id, festival_id, stage_id, event_date, duration, image) VALUES ('52', '59', '103', '2018-08-17', '113', 'https://picsum.photos/221/926');
INSERT INTO FESTIVAL_EVENTS (event_id, festival_id, stage_id, event_date, duration, image) VALUES ('53', '94', '25', '2009-04-29', '100', 'https://picsum.photos/50/813');
INSERT INTO FESTIVAL_EVENTS (event_id, festival_id, stage_id, event_date, duration, image) VALUES ('54', '55', '81', '2000-06-04', '145', 'https://placekitten.com/757/976');
INSERT INTO FESTIVAL_EVENTS (event_id, festival_id, stage_id, event_date, duration, image) VALUES ('55', '33', '96', '1977-05-31', '79', 'https://picsum.photos/636/680');
INSERT INTO FESTIVAL_EVENTS (event_id, festival_id, stage_id, event_date, duration, image) VALUES ('56', '88', '122', '2025-02-05', '68', 'https://placekitten.com/171/195');
INSERT INTO FESTIVAL_EVENTS (event_id, festival_id, stage_id, event_date, duration, image) VALUES ('57', '12', '22', '1981-07-08', '71', 'https://placekitten.com/425/1003');
INSERT INTO FESTIVAL_EVENTS (event_id, festival_id, stage_id, event_date, duration, image) VALUES ('58', '56', '25', '1987-01-05', '155', 'https://dummyimage.com/171x289');
INSERT INTO FESTIVAL_EVENTS (event_id, festival_id, stage_id, event_date, duration, image) VALUES ('59', '95', '96', '2011-12-14', '163', 'https://picsum.photos/969/476');
INSERT INTO FESTIVAL_EVENTS (event_id, festival_id, stage_id, event_date, duration, image) VALUES ('60', '17', '143', '2022-03-23', '67', 'https://dummyimage.com/1010x516');
INSERT INTO FESTIVAL_EVENTS (event_id, festival_id, stage_id, event_date, duration, image) VALUES ('61', '76', '144', '1991-03-13', '131', 'https://picsum.photos/691/308');
INSERT INTO FESTIVAL_EVENTS (event_id, festival_id, stage_id, event_date, duration, image) VALUES ('62', '43', '32', '1991-11-16', '112', 'https://dummyimage.com/832x11');
INSERT INTO FESTIVAL_EVENTS (event_id, festival_id, stage_id, event_date, duration, image) VALUES ('63', '46', '109', '2016-12-24', '171', 'https://placekitten.com/428/1000');
INSERT INTO FESTIVAL_EVENTS (event_id, festival_id, stage_id, event_date, duration, image) VALUES ('64', '93', '14', '2004-01-05', '96', 'https://dummyimage.com/641x482');
INSERT INTO FESTIVAL_EVENTS (event_id, festival_id, stage_id, event_date, duration, image) VALUES ('65', '77', '80', '2001-05-25', '105', 'https://picsum.photos/989/166');
INSERT INTO FESTIVAL_EVENTS (event_id, festival_id, stage_id, event_date, duration, image) VALUES ('66', '14', '148', '1998-12-20', '124', 'https://picsum.photos/158/769');
INSERT INTO FESTIVAL_EVENTS (event_id, festival_id, stage_id, event_date, duration, image) VALUES ('67', '28', '40', '2021-07-04', '144', 'https://placekitten.com/27/331');
INSERT INTO FESTIVAL_EVENTS (event_id, festival_id, stage_id, event_date, duration, image) VALUES ('68', '62', '58', '2020-11-29', '168', 'https://picsum.photos/248/340');
INSERT INTO FESTIVAL_EVENTS (event_id, festival_id, stage_id, event_date, duration, image) VALUES ('69', '14', '90', '1999-10-12', '168', 'https://dummyimage.com/232x79');
INSERT INTO FESTIVAL_EVENTS (event_id, festival_id, stage_id, event_date, duration, image) VALUES ('70', '72', '95', '2003-09-12', '74', 'https://picsum.photos/349/997');
INSERT INTO FESTIVAL_EVENTS (event_id, festival_id, stage_id, event_date, duration, image) VALUES ('71', '98', '72', '2020-12-20', '133', 'https://picsum.photos/856/817');
INSERT INTO FESTIVAL_EVENTS (event_id, festival_id, stage_id, event_date, duration, image) VALUES ('72', '29', '110', '1990-03-12', '168', 'https://dummyimage.com/240x891');
INSERT INTO FESTIVAL_EVENTS (event_id, festival_id, stage_id, event_date, duration, image) VALUES ('73', '72', '143', '2018-12-29', '63', 'https://placekitten.com/555/660');
INSERT INTO FESTIVAL_EVENTS (event_id, festival_id, stage_id, event_date, duration, image) VALUES ('74', '78', '69', '1995-04-16', '63', 'https://dummyimage.com/339x289');
INSERT INTO FESTIVAL_EVENTS (event_id, festival_id, stage_id, event_date, duration, image) VALUES ('75', '24', '70', '2005-08-10', '149', 'https://placekitten.com/418/760');
INSERT INTO FESTIVAL_EVENTS (event_id, festival_id, stage_id, event_date, duration, image) VALUES ('76', '98', '80', '2011-02-20', '177', 'https://dummyimage.com/514x966');
INSERT INTO FESTIVAL_EVENTS (event_id, festival_id, stage_id, event_date, duration, image) VALUES ('77', '44', '90', '1984-05-01', '60', 'https://picsum.photos/676/277');
INSERT INTO FESTIVAL_EVENTS (event_id, festival_id, stage_id, event_date, duration, image) VALUES ('78', '24', '37', '2005-09-07', '132', 'https://dummyimage.com/970x20');
INSERT INTO FESTIVAL_EVENTS (event_id, festival_id, stage_id, event_date, duration, image) VALUES ('79', '85', '103', '1998-05-01', '68', 'https://dummyimage.com/367x307');
INSERT INTO FESTIVAL_EVENTS (event_id, festival_id, stage_id, event_date, duration, image) VALUES ('80', '19', '8', '1974-07-25', '71', 'https://placekitten.com/11/638');
INSERT INTO FESTIVAL_EVENTS (event_id, festival_id, stage_id, event_date, duration, image) VALUES ('81', '96', '136', '1982-10-09', '87', 'https://placekitten.com/408/192');
INSERT INTO FESTIVAL_EVENTS (event_id, festival_id, stage_id, event_date, duration, image) VALUES ('82', '49', '108', '2001-03-17', '118', 'https://picsum.photos/677/193');
INSERT INTO FESTIVAL_EVENTS (event_id, festival_id, stage_id, event_date, duration, image) VALUES ('83', '44', '41', '2012-07-12', '107', 'https://picsum.photos/959/320');
INSERT INTO FESTIVAL_EVENTS (event_id, festival_id, stage_id, event_date, duration, image) VALUES ('84', '40', '84', '1993-11-06', '159', 'https://placekitten.com/462/706');
INSERT INTO FESTIVAL_EVENTS (event_id, festival_id, stage_id, event_date, duration, image) VALUES ('85', '73', '22', '1970-12-18', '173', 'https://dummyimage.com/394x562');
INSERT INTO FESTIVAL_EVENTS (event_id, festival_id, stage_id, event_date, duration, image) VALUES ('86', '7', '40', '1999-01-01', '80', 'https://placekitten.com/626/752');
INSERT INTO FESTIVAL_EVENTS (event_id, festival_id, stage_id, event_date, duration, image) VALUES ('87', '97', '13', '2022-03-12', '146', 'https://placekitten.com/825/521');
INSERT INTO FESTIVAL_EVENTS (event_id, festival_id, stage_id, event_date, duration, image) VALUES ('88', '11', '70', '2006-10-26', '116', 'https://placekitten.com/414/158');
INSERT INTO FESTIVAL_EVENTS (event_id, festival_id, stage_id, event_date, duration, image) VALUES ('89', '85', '109', '1980-05-16', '122', 'https://dummyimage.com/210x443');
INSERT INTO FESTIVAL_EVENTS (event_id, festival_id, stage_id, event_date, duration, image) VALUES ('90', '78', '114', '1982-02-19', '113', 'https://picsum.photos/538/209');
INSERT INTO FESTIVAL_EVENTS (event_id, festival_id, stage_id, event_date, duration, image) VALUES ('91', '35', '56', '2024-03-24', '156', 'https://placekitten.com/784/676');
INSERT INTO FESTIVAL_EVENTS (event_id, festival_id, stage_id, event_date, duration, image) VALUES ('92', '66', '30', '2022-07-14', '104', 'https://picsum.photos/567/969');
INSERT INTO FESTIVAL_EVENTS (event_id, festival_id, stage_id, event_date, duration, image) VALUES ('93', '56', '29', '1981-06-10', '96', 'https://picsum.photos/5/474');
INSERT INTO FESTIVAL_EVENTS (event_id, festival_id, stage_id, event_date, duration, image) VALUES ('94', '87', '125', '1976-03-20', '127', 'https://picsum.photos/300/293');
INSERT INTO FESTIVAL_EVENTS (event_id, festival_id, stage_id, event_date, duration, image) VALUES ('95', '86', '79', '2002-05-10', '65', 'https://picsum.photos/0/662');
INSERT INTO FESTIVAL_EVENTS (event_id, festival_id, stage_id, event_date, duration, image) VALUES ('96', '29', '102', '1973-07-21', '136', 'https://dummyimage.com/280x900');
INSERT INTO FESTIVAL_EVENTS (event_id, festival_id, stage_id, event_date, duration, image) VALUES ('97', '8', '2', '2015-03-30', '86', 'https://dummyimage.com/966x669');
INSERT INTO FESTIVAL_EVENTS (event_id, festival_id, stage_id, event_date, duration, image) VALUES ('98', '39', '55', '2004-01-19', '158', 'https://placekitten.com/240/493');
INSERT INTO FESTIVAL_EVENTS (event_id, festival_id, stage_id, event_date, duration, image) VALUES ('99', '18', '66', '1996-10-05', '97', 'https://placekitten.com/772/789');
INSERT INTO FESTIVAL_EVENTS (event_id, festival_id, stage_id, event_date, duration, image) VALUES ('100', '42', '31', '2002-04-16', '60', 'https://placekitten.com/727/638');
INSERT INTO PERFORMANCES (performance_id, performance_type_id, event_id, performance_time, duration, order_in_show, is_solo, performer_id, image) VALUES ('1', '2', '96', '09:06:57', '140', '3', '0', '49', 'https://picsum.photos/160/438');
INSERT INTO PERFORMANCES (performance_id, performance_type_id, event_id, performance_time, duration, order_in_show, is_solo, performer_id, image) VALUES ('2', '3', '91', '10:27:39', '88', '9', '1', '19', 'https://dummyimage.com/568x292');
INSERT INTO PERFORMANCES (performance_id, performance_type_id, event_id, performance_time, duration, order_in_show, is_solo, performer_id, image) VALUES ('3', '2', '95', '22:50:32', '40', '7', '0', '59', 'https://placekitten.com/904/1003');
INSERT INTO PERFORMANCES (performance_id, performance_type_id, event_id, performance_time, duration, order_in_show, is_solo, performer_id, image) VALUES ('4', '1', '41', '19:59:23', '177', '7', '1', '182', 'https://placekitten.com/513/246');
INSERT INTO PERFORMANCES (performance_id, performance_type_id, event_id, performance_time, duration, order_in_show, is_solo, performer_id, image) VALUES ('5', '3', '54', '06:11:31', '104', '2', '1', '6', 'https://picsum.photos/713/364');
INSERT INTO PERFORMANCES (performance_id, performance_type_id, event_id, performance_time, duration, order_in_show, is_solo, performer_id, image) VALUES ('6', '2', '22', '04:53:50', '147', '6', '0', '56', 'https://placekitten.com/954/708');
INSERT INTO PERFORMANCES (performance_id, performance_type_id, event_id, performance_time, duration, order_in_show, is_solo, performer_id, image) VALUES ('7', '1', '32', '12:20:25', '141', '10', '1', '135', 'https://dummyimage.com/437x391');
INSERT INTO PERFORMANCES (performance_id, performance_type_id, event_id, performance_time, duration, order_in_show, is_solo, performer_id, image) VALUES ('8', '1', '51', '22:29:21', '109', '6', '0', '43', 'https://picsum.photos/366/21');
INSERT INTO PERFORMANCES (performance_id, performance_type_id, event_id, performance_time, duration, order_in_show, is_solo, performer_id, image) VALUES ('9', '1', '10', '23:19:47', '160', '2', '0', '100', 'https://picsum.photos/739/399');
INSERT INTO PERFORMANCES (performance_id, performance_type_id, event_id, performance_time, duration, order_in_show, is_solo, performer_id, image) VALUES ('10', '2', '45', '19:00:20', '67', '4', '0', '19', 'https://picsum.photos/635/672');
INSERT INTO PERFORMANCES (performance_id, performance_type_id, event_id, performance_time, duration, order_in_show, is_solo, performer_id, image) VALUES ('11', '2', '26', '05:59:25', '74', '10', '0', '98', 'https://placekitten.com/519/26');
INSERT INTO PERFORMANCES (performance_id, performance_type_id, event_id, performance_time, duration, order_in_show, is_solo, performer_id, image) VALUES ('12', '3', '10', '03:26:40', '75', '8', '1', '194', 'https://placekitten.com/68/563');
INSERT INTO PERFORMANCES (performance_id, performance_type_id, event_id, performance_time, duration, order_in_show, is_solo, performer_id, image) VALUES ('13', '3', '98', '00:28:30', '178', '8', '1', '161', 'https://placekitten.com/815/89');
INSERT INTO PERFORMANCES (performance_id, performance_type_id, event_id, performance_time, duration, order_in_show, is_solo, performer_id, image) VALUES ('14', '2', '20', '14:07:55', '142', '2', '1', '114', 'https://placekitten.com/518/561');
INSERT INTO PERFORMANCES (performance_id, performance_type_id, event_id, performance_time, duration, order_in_show, is_solo, performer_id, image) VALUES ('15', '3', '39', '09:14:07', '100', '10', '0', '46', 'https://placekitten.com/62/964');
INSERT INTO PERFORMANCES (performance_id, performance_type_id, event_id, performance_time, duration, order_in_show, is_solo, performer_id, image) VALUES ('16', '3', '10', '09:54:05', '109', '8', '1', '10', 'https://picsum.photos/930/1004');
INSERT INTO PERFORMANCES (performance_id, performance_type_id, event_id, performance_time, duration, order_in_show, is_solo, performer_id, image) VALUES ('17', '1', '48', '14:58:44', '103', '2', '0', '79', 'https://dummyimage.com/212x78');
INSERT INTO PERFORMANCES (performance_id, performance_type_id, event_id, performance_time, duration, order_in_show, is_solo, performer_id, image) VALUES ('18', '3', '65', '17:55:18', '128', '8', '0', '58', 'https://picsum.photos/313/362');
INSERT INTO PERFORMANCES (performance_id, performance_type_id, event_id, performance_time, duration, order_in_show, is_solo, performer_id, image) VALUES ('19', '3', '84', '14:48:33', '78', '6', '1', '129', 'https://picsum.photos/859/244');
INSERT INTO PERFORMANCES (performance_id, performance_type_id, event_id, performance_time, duration, order_in_show, is_solo, performer_id, image) VALUES ('20', '1', '8', '05:16:56', '145', '2', '1', '183', 'https://picsum.photos/127/643');
INSERT INTO PERFORMANCES (performance_id, performance_type_id, event_id, performance_time, duration, order_in_show, is_solo, performer_id, image) VALUES ('21', '1', '65', '06:26:27', '74', '1', '0', '91', 'https://placekitten.com/568/397');
INSERT INTO PERFORMANCES (performance_id, performance_type_id, event_id, performance_time, duration, order_in_show, is_solo, performer_id, image) VALUES ('22', '2', '57', '03:31:43', '164', '9', '0', '47', 'https://placekitten.com/34/681');
INSERT INTO PERFORMANCES (performance_id, performance_type_id, event_id, performance_time, duration, order_in_show, is_solo, performer_id, image) VALUES ('23', '2', '37', '03:50:30', '129', '7', '1', '174', 'https://placekitten.com/346/750');
INSERT INTO PERFORMANCES (performance_id, performance_type_id, event_id, performance_time, duration, order_in_show, is_solo, performer_id, image) VALUES ('24', '3', '7', '05:27:17', '115', '2', '1', '25', 'https://placekitten.com/825/852');
INSERT INTO PERFORMANCES (performance_id, performance_type_id, event_id, performance_time, duration, order_in_show, is_solo, performer_id, image) VALUES ('25', '3', '87', '00:31:16', '128', '5', '1', '186', 'https://picsum.photos/125/133');
INSERT INTO PERFORMANCES (performance_id, performance_type_id, event_id, performance_time, duration, order_in_show, is_solo, performer_id, image) VALUES ('26', '3', '78', '01:00:24', '68', '6', '0', '75', 'https://picsum.photos/302/546');
INSERT INTO PERFORMANCES (performance_id, performance_type_id, event_id, performance_time, duration, order_in_show, is_solo, performer_id, image) VALUES ('27', '3', '19', '15:05:52', '119', '5', '1', '34', 'https://dummyimage.com/908x91');
INSERT INTO PERFORMANCES (performance_id, performance_type_id, event_id, performance_time, duration, order_in_show, is_solo, performer_id, image) VALUES ('28', '3', '91', '01:42:23', '51', '5', '1', '165', 'https://picsum.photos/406/838');
INSERT INTO PERFORMANCES (performance_id, performance_type_id, event_id, performance_time, duration, order_in_show, is_solo, performer_id, image) VALUES ('29', '2', '17', '11:02:16', '164', '2', '1', '131', 'https://dummyimage.com/6x637');
INSERT INTO PERFORMANCES (performance_id, performance_type_id, event_id, performance_time, duration, order_in_show, is_solo, performer_id, image) VALUES ('30', '2', '3', '18:41:59', '122', '5', '0', '28', 'https://dummyimage.com/718x241');
INSERT INTO PERFORMANCES (performance_id, performance_type_id, event_id, performance_time, duration, order_in_show, is_solo, performer_id, image) VALUES ('31', '2', '99', '18:19:04', '154', '4', '0', '18', 'https://picsum.photos/176/948');
INSERT INTO PERFORMANCES (performance_id, performance_type_id, event_id, performance_time, duration, order_in_show, is_solo, performer_id, image) VALUES ('32', '1', '10', '16:47:45', '105', '2', '0', '85', 'https://placekitten.com/185/373');
INSERT INTO PERFORMANCES (performance_id, performance_type_id, event_id, performance_time, duration, order_in_show, is_solo, performer_id, image) VALUES ('33', '2', '99', '22:08:16', '63', '10', '1', '40', 'https://placekitten.com/380/650');
INSERT INTO PERFORMANCES (performance_id, performance_type_id, event_id, performance_time, duration, order_in_show, is_solo, performer_id, image) VALUES ('34', '1', '24', '20:20:02', '72', '8', '0', '53', 'https://picsum.photos/41/346');
INSERT INTO PERFORMANCES (performance_id, performance_type_id, event_id, performance_time, duration, order_in_show, is_solo, performer_id, image) VALUES ('35', '2', '87', '15:13:33', '90', '8', '1', '193', 'https://picsum.photos/767/942');
INSERT INTO PERFORMANCES (performance_id, performance_type_id, event_id, performance_time, duration, order_in_show, is_solo, performer_id, image) VALUES ('36', '3', '58', '23:55:01', '89', '9', '0', '40', 'https://placekitten.com/505/630');
INSERT INTO PERFORMANCES (performance_id, performance_type_id, event_id, performance_time, duration, order_in_show, is_solo, performer_id, image) VALUES ('37', '2', '25', '21:14:55', '124', '10', '1', '119', 'https://dummyimage.com/391x271');
INSERT INTO PERFORMANCES (performance_id, performance_type_id, event_id, performance_time, duration, order_in_show, is_solo, performer_id, image) VALUES ('38', '2', '100', '15:45:02', '127', '9', '1', '42', 'https://picsum.photos/776/587');
INSERT INTO PERFORMANCES (performance_id, performance_type_id, event_id, performance_time, duration, order_in_show, is_solo, performer_id, image) VALUES ('39', '1', '78', '16:08:57', '65', '5', '0', '83', 'https://dummyimage.com/287x646');
INSERT INTO PERFORMANCES (performance_id, performance_type_id, event_id, performance_time, duration, order_in_show, is_solo, performer_id, image) VALUES ('40', '2', '48', '06:36:58', '171', '2', '0', '37', 'https://picsum.photos/385/558');
INSERT INTO PERFORMANCES (performance_id, performance_type_id, event_id, performance_time, duration, order_in_show, is_solo, performer_id, image) VALUES ('41', '1', '98', '03:28:16', '71', '5', '1', '132', 'https://placekitten.com/604/531');
INSERT INTO PERFORMANCES (performance_id, performance_type_id, event_id, performance_time, duration, order_in_show, is_solo, performer_id, image) VALUES ('42', '1', '56', '06:36:48', '53', '4', '1', '90', 'https://dummyimage.com/541x189');
INSERT INTO PERFORMANCES (performance_id, performance_type_id, event_id, performance_time, duration, order_in_show, is_solo, performer_id, image) VALUES ('43', '1', '54', '09:04:42', '43', '7', '1', '61', 'https://placekitten.com/744/714');
INSERT INTO PERFORMANCES (performance_id, performance_type_id, event_id, performance_time, duration, order_in_show, is_solo, performer_id, image) VALUES ('44', '2', '11', '07:08:47', '125', '4', '0', '41', 'https://picsum.photos/920/349');
INSERT INTO PERFORMANCES (performance_id, performance_type_id, event_id, performance_time, duration, order_in_show, is_solo, performer_id, image) VALUES ('45', '1', '92', '19:06:32', '115', '3', '0', '5', 'https://placekitten.com/789/318');
INSERT INTO PERFORMANCES (performance_id, performance_type_id, event_id, performance_time, duration, order_in_show, is_solo, performer_id, image) VALUES ('46', '2', '61', '09:30:38', '65', '8', '1', '158', 'https://dummyimage.com/431x888');
INSERT INTO PERFORMANCES (performance_id, performance_type_id, event_id, performance_time, duration, order_in_show, is_solo, performer_id, image) VALUES ('47', '1', '11', '14:46:18', '34', '5', '0', '20', 'https://dummyimage.com/591x424');
INSERT INTO PERFORMANCES (performance_id, performance_type_id, event_id, performance_time, duration, order_in_show, is_solo, performer_id, image) VALUES ('48', '3', '94', '23:45:40', '165', '7', '0', '100', 'https://placekitten.com/550/185');
INSERT INTO PERFORMANCES (performance_id, performance_type_id, event_id, performance_time, duration, order_in_show, is_solo, performer_id, image) VALUES ('49', '2', '31', '04:26:19', '107', '2', '0', '31', 'https://picsum.photos/431/528');
INSERT INTO PERFORMANCES (performance_id, performance_type_id, event_id, performance_time, duration, order_in_show, is_solo, performer_id, image) VALUES ('50', '2', '82', '10:52:40', '147', '2', '0', '64', 'https://picsum.photos/534/64');
INSERT INTO PERFORMANCES (performance_id, performance_type_id, event_id, performance_time, duration, order_in_show, is_solo, performer_id, image) VALUES ('51', '3', '69', '20:17:57', '34', '9', '0', '92', 'https://picsum.photos/381/973');
INSERT INTO PERFORMANCES (performance_id, performance_type_id, event_id, performance_time, duration, order_in_show, is_solo, performer_id, image) VALUES ('52', '1', '38', '11:36:58', '139', '1', '1', '62', 'https://placekitten.com/661/762');
INSERT INTO PERFORMANCES (performance_id, performance_type_id, event_id, performance_time, duration, order_in_show, is_solo, performer_id, image) VALUES ('53', '3', '54', '00:11:26', '77', '2', '1', '18', 'https://placekitten.com/69/660');
INSERT INTO PERFORMANCES (performance_id, performance_type_id, event_id, performance_time, duration, order_in_show, is_solo, performer_id, image) VALUES ('54', '3', '70', '04:03:57', '159', '9', '0', '50', 'https://picsum.photos/734/16');
INSERT INTO PERFORMANCES (performance_id, performance_type_id, event_id, performance_time, duration, order_in_show, is_solo, performer_id, image) VALUES ('55', '2', '6', '03:31:17', '129', '6', '1', '192', 'https://dummyimage.com/973x685');
INSERT INTO PERFORMANCES (performance_id, performance_type_id, event_id, performance_time, duration, order_in_show, is_solo, performer_id, image) VALUES ('56', '1', '46', '04:15:13', '47', '6', '0', '94', 'https://dummyimage.com/205x383');
INSERT INTO PERFORMANCES (performance_id, performance_type_id, event_id, performance_time, duration, order_in_show, is_solo, performer_id, image) VALUES ('57', '3', '81', '12:31:46', '56', '10', '1', '35', 'https://placekitten.com/333/956');
INSERT INTO PERFORMANCES (performance_id, performance_type_id, event_id, performance_time, duration, order_in_show, is_solo, performer_id, image) VALUES ('58', '1', '46', '01:11:46', '169', '6', '0', '100', 'https://placekitten.com/44/899');
INSERT INTO PERFORMANCES (performance_id, performance_type_id, event_id, performance_time, duration, order_in_show, is_solo, performer_id, image) VALUES ('59', '3', '60', '00:27:04', '152', '3', '0', '9', 'https://dummyimage.com/890x817');
INSERT INTO PERFORMANCES (performance_id, performance_type_id, event_id, performance_time, duration, order_in_show, is_solo, performer_id, image) VALUES ('60', '3', '100', '10:20:07', '147', '1', '1', '52', 'https://placekitten.com/517/764');
INSERT INTO PERFORMANCES (performance_id, performance_type_id, event_id, performance_time, duration, order_in_show, is_solo, performer_id, image) VALUES ('61', '1', '26', '00:14:03', '40', '6', '1', '132', 'https://dummyimage.com/988x821');
INSERT INTO PERFORMANCES (performance_id, performance_type_id, event_id, performance_time, duration, order_in_show, is_solo, performer_id, image) VALUES ('62', '2', '70', '09:51:34', '151', '5', '0', '97', 'https://dummyimage.com/479x220');
INSERT INTO PERFORMANCES (performance_id, performance_type_id, event_id, performance_time, duration, order_in_show, is_solo, performer_id, image) VALUES ('63', '3', '25', '15:48:10', '103', '6', '0', '84', 'https://placekitten.com/551/820');
INSERT INTO PERFORMANCES (performance_id, performance_type_id, event_id, performance_time, duration, order_in_show, is_solo, performer_id, image) VALUES ('64', '2', '35', '17:49:32', '61', '6', '1', '103', 'https://dummyimage.com/335x340');
INSERT INTO PERFORMANCES (performance_id, performance_type_id, event_id, performance_time, duration, order_in_show, is_solo, performer_id, image) VALUES ('65', '3', '57', '19:34:50', '128', '6', '0', '64', 'https://picsum.photos/406/285');
INSERT INTO PERFORMANCES (performance_id, performance_type_id, event_id, performance_time, duration, order_in_show, is_solo, performer_id, image) VALUES ('66', '3', '64', '01:20:46', '124', '9', '1', '22', 'https://picsum.photos/682/110');
INSERT INTO PERFORMANCES (performance_id, performance_type_id, event_id, performance_time, duration, order_in_show, is_solo, performer_id, image) VALUES ('67', '3', '55', '00:51:10', '50', '7', '0', '70', 'https://dummyimage.com/289x708');
INSERT INTO PERFORMANCES (performance_id, performance_type_id, event_id, performance_time, duration, order_in_show, is_solo, performer_id, image) VALUES ('68', '2', '42', '11:32:34', '56', '2', '1', '170', 'https://picsum.photos/338/943');
INSERT INTO PERFORMANCES (performance_id, performance_type_id, event_id, performance_time, duration, order_in_show, is_solo, performer_id, image) VALUES ('69', '2', '40', '19:20:02', '144', '10', '1', '43', 'https://picsum.photos/302/410');
INSERT INTO PERFORMANCES (performance_id, performance_type_id, event_id, performance_time, duration, order_in_show, is_solo, performer_id, image) VALUES ('70', '3', '57', '09:54:47', '119', '8', '0', '94', 'https://picsum.photos/629/164');
INSERT INTO PERFORMANCES (performance_id, performance_type_id, event_id, performance_time, duration, order_in_show, is_solo, performer_id, image) VALUES ('71', '2', '79', '08:59:30', '141', '5', '0', '10', 'https://picsum.photos/416/894');
INSERT INTO PERFORMANCES (performance_id, performance_type_id, event_id, performance_time, duration, order_in_show, is_solo, performer_id, image) VALUES ('72', '3', '82', '10:59:27', '133', '6', '0', '4', 'https://placekitten.com/501/315');
INSERT INTO PERFORMANCES (performance_id, performance_type_id, event_id, performance_time, duration, order_in_show, is_solo, performer_id, image) VALUES ('73', '1', '78', '06:07:18', '142', '1', '0', '9', 'https://dummyimage.com/766x10');
INSERT INTO PERFORMANCES (performance_id, performance_type_id, event_id, performance_time, duration, order_in_show, is_solo, performer_id, image) VALUES ('74', '1', '100', '03:55:50', '123', '6', '1', '146', 'https://dummyimage.com/705x204');
INSERT INTO PERFORMANCES (performance_id, performance_type_id, event_id, performance_time, duration, order_in_show, is_solo, performer_id, image) VALUES ('75', '1', '78', '01:48:57', '69', '8', '1', '96', 'https://dummyimage.com/807x435');
INSERT INTO PERFORMANCES (performance_id, performance_type_id, event_id, performance_time, duration, order_in_show, is_solo, performer_id, image) VALUES ('76', '2', '98', '02:06:50', '49', '10', '0', '68', 'https://placekitten.com/770/949');
INSERT INTO PERFORMANCES (performance_id, performance_type_id, event_id, performance_time, duration, order_in_show, is_solo, performer_id, image) VALUES ('77', '2', '51', '09:14:48', '110', '5', '0', '15', 'https://picsum.photos/196/793');
INSERT INTO PERFORMANCES (performance_id, performance_type_id, event_id, performance_time, duration, order_in_show, is_solo, performer_id, image) VALUES ('78', '1', '95', '19:10:03', '77', '8', '1', '144', 'https://dummyimage.com/273x818');
INSERT INTO PERFORMANCES (performance_id, performance_type_id, event_id, performance_time, duration, order_in_show, is_solo, performer_id, image) VALUES ('79', '1', '34', '20:09:28', '96', '8', '0', '79', 'https://placekitten.com/869/806');
INSERT INTO PERFORMANCES (performance_id, performance_type_id, event_id, performance_time, duration, order_in_show, is_solo, performer_id, image) VALUES ('80', '2', '89', '00:56:44', '155', '4', '0', '18', 'https://placekitten.com/710/1000');
INSERT INTO PERFORMANCES (performance_id, performance_type_id, event_id, performance_time, duration, order_in_show, is_solo, performer_id, image) VALUES ('81', '1', '58', '11:10:15', '74', '8', '0', '88', 'https://placekitten.com/55/454');
INSERT INTO PERFORMANCES (performance_id, performance_type_id, event_id, performance_time, duration, order_in_show, is_solo, performer_id, image) VALUES ('82', '2', '86', '04:35:45', '118', '2', '1', '77', 'https://dummyimage.com/481x755');
INSERT INTO PERFORMANCES (performance_id, performance_type_id, event_id, performance_time, duration, order_in_show, is_solo, performer_id, image) VALUES ('83', '1', '92', '00:59:12', '74', '6', '0', '16', 'https://picsum.photos/3/815');
INSERT INTO PERFORMANCES (performance_id, performance_type_id, event_id, performance_time, duration, order_in_show, is_solo, performer_id, image) VALUES ('84', '1', '18', '21:50:34', '90', '8', '0', '47', 'https://dummyimage.com/471x282');
INSERT INTO PERFORMANCES (performance_id, performance_type_id, event_id, performance_time, duration, order_in_show, is_solo, performer_id, image) VALUES ('85', '3', '74', '00:48:04', '124', '8', '0', '79', 'https://dummyimage.com/90x432');
INSERT INTO PERFORMANCES (performance_id, performance_type_id, event_id, performance_time, duration, order_in_show, is_solo, performer_id, image) VALUES ('86', '1', '9', '22:35:39', '109', '7', '1', '135', 'https://dummyimage.com/190x695');
INSERT INTO PERFORMANCES (performance_id, performance_type_id, event_id, performance_time, duration, order_in_show, is_solo, performer_id, image) VALUES ('87', '2', '99', '09:00:14', '134', '10', '0', '17', 'https://picsum.photos/368/871');
INSERT INTO PERFORMANCES (performance_id, performance_type_id, event_id, performance_time, duration, order_in_show, is_solo, performer_id, image) VALUES ('88', '2', '83', '19:43:25', '48', '8', '1', '175', 'https://placekitten.com/637/792');
INSERT INTO PERFORMANCES (performance_id, performance_type_id, event_id, performance_time, duration, order_in_show, is_solo, performer_id, image) VALUES ('89', '3', '45', '16:07:17', '62', '9', '0', '99', 'https://dummyimage.com/71x534');
INSERT INTO PERFORMANCES (performance_id, performance_type_id, event_id, performance_time, duration, order_in_show, is_solo, performer_id, image) VALUES ('90', '1', '56', '22:37:55', '158', '1', '0', '67', 'https://placekitten.com/334/815');
INSERT INTO PERFORMANCES (performance_id, performance_type_id, event_id, performance_time, duration, order_in_show, is_solo, performer_id, image) VALUES ('91', '1', '39', '18:26:31', '72', '3', '1', '182', 'https://picsum.photos/217/952');
INSERT INTO PERFORMANCES (performance_id, performance_type_id, event_id, performance_time, duration, order_in_show, is_solo, performer_id, image) VALUES ('92', '1', '45', '00:09:44', '162', '5', '0', '33', 'https://picsum.photos/207/828');
INSERT INTO PERFORMANCES (performance_id, performance_type_id, event_id, performance_time, duration, order_in_show, is_solo, performer_id, image) VALUES ('93', '1', '82', '18:54:51', '171', '5', '0', '81', 'https://placekitten.com/653/263');
INSERT INTO PERFORMANCES (performance_id, performance_type_id, event_id, performance_time, duration, order_in_show, is_solo, performer_id, image) VALUES ('94', '2', '79', '19:38:28', '166', '2', '0', '76', 'https://picsum.photos/786/931');
INSERT INTO PERFORMANCES (performance_id, performance_type_id, event_id, performance_time, duration, order_in_show, is_solo, performer_id, image) VALUES ('95', '3', '20', '01:26:11', '73', '10', '1', '145', 'https://picsum.photos/822/865');
INSERT INTO PERFORMANCES (performance_id, performance_type_id, event_id, performance_time, duration, order_in_show, is_solo, performer_id, image) VALUES ('96', '1', '4', '23:24:31', '50', '1', '1', '167', 'https://placekitten.com/870/529');
INSERT INTO PERFORMANCES (performance_id, performance_type_id, event_id, performance_time, duration, order_in_show, is_solo, performer_id, image) VALUES ('97', '1', '99', '01:37:59', '176', '7', '0', '64', 'https://placekitten.com/237/922');
INSERT INTO PERFORMANCES (performance_id, performance_type_id, event_id, performance_time, duration, order_in_show, is_solo, performer_id, image) VALUES ('98', '3', '70', '14:57:39', '104', '5', '1', '63', 'https://placekitten.com/969/686');
INSERT INTO PERFORMANCES (performance_id, performance_type_id, event_id, performance_time, duration, order_in_show, is_solo, performer_id, image) VALUES ('99', '3', '52', '16:32:10', '106', '8', '0', '89', 'https://dummyimage.com/228x366');
INSERT INTO PERFORMANCES (performance_id, performance_type_id, event_id, performance_time, duration, order_in_show, is_solo, performer_id, image) VALUES ('100', '1', '21', '18:20:19', '142', '7', '1', '119', 'https://picsum.photos/785/163');
INSERT INTO TECHNICAL_ROLES (technical_description) VALUES ('Sound Engineer');
INSERT INTO TECHNICAL_ROLES (technical_description) VALUES ('Lighting Technician');
INSERT INTO TECHNICAL_ROLES (technical_description) VALUES ('Stage Manager');
INSERT INTO TECHNICAL_ROLES (technical_description) VALUES ('Video Technician');
INSERT INTO TECHNICAL_ROLES (technical_description) VALUES ('Audio Visual Operator');
INSERT INTO TECHNICAL_ROLES (technical_description) VALUES ('Backline Technician');
INSERT INTO TECHNICAL_ROLES (technical_description) VALUES ('Rigging Specialist');
INSERT INTO TECHNICAL_ROLES (technical_description) VALUES ('Broadcast Engineer');
INSERT INTO STAFF_CATEGORIES (staff_category_id, staff_category_desc, technical_id) VALUES ('1', 'Sound', '1');
INSERT INTO STAFF_CATEGORIES (staff_category_id, staff_category_desc, technical_id) VALUES ('2', 'Lighting', '2');
INSERT INTO STAFF_CATEGORIES (staff_category_id, staff_category_desc, technical_id) VALUES ('3', 'Stage', '3');
INSERT INTO STAFF_CATEGORIES (staff_category_id, staff_category_desc, technical_id) VALUES ('4', 'Video', '4');
INSERT INTO STAFF_CATEGORIES (staff_category_id, staff_category_desc, technical_id) VALUES ('5', 'AV Operator', '5');
INSERT INTO STAFF_CATEGORIES (staff_category_id, staff_category_desc, technical_id) VALUES ('6', 'Backline', '6');
INSERT INTO STAFF_CATEGORIES (staff_category_id, staff_category_desc, technical_id) VALUES ('7', 'Rigging', '7');
INSERT INTO STAFF_CATEGORIES (staff_category_id, staff_category_desc, technical_id) VALUES ('8', 'Broadcast', '8');
INSERT INTO STAFF_CATEGORIES (staff_category_id, staff_category_desc, technical_id) VALUES ('9', 'Security', NULL);
INSERT INTO STAFF_CATEGORIES (staff_category_id, staff_category_desc, technical_id) VALUES ('10', 'Assistant', NULL);
INSERT INTO LEVELS_OF_EXPERTISE (level_description) VALUES ('Intern');
INSERT INTO LEVELS_OF_EXPERTISE (level_description) VALUES ('Beginner');
INSERT INTO LEVELS_OF_EXPERTISE (level_description) VALUES ('Intermediate');
INSERT INTO LEVELS_OF_EXPERTISE (level_description) VALUES ('Experienced');
INSERT INTO LEVELS_OF_EXPERTISE (level_description) VALUES ('Expert');
INSERT INTO STAFF (staff_id, category_id, level_id, event_id, first_name, last_name, age, image) VALUES ('1', '4', '3', '78', 'Adam', 'Vaughan', '27', 'https://placekitten.com/528/404');
INSERT INTO STAFF (staff_id, category_id, level_id, event_id, first_name, last_name, age, image) VALUES ('2', '6', '3', '94', 'Lisa', 'Luna', '40', 'https://picsum.photos/931/890');
INSERT INTO STAFF (staff_id, category_id, level_id, event_id, first_name, last_name, age, image) VALUES ('3', '7', '2', '98', 'Steven', 'Williams', '41', 'https://dummyimage.com/1002x942');
INSERT INTO STAFF (staff_id, category_id, level_id, event_id, first_name, last_name, age, image) VALUES ('4', '9', '5', '14', 'Brendan', 'Greene', '38', 'https://dummyimage.com/756x516');
INSERT INTO STAFF (staff_id, category_id, level_id, event_id, first_name, last_name, age, image) VALUES ('5', '4', '4', '16', 'Matthew', 'Phillips', '35', 'https://picsum.photos/48/547');
INSERT INTO STAFF (staff_id, category_id, level_id, event_id, first_name, last_name, age, image) VALUES ('6', '8', '2', '19', 'Kelly', 'Butler', '24', 'https://dummyimage.com/914x664');
INSERT INTO STAFF (staff_id, category_id, level_id, event_id, first_name, last_name, age, image) VALUES ('7', '1', '3', '50', 'Cynthia', 'Larson', '57', 'https://placekitten.com/731/74');
INSERT INTO STAFF (staff_id, category_id, level_id, event_id, first_name, last_name, age, image) VALUES ('8', '7', '2', '21', 'Joanna', 'Wright', '38', 'https://picsum.photos/172/193');
INSERT INTO STAFF (staff_id, category_id, level_id, event_id, first_name, last_name, age, image) VALUES ('9', '10', '3', '25', 'Jessica', 'Schultz', '28', 'https://dummyimage.com/882x562');
INSERT INTO STAFF (staff_id, category_id, level_id, event_id, first_name, last_name, age, image) VALUES ('10', '8', '5', '60', 'Teresa', 'Barker', '49', 'https://picsum.photos/499/938');
INSERT INTO STAFF (staff_id, category_id, level_id, event_id, first_name, last_name, age, image) VALUES ('11', '5', '4', '3', 'Charles', 'Watson', '23', 'https://dummyimage.com/300x207');
INSERT INTO STAFF (staff_id, category_id, level_id, event_id, first_name, last_name, age, image) VALUES ('12', '7', '5', '59', 'William', 'Swanson', '33', 'https://dummyimage.com/691x618');
INSERT INTO STAFF (staff_id, category_id, level_id, event_id, first_name, last_name, age, image) VALUES ('13', '4', '5', '46', 'Richard', 'White', '21', 'https://dummyimage.com/526x162');
INSERT INTO STAFF (staff_id, category_id, level_id, event_id, first_name, last_name, age, image) VALUES ('14', '1', '3', '64', 'Tammy', 'Leon', '56', 'https://placekitten.com/534/620');
INSERT INTO STAFF (staff_id, category_id, level_id, event_id, first_name, last_name, age, image) VALUES ('15', '8', '3', '69', 'Willie', 'Dickerson', '18', 'https://dummyimage.com/499x100');
INSERT INTO STAFF (staff_id, category_id, level_id, event_id, first_name, last_name, age, image) VALUES ('16', '2', '4', '18', 'Ashley', 'Lewis', '34', 'https://placekitten.com/894/562');
INSERT INTO STAFF (staff_id, category_id, level_id, event_id, first_name, last_name, age, image) VALUES ('17', '6', '4', '47', 'Haley', 'Lopez', '20', 'https://picsum.photos/93/816');
INSERT INTO STAFF (staff_id, category_id, level_id, event_id, first_name, last_name, age, image) VALUES ('18', '7', '1', '73', 'Erika', 'Nelson', '53', 'https://picsum.photos/833/424');
INSERT INTO STAFF (staff_id, category_id, level_id, event_id, first_name, last_name, age, image) VALUES ('19', '4', '3', '71', 'Kimberly', 'Sandoval', '36', 'https://dummyimage.com/562x546');
INSERT INTO STAFF (staff_id, category_id, level_id, event_id, first_name, last_name, age, image) VALUES ('20', '2', '4', '65', 'Carol', 'Daugherty', '46', 'https://picsum.photos/651/198');
INSERT INTO STAFF (staff_id, category_id, level_id, event_id, first_name, last_name, age, image) VALUES ('21', '9', '3', '80', 'Jeffrey', 'Fletcher', '61', 'https://placekitten.com/452/130');
INSERT INTO STAFF (staff_id, category_id, level_id, event_id, first_name, last_name, age, image) VALUES ('22', '10', '1', '17', 'Keith', 'Joseph', '24', 'https://placekitten.com/943/861');
INSERT INTO STAFF (staff_id, category_id, level_id, event_id, first_name, last_name, age, image) VALUES ('23', '7', '3', '44', 'Caitlin', 'Weaver', '53', 'https://dummyimage.com/974x25');
INSERT INTO STAFF (staff_id, category_id, level_id, event_id, first_name, last_name, age, image) VALUES ('24', '6', '2', '26', 'Matthew', 'Reed', '56', 'https://dummyimage.com/910x310');
INSERT INTO STAFF (staff_id, category_id, level_id, event_id, first_name, last_name, age, image) VALUES ('25', '9', '4', '65', 'Melissa', 'Porter', '20', 'https://dummyimage.com/348x798');
INSERT INTO STAFF (staff_id, category_id, level_id, event_id, first_name, last_name, age, image) VALUES ('26', '1', '1', '18', 'Richard', 'Guerrero', '63', 'https://placekitten.com/160/996');
INSERT INTO STAFF (staff_id, category_id, level_id, event_id, first_name, last_name, age, image) VALUES ('27', '6', '4', '67', 'Traci', 'Miller', '47', 'https://dummyimage.com/756x622');
INSERT INTO STAFF (staff_id, category_id, level_id, event_id, first_name, last_name, age, image) VALUES ('28', '3', '5', '66', 'Karen', 'Hayes', '26', 'https://picsum.photos/957/60');
INSERT INTO STAFF (staff_id, category_id, level_id, event_id, first_name, last_name, age, image) VALUES ('29', '6', '5', '41', 'Colleen', 'Jackson', '28', 'https://dummyimage.com/720x883');
INSERT INTO STAFF (staff_id, category_id, level_id, event_id, first_name, last_name, age, image) VALUES ('30', '7', '5', '95', 'Wendy', 'Johnson', '37', 'https://picsum.photos/581/1005');
INSERT INTO STAFF (staff_id, category_id, level_id, event_id, first_name, last_name, age, image) VALUES ('31', '10', '3', '65', 'Nicholas', 'Medina', '50', 'https://picsum.photos/775/252');
INSERT INTO STAFF (staff_id, category_id, level_id, event_id, first_name, last_name, age, image) VALUES ('32', '9', '4', '91', 'Randy', 'Lewis', '54', 'https://picsum.photos/226/592');
INSERT INTO STAFF (staff_id, category_id, level_id, event_id, first_name, last_name, age, image) VALUES ('33', '5', '4', '3', 'Michelle', 'Wang', '41', 'https://dummyimage.com/821x836');
INSERT INTO STAFF (staff_id, category_id, level_id, event_id, first_name, last_name, age, image) VALUES ('34', '6', '1', '54', 'Karen', 'Barnes', '55', 'https://dummyimage.com/571x654');
INSERT INTO STAFF (staff_id, category_id, level_id, event_id, first_name, last_name, age, image) VALUES ('35', '5', '1', '77', 'Crystal', 'Beck', '48', 'https://picsum.photos/650/803');
INSERT INTO STAFF (staff_id, category_id, level_id, event_id, first_name, last_name, age, image) VALUES ('36', '5', '5', '74', 'Michele', 'Simpson', '32', 'https://dummyimage.com/950x586');
INSERT INTO STAFF (staff_id, category_id, level_id, event_id, first_name, last_name, age, image) VALUES ('37', '1', '5', '62', 'Eric', 'Marks', '28', 'https://picsum.photos/819/590');
INSERT INTO STAFF (staff_id, category_id, level_id, event_id, first_name, last_name, age, image) VALUES ('38', '9', '5', '100', 'Amanda', 'Cook', '42', 'https://placekitten.com/950/352');
INSERT INTO STAFF (staff_id, category_id, level_id, event_id, first_name, last_name, age, image) VALUES ('39', '3', '2', '5', 'Rebecca', 'Reyes', '54', 'https://dummyimage.com/856x856');
INSERT INTO STAFF (staff_id, category_id, level_id, event_id, first_name, last_name, age, image) VALUES ('40', '2', '2', '3', 'Jacob', 'Johnson', '46', 'https://placekitten.com/459/283');
INSERT INTO STAFF (staff_id, category_id, level_id, event_id, first_name, last_name, age, image) VALUES ('41', '6', '4', '20', 'Christine', 'Duarte', '44', 'https://dummyimage.com/837x46');
INSERT INTO STAFF (staff_id, category_id, level_id, event_id, first_name, last_name, age, image) VALUES ('42', '4', '4', '65', 'Chelsea', 'Jackson', '57', 'https://dummyimage.com/966x186');
INSERT INTO STAFF (staff_id, category_id, level_id, event_id, first_name, last_name, age, image) VALUES ('43', '8', '1', '91', 'Andrew', 'Guzman', '26', 'https://picsum.photos/797/395');
INSERT INTO STAFF (staff_id, category_id, level_id, event_id, first_name, last_name, age, image) VALUES ('44', '9', '2', '72', 'Stephen', 'Sharp', '38', 'https://dummyimage.com/490x358');
INSERT INTO STAFF (staff_id, category_id, level_id, event_id, first_name, last_name, age, image) VALUES ('45', '8', '5', '49', 'Sharon', 'Morse', '38', 'https://dummyimage.com/660x271');
INSERT INTO STAFF (staff_id, category_id, level_id, event_id, first_name, last_name, age, image) VALUES ('46', '3', '4', '69', 'Calvin', 'Johnson', '39', 'https://picsum.photos/944/940');
INSERT INTO STAFF (staff_id, category_id, level_id, event_id, first_name, last_name, age, image) VALUES ('47', '9', '3', '87', 'Gabriela', 'Wallace', '64', 'https://dummyimage.com/495x362');
INSERT INTO STAFF (staff_id, category_id, level_id, event_id, first_name, last_name, age, image) VALUES ('48', '5', '5', '62', 'Vincent', 'Rodriguez', '30', 'https://picsum.photos/678/326');
INSERT INTO STAFF (staff_id, category_id, level_id, event_id, first_name, last_name, age, image) VALUES ('49', '4', '3', '72', 'Steven', 'Rivers', '37', 'https://placekitten.com/14/66');
INSERT INTO STAFF (staff_id, category_id, level_id, event_id, first_name, last_name, age, image) VALUES ('50', '4', '3', '99', 'Erica', 'Camacho', '36', 'https://picsum.photos/962/789');
INSERT INTO STAFF (staff_id, category_id, level_id, event_id, first_name, last_name, age, image) VALUES ('51', '4', '4', '41', 'Krista', 'Rosario', '48', 'https://dummyimage.com/247x48');
INSERT INTO STAFF (staff_id, category_id, level_id, event_id, first_name, last_name, age, image) VALUES ('52', '6', '5', '93', 'Timothy', 'Barber', '35', 'https://placekitten.com/599/815');
INSERT INTO STAFF (staff_id, category_id, level_id, event_id, first_name, last_name, age, image) VALUES ('53', '5', '1', '74', 'Kayla', 'Cox', '61', 'https://picsum.photos/901/877');
INSERT INTO STAFF (staff_id, category_id, level_id, event_id, first_name, last_name, age, image) VALUES ('54', '9', '4', '51', 'Dale', 'Boone', '40', 'https://dummyimage.com/228x346');
INSERT INTO STAFF (staff_id, category_id, level_id, event_id, first_name, last_name, age, image) VALUES ('55', '3', '3', '6', 'Robert', 'Morgan', '36', 'https://picsum.photos/497/988');
INSERT INTO STAFF (staff_id, category_id, level_id, event_id, first_name, last_name, age, image) VALUES ('56', '2', '3', '57', 'Joseph', 'Rivera', '59', 'https://placekitten.com/151/938');
INSERT INTO STAFF (staff_id, category_id, level_id, event_id, first_name, last_name, age, image) VALUES ('57', '5', '4', '28', 'Travis', 'Sanchez', '30', 'https://dummyimage.com/532x701');
INSERT INTO STAFF (staff_id, category_id, level_id, event_id, first_name, last_name, age, image) VALUES ('58', '9', '3', '72', 'Hannah', 'Rivera', '62', 'https://placekitten.com/922/528');
INSERT INTO STAFF (staff_id, category_id, level_id, event_id, first_name, last_name, age, image) VALUES ('59', '5', '2', '14', 'Joshua', 'Johnson', '57', 'https://placekitten.com/286/303');
INSERT INTO STAFF (staff_id, category_id, level_id, event_id, first_name, last_name, age, image) VALUES ('60', '10', '2', '32', 'Keith', 'Walker', '21', 'https://placekitten.com/759/742');
INSERT INTO STAFF (staff_id, category_id, level_id, event_id, first_name, last_name, age, image) VALUES ('61', '9', '2', '82', 'Kelly', 'Duffy', '32', 'https://dummyimage.com/324x624');
INSERT INTO STAFF (staff_id, category_id, level_id, event_id, first_name, last_name, age, image) VALUES ('62', '1', '1', '53', 'Jennifer', 'Nunez', '39', 'https://picsum.photos/316/263');
INSERT INTO STAFF (staff_id, category_id, level_id, event_id, first_name, last_name, age, image) VALUES ('63', '8', '1', '88', 'Catherine', 'Villarreal', '26', 'https://picsum.photos/526/466');
INSERT INTO STAFF (staff_id, category_id, level_id, event_id, first_name, last_name, age, image) VALUES ('64', '1', '5', '21', 'Melissa', 'Aguilar', '44', 'https://dummyimage.com/303x24');
INSERT INTO STAFF (staff_id, category_id, level_id, event_id, first_name, last_name, age, image) VALUES ('65', '8', '4', '84', 'Michael', 'Romero', '30', 'https://placekitten.com/831/976');
INSERT INTO STAFF (staff_id, category_id, level_id, event_id, first_name, last_name, age, image) VALUES ('66', '5', '3', '37', 'Rachel', 'Compton', '59', 'https://placekitten.com/319/643');
INSERT INTO STAFF (staff_id, category_id, level_id, event_id, first_name, last_name, age, image) VALUES ('67', '1', '1', '84', 'Nicholas', 'Grimes', '54', 'https://placekitten.com/993/346');
INSERT INTO STAFF (staff_id, category_id, level_id, event_id, first_name, last_name, age, image) VALUES ('68', '4', '5', '95', 'Timothy', 'Webb', '64', 'https://placekitten.com/777/29');
INSERT INTO STAFF (staff_id, category_id, level_id, event_id, first_name, last_name, age, image) VALUES ('69', '1', '2', '54', 'Stacey', 'Peterson', '29', 'https://picsum.photos/633/422');
INSERT INTO STAFF (staff_id, category_id, level_id, event_id, first_name, last_name, age, image) VALUES ('70', '1', '4', '64', 'Edward', 'Franklin', '29', 'https://dummyimage.com/244x403');
INSERT INTO STAFF (staff_id, category_id, level_id, event_id, first_name, last_name, age, image) VALUES ('71', '5', '1', '2', 'Victor', 'Hudson', '37', 'https://placekitten.com/24/467');
INSERT INTO STAFF (staff_id, category_id, level_id, event_id, first_name, last_name, age, image) VALUES ('72', '10', '5', '14', 'James', 'Beck', '39', 'https://dummyimage.com/816x202');
INSERT INTO STAFF (staff_id, category_id, level_id, event_id, first_name, last_name, age, image) VALUES ('73', '5', '4', '83', 'William', 'Nelson', '52', 'https://dummyimage.com/162x114');
INSERT INTO STAFF (staff_id, category_id, level_id, event_id, first_name, last_name, age, image) VALUES ('74', '9', '4', '18', 'Ashley', 'Wright', '50', 'https://placekitten.com/524/374');
INSERT INTO STAFF (staff_id, category_id, level_id, event_id, first_name, last_name, age, image) VALUES ('75', '8', '3', '25', 'Sharon', 'Mathews', '25', 'https://picsum.photos/467/934');
INSERT INTO STAFF (staff_id, category_id, level_id, event_id, first_name, last_name, age, image) VALUES ('76', '6', '2', '94', 'Billy', 'Lynch', '47', 'https://placekitten.com/568/187');
INSERT INTO STAFF (staff_id, category_id, level_id, event_id, first_name, last_name, age, image) VALUES ('77', '5', '2', '2', 'James', 'Rivas', '65', 'https://placekitten.com/130/271');
INSERT INTO STAFF (staff_id, category_id, level_id, event_id, first_name, last_name, age, image) VALUES ('78', '6', '3', '73', 'Kevin', 'Clark', '61', 'https://dummyimage.com/499x977');
INSERT INTO STAFF (staff_id, category_id, level_id, event_id, first_name, last_name, age, image) VALUES ('79', '4', '2', '79', 'Corey', 'Keith', '58', 'https://placekitten.com/104/653');
INSERT INTO STAFF (staff_id, category_id, level_id, event_id, first_name, last_name, age, image) VALUES ('80', '7', '4', '66', 'Charles', 'Mendoza', '38', 'https://dummyimage.com/905x170');
INSERT INTO STAFF (staff_id, category_id, level_id, event_id, first_name, last_name, age, image) VALUES ('81', '2', '4', '86', 'James', 'Daniels', '24', 'https://dummyimage.com/440x997');
INSERT INTO STAFF (staff_id, category_id, level_id, event_id, first_name, last_name, age, image) VALUES ('82', '3', '2', '62', 'Ashley', 'Perkins', '38', 'https://placekitten.com/228/906');
INSERT INTO STAFF (staff_id, category_id, level_id, event_id, first_name, last_name, age, image) VALUES ('83', '4', '1', '34', 'James', 'Shaffer', '42', 'https://dummyimage.com/934x1');
INSERT INTO STAFF (staff_id, category_id, level_id, event_id, first_name, last_name, age, image) VALUES ('84', '4', '4', '97', 'Karen', 'Guzman', '35', 'https://dummyimage.com/1008x361');
INSERT INTO STAFF (staff_id, category_id, level_id, event_id, first_name, last_name, age, image) VALUES ('85', '6', '3', '75', 'William', 'Palmer', '64', 'https://placekitten.com/613/541');
INSERT INTO STAFF (staff_id, category_id, level_id, event_id, first_name, last_name, age, image) VALUES ('86', '10', '1', '34', 'John', 'Hill', '59', 'https://picsum.photos/632/901');
INSERT INTO STAFF (staff_id, category_id, level_id, event_id, first_name, last_name, age, image) VALUES ('87', '6', '2', '8', 'Tiffany', 'Bautista', '60', 'https://dummyimage.com/998x13');
INSERT INTO STAFF (staff_id, category_id, level_id, event_id, first_name, last_name, age, image) VALUES ('88', '2', '4', '40', 'Patricia', 'Hicks', '28', 'https://picsum.photos/1015/334');
INSERT INTO STAFF (staff_id, category_id, level_id, event_id, first_name, last_name, age, image) VALUES ('89', '7', '5', '91', 'Cameron', 'Reynolds', '37', 'https://dummyimage.com/623x193');
INSERT INTO STAFF (staff_id, category_id, level_id, event_id, first_name, last_name, age, image) VALUES ('90', '2', '3', '48', 'Matthew', 'Mcdaniel', '57', 'https://picsum.photos/374/396');
INSERT INTO STAFF (staff_id, category_id, level_id, event_id, first_name, last_name, age, image) VALUES ('91', '4', '2', '18', 'Kathryn', 'Lewis', '48', 'https://placekitten.com/625/655');
INSERT INTO STAFF (staff_id, category_id, level_id, event_id, first_name, last_name, age, image) VALUES ('92', '3', '4', '96', 'Thomas', 'Cohen', '56', 'https://dummyimage.com/430x316');
INSERT INTO STAFF (staff_id, category_id, level_id, event_id, first_name, last_name, age, image) VALUES ('93', '6', '4', '90', 'Eric', 'Miranda', '53', 'https://placekitten.com/351/323');
INSERT INTO STAFF (staff_id, category_id, level_id, event_id, first_name, last_name, age, image) VALUES ('94', '8', '5', '86', 'Elaine', 'Nguyen', '31', 'https://placekitten.com/970/853');
INSERT INTO STAFF (staff_id, category_id, level_id, event_id, first_name, last_name, age, image) VALUES ('95', '4', '5', '11', 'Joseph', 'Cantu', '51', 'https://dummyimage.com/966x621');
INSERT INTO STAFF (staff_id, category_id, level_id, event_id, first_name, last_name, age, image) VALUES ('96', '8', '5', '91', 'Dustin', 'Cook', '41', 'https://dummyimage.com/724x645');
INSERT INTO STAFF (staff_id, category_id, level_id, event_id, first_name, last_name, age, image) VALUES ('97', '2', '5', '15', 'Kyle', 'Elliott', '21', 'https://dummyimage.com/854x11');
INSERT INTO STAFF (staff_id, category_id, level_id, event_id, first_name, last_name, age, image) VALUES ('98', '9', '5', '26', 'Brian', 'Ortiz', '54', 'https://dummyimage.com/286x935');
INSERT INTO STAFF (staff_id, category_id, level_id, event_id, first_name, last_name, age, image) VALUES ('99', '9', '2', '22', 'Andrew', 'Bush', '38', 'https://dummyimage.com/427x524');
INSERT INTO STAFF (staff_id, category_id, level_id, event_id, first_name, last_name, age, image) VALUES ('100', '9', '4', '15', 'Marissa', 'Johnson', '61', 'https://dummyimage.com/875x783');
INSERT INTO STAFF (staff_id, category_id, level_id, event_id, first_name, last_name, age, image) VALUES ('101', '4', '5', '63', 'Angela', 'Stevenson', '23', 'https://dummyimage.com/440x901');
INSERT INTO STAFF (staff_id, category_id, level_id, event_id, first_name, last_name, age, image) VALUES ('102', '9', '4', '8', 'Daniel', 'Sanchez', '47', 'https://placekitten.com/666/982');
INSERT INTO STAFF (staff_id, category_id, level_id, event_id, first_name, last_name, age, image) VALUES ('103', '3', '5', '54', 'Brittany', 'Crane', '47', 'https://placekitten.com/94/798');
INSERT INTO STAFF (staff_id, category_id, level_id, event_id, first_name, last_name, age, image) VALUES ('104', '10', '1', '72', 'Susan', 'Mccarthy', '47', 'https://placekitten.com/511/573');
INSERT INTO STAFF (staff_id, category_id, level_id, event_id, first_name, last_name, age, image) VALUES ('105', '5', '1', '51', 'Brenda', 'Brown', '34', 'https://dummyimage.com/114x701');
INSERT INTO STAFF (staff_id, category_id, level_id, event_id, first_name, last_name, age, image) VALUES ('106', '1', '2', '75', 'Amanda', 'Kim', '22', 'https://dummyimage.com/582x227');
INSERT INTO STAFF (staff_id, category_id, level_id, event_id, first_name, last_name, age, image) VALUES ('107', '1', '4', '45', 'Dennis', 'Brady', '62', 'https://picsum.photos/664/847');
INSERT INTO STAFF (staff_id, category_id, level_id, event_id, first_name, last_name, age, image) VALUES ('108', '2', '5', '8', 'Morgan', 'Lawrence', '22', 'https://dummyimage.com/409x180');
INSERT INTO STAFF (staff_id, category_id, level_id, event_id, first_name, last_name, age, image) VALUES ('109', '8', '1', '37', 'John', 'Armstrong', '44', 'https://placekitten.com/533/596');
INSERT INTO STAFF (staff_id, category_id, level_id, event_id, first_name, last_name, age, image) VALUES ('110', '3', '2', '99', 'Andrew', 'Barton', '59', 'https://dummyimage.com/139x642');
INSERT INTO STAFF (staff_id, category_id, level_id, event_id, first_name, last_name, age, image) VALUES ('111', '7', '3', '49', 'Rebecca', 'Griffin', '46', 'https://dummyimage.com/439x377');
INSERT INTO STAFF (staff_id, category_id, level_id, event_id, first_name, last_name, age, image) VALUES ('112', '7', '4', '11', 'Taylor', 'Murray', '61', 'https://placekitten.com/682/407');
INSERT INTO STAFF (staff_id, category_id, level_id, event_id, first_name, last_name, age, image) VALUES ('113', '9', '2', '84', 'Teresa', 'Green', '40', 'https://picsum.photos/47/287');
INSERT INTO STAFF (staff_id, category_id, level_id, event_id, first_name, last_name, age, image) VALUES ('114', '2', '2', '69', 'Dawn', 'Simmons', '43', 'https://placekitten.com/996/98');
INSERT INTO STAFF (staff_id, category_id, level_id, event_id, first_name, last_name, age, image) VALUES ('115', '9', '2', '94', 'Brian', 'Mayo', '32', 'https://placekitten.com/764/33');
INSERT INTO STAFF (staff_id, category_id, level_id, event_id, first_name, last_name, age, image) VALUES ('116', '1', '1', '39', 'Samuel', 'Johnson', '47', 'https://dummyimage.com/669x1007');
INSERT INTO STAFF (staff_id, category_id, level_id, event_id, first_name, last_name, age, image) VALUES ('117', '9', '4', '69', 'Bailey', 'Walters', '42', 'https://placekitten.com/154/188');
INSERT INTO STAFF (staff_id, category_id, level_id, event_id, first_name, last_name, age, image) VALUES ('118', '4', '2', '59', 'Kimberly', 'Schmidt', '40', 'https://placekitten.com/179/959');
INSERT INTO STAFF (staff_id, category_id, level_id, event_id, first_name, last_name, age, image) VALUES ('119', '3', '3', '25', 'Debra', 'Lee', '64', 'https://dummyimage.com/149x882');
INSERT INTO STAFF (staff_id, category_id, level_id, event_id, first_name, last_name, age, image) VALUES ('120', '2', '1', '85', 'Steven', 'Preston', '44', 'https://picsum.photos/311/676');
INSERT INTO STAFF (staff_id, category_id, level_id, event_id, first_name, last_name, age, image) VALUES ('121', '10', '1', '31', 'Hunter', 'Johnston', '31', 'https://picsum.photos/929/885');
INSERT INTO STAFF (staff_id, category_id, level_id, event_id, first_name, last_name, age, image) VALUES ('122', '2', '1', '77', 'Richard', 'Carter', '20', 'https://picsum.photos/798/38');
INSERT INTO STAFF (staff_id, category_id, level_id, event_id, first_name, last_name, age, image) VALUES ('123', '8', '5', '87', 'Jeffrey', 'Simmons', '63', 'https://placekitten.com/530/456');
INSERT INTO STAFF (staff_id, category_id, level_id, event_id, first_name, last_name, age, image) VALUES ('124', '1', '2', '95', 'Emily', 'Nguyen', '20', 'https://placekitten.com/937/410');
INSERT INTO STAFF (staff_id, category_id, level_id, event_id, first_name, last_name, age, image) VALUES ('125', '7', '4', '30', 'Sara', 'Barry', '52', 'https://picsum.photos/312/386');
INSERT INTO STAFF (staff_id, category_id, level_id, event_id, first_name, last_name, age, image) VALUES ('126', '4', '1', '18', 'Jamie', 'White', '50', 'https://picsum.photos/53/80');
INSERT INTO STAFF (staff_id, category_id, level_id, event_id, first_name, last_name, age, image) VALUES ('127', '5', '2', '94', 'Amber', 'Blevins', '54', 'https://picsum.photos/670/645');
INSERT INTO STAFF (staff_id, category_id, level_id, event_id, first_name, last_name, age, image) VALUES ('128', '6', '5', '77', 'Dominique', 'Harris', '61', 'https://dummyimage.com/334x868');
INSERT INTO STAFF (staff_id, category_id, level_id, event_id, first_name, last_name, age, image) VALUES ('129', '6', '2', '39', 'Jesse', 'Gillespie', '27', 'https://picsum.photos/727/55');
INSERT INTO STAFF (staff_id, category_id, level_id, event_id, first_name, last_name, age, image) VALUES ('130', '9', '2', '53', 'Natalie', 'Blackburn', '37', 'https://picsum.photos/252/768');
INSERT INTO STAFF (staff_id, category_id, level_id, event_id, first_name, last_name, age, image) VALUES ('131', '5', '1', '72', 'Scott', 'Manning', '55', 'https://picsum.photos/427/779');
INSERT INTO STAFF (staff_id, category_id, level_id, event_id, first_name, last_name, age, image) VALUES ('132', '3', '4', '72', 'Sean', 'Ross', '49', 'https://placekitten.com/421/779');
INSERT INTO STAFF (staff_id, category_id, level_id, event_id, first_name, last_name, age, image) VALUES ('133', '1', '3', '83', 'Lisa', 'Davis', '60', 'https://picsum.photos/358/249');
INSERT INTO STAFF (staff_id, category_id, level_id, event_id, first_name, last_name, age, image) VALUES ('134', '7', '5', '41', 'Katherine', 'Martinez', '62', 'https://placekitten.com/1001/733');
INSERT INTO STAFF (staff_id, category_id, level_id, event_id, first_name, last_name, age, image) VALUES ('135', '7', '4', '20', 'Wanda', 'Perry', '37', 'https://placekitten.com/430/185');
INSERT INTO STAFF (staff_id, category_id, level_id, event_id, first_name, last_name, age, image) VALUES ('136', '7', '2', '97', 'Michael', 'Scott', '52', 'https://picsum.photos/229/935');
INSERT INTO STAFF (staff_id, category_id, level_id, event_id, first_name, last_name, age, image) VALUES ('137', '8', '2', '29', 'Adrian', 'Lara', '37', 'https://dummyimage.com/819x204');
INSERT INTO STAFF (staff_id, category_id, level_id, event_id, first_name, last_name, age, image) VALUES ('138', '3', '4', '8', 'Michael', 'Collins', '53', 'https://placekitten.com/133/889');
INSERT INTO STAFF (staff_id, category_id, level_id, event_id, first_name, last_name, age, image) VALUES ('139', '7', '4', '72', 'Kevin', 'Key', '51', 'https://dummyimage.com/172x798');
INSERT INTO STAFF (staff_id, category_id, level_id, event_id, first_name, last_name, age, image) VALUES ('140', '3', '4', '32', 'Allen', 'Brandt', '34', 'https://picsum.photos/662/92');
INSERT INTO STAFF (staff_id, category_id, level_id, event_id, first_name, last_name, age, image) VALUES ('141', '4', '3', '83', 'Melanie', 'Thompson', '23', 'https://placekitten.com/18/262');
INSERT INTO STAFF (staff_id, category_id, level_id, event_id, first_name, last_name, age, image) VALUES ('142', '8', '3', '12', 'Eric', 'Neal', '52', 'https://placekitten.com/79/125');
INSERT INTO STAFF (staff_id, category_id, level_id, event_id, first_name, last_name, age, image) VALUES ('143', '4', '1', '35', 'Leah', 'Cline', '42', 'https://placekitten.com/600/761');
INSERT INTO STAFF (staff_id, category_id, level_id, event_id, first_name, last_name, age, image) VALUES ('144', '10', '5', '6', 'Robert', 'Moore', '22', 'https://placekitten.com/353/357');
INSERT INTO STAFF (staff_id, category_id, level_id, event_id, first_name, last_name, age, image) VALUES ('145', '4', '5', '93', 'Tammy', 'Harmon', '60', 'https://picsum.photos/371/747');
INSERT INTO STAFF (staff_id, category_id, level_id, event_id, first_name, last_name, age, image) VALUES ('146', '9', '2', '62', 'Kristin', 'Johnson', '31', 'https://dummyimage.com/417x626');
INSERT INTO STAFF (staff_id, category_id, level_id, event_id, first_name, last_name, age, image) VALUES ('147', '6', '3', '2', 'Colleen', 'Stout', '31', 'https://picsum.photos/543/657');
INSERT INTO STAFF (staff_id, category_id, level_id, event_id, first_name, last_name, age, image) VALUES ('148', '4', '1', '96', 'Krista', 'Rivera', '48', 'https://placekitten.com/963/70');
INSERT INTO STAFF (staff_id, category_id, level_id, event_id, first_name, last_name, age, image) VALUES ('149', '4', '5', '91', 'Monica', 'Mcintyre', '31', 'https://placekitten.com/95/772');
INSERT INTO STAFF (staff_id, category_id, level_id, event_id, first_name, last_name, age, image) VALUES ('150', '7', '2', '71', 'Jennifer', 'Jackson', '38', 'https://dummyimage.com/205x30');
INSERT INTO STAFF (staff_id, category_id, level_id, event_id, first_name, last_name, age, image) VALUES ('151', '5', '4', '60', 'Phyllis', 'Davis', '52', 'https://dummyimage.com/135x230');
INSERT INTO STAFF (staff_id, category_id, level_id, event_id, first_name, last_name, age, image) VALUES ('152', '6', '3', '34', 'Steven', 'Perry', '41', 'https://placekitten.com/901/275');
INSERT INTO STAFF (staff_id, category_id, level_id, event_id, first_name, last_name, age, image) VALUES ('153', '9', '4', '60', 'Lisa', 'Smith', '24', 'https://dummyimage.com/975x961');
INSERT INTO STAFF (staff_id, category_id, level_id, event_id, first_name, last_name, age, image) VALUES ('154', '8', '3', '27', 'David', 'Douglas', '41', 'https://dummyimage.com/748x197');
INSERT INTO STAFF (staff_id, category_id, level_id, event_id, first_name, last_name, age, image) VALUES ('155', '6', '4', '6', 'Trevor', 'Guerra', '54', 'https://picsum.photos/401/257');
INSERT INTO STAFF (staff_id, category_id, level_id, event_id, first_name, last_name, age, image) VALUES ('156', '4', '2', '3', 'Zachary', 'Trujillo', '34', 'https://placekitten.com/292/461');
INSERT INTO STAFF (staff_id, category_id, level_id, event_id, first_name, last_name, age, image) VALUES ('157', '9', '5', '75', 'Christopher', 'Davis', '64', 'https://placekitten.com/827/578');
INSERT INTO STAFF (staff_id, category_id, level_id, event_id, first_name, last_name, age, image) VALUES ('158', '7', '3', '20', 'Daniel', 'Perez', '30', 'https://dummyimage.com/378x616');
INSERT INTO STAFF (staff_id, category_id, level_id, event_id, first_name, last_name, age, image) VALUES ('159', '6', '2', '49', 'Jennifer', 'Murray', '54', 'https://dummyimage.com/546x269');
INSERT INTO STAFF (staff_id, category_id, level_id, event_id, first_name, last_name, age, image) VALUES ('160', '4', '4', '71', 'Robert', 'Stanley', '59', 'https://placekitten.com/70/788');
INSERT INTO STAFF (staff_id, category_id, level_id, event_id, first_name, last_name, age, image) VALUES ('161', '6', '3', '98', 'Brandon', 'Gonzalez', '49', 'https://picsum.photos/373/29');
INSERT INTO STAFF (staff_id, category_id, level_id, event_id, first_name, last_name, age, image) VALUES ('162', '8', '4', '22', 'Cynthia', 'Conley', '64', 'https://dummyimage.com/487x331');
INSERT INTO STAFF (staff_id, category_id, level_id, event_id, first_name, last_name, age, image) VALUES ('163', '6', '2', '18', 'Marcus', 'Armstrong', '64', 'https://picsum.photos/990/704');
INSERT INTO STAFF (staff_id, category_id, level_id, event_id, first_name, last_name, age, image) VALUES ('164', '9', '4', '24', 'Courtney', 'Montoya', '52', 'https://picsum.photos/830/925');
INSERT INTO STAFF (staff_id, category_id, level_id, event_id, first_name, last_name, age, image) VALUES ('165', '1', '5', '5', 'Shawn', 'Baker', '22', 'https://placekitten.com/900/241');
INSERT INTO STAFF (staff_id, category_id, level_id, event_id, first_name, last_name, age, image) VALUES ('166', '1', '1', '53', 'Joshua', 'Mack', '26', 'https://picsum.photos/690/690');
INSERT INTO STAFF (staff_id, category_id, level_id, event_id, first_name, last_name, age, image) VALUES ('167', '4', '1', '91', 'Jonathan', 'Roman', '27', 'https://placekitten.com/998/934');
INSERT INTO STAFF (staff_id, category_id, level_id, event_id, first_name, last_name, age, image) VALUES ('168', '1', '2', '65', 'Colin', 'Chase', '47', 'https://dummyimage.com/538x129');
INSERT INTO STAFF (staff_id, category_id, level_id, event_id, first_name, last_name, age, image) VALUES ('169', '6', '1', '80', 'Ronald', 'Johnson', '58', 'https://picsum.photos/258/193');
INSERT INTO STAFF (staff_id, category_id, level_id, event_id, first_name, last_name, age, image) VALUES ('170', '10', '4', '85', 'Theresa', 'Greer', '49', 'https://picsum.photos/246/605');
INSERT INTO STAFF (staff_id, category_id, level_id, event_id, first_name, last_name, age, image) VALUES ('171', '1', '1', '69', 'Morgan', 'Parker', '53', 'https://placekitten.com/893/169');
INSERT INTO STAFF (staff_id, category_id, level_id, event_id, first_name, last_name, age, image) VALUES ('172', '7', '1', '3', 'Ian', 'Wilkins', '51', 'https://placekitten.com/399/290');
INSERT INTO STAFF (staff_id, category_id, level_id, event_id, first_name, last_name, age, image) VALUES ('173', '5', '5', '37', 'Jeffrey', 'Smith', '19', 'https://placekitten.com/724/310');
INSERT INTO STAFF (staff_id, category_id, level_id, event_id, first_name, last_name, age, image) VALUES ('174', '9', '4', '23', 'Michelle', 'Warren', '24', 'https://placekitten.com/742/471');
INSERT INTO STAFF (staff_id, category_id, level_id, event_id, first_name, last_name, age, image) VALUES ('175', '2', '5', '20', 'Stacey', 'Schmidt', '33', 'https://picsum.photos/766/325');
INSERT INTO STAFF (staff_id, category_id, level_id, event_id, first_name, last_name, age, image) VALUES ('176', '4', '5', '68', 'Erin', 'Reid', '34', 'https://placekitten.com/463/311');
INSERT INTO STAFF (staff_id, category_id, level_id, event_id, first_name, last_name, age, image) VALUES ('177', '6', '3', '51', 'Sheri', 'Lynch', '23', 'https://picsum.photos/414/570');
INSERT INTO STAFF (staff_id, category_id, level_id, event_id, first_name, last_name, age, image) VALUES ('178', '6', '4', '59', 'Susan', 'Rush', '54', 'https://placekitten.com/607/798');
INSERT INTO STAFF (staff_id, category_id, level_id, event_id, first_name, last_name, age, image) VALUES ('179', '4', '2', '39', 'Teresa', 'English', '61', 'https://picsum.photos/958/659');
INSERT INTO STAFF (staff_id, category_id, level_id, event_id, first_name, last_name, age, image) VALUES ('180', '2', '1', '12', 'Jennifer', 'Evans', '43', 'https://placekitten.com/153/514');
INSERT INTO STAFF (staff_id, category_id, level_id, event_id, first_name, last_name, age, image) VALUES ('181', '7', '4', '71', 'Angela', 'Collins', '48', 'https://dummyimage.com/136x121');
INSERT INTO STAFF (staff_id, category_id, level_id, event_id, first_name, last_name, age, image) VALUES ('182', '1', '1', '90', 'Donald', 'Castillo', '28', 'https://dummyimage.com/328x496');
INSERT INTO STAFF (staff_id, category_id, level_id, event_id, first_name, last_name, age, image) VALUES ('183', '2', '4', '56', 'Kristie', 'Lucas', '59', 'https://picsum.photos/800/396');
INSERT INTO STAFF (staff_id, category_id, level_id, event_id, first_name, last_name, age, image) VALUES ('184', '6', '5', '13', 'Mary', 'Jones', '51', 'https://dummyimage.com/565x287');
INSERT INTO STAFF (staff_id, category_id, level_id, event_id, first_name, last_name, age, image) VALUES ('185', '1', '2', '28', 'David', 'Singh', '62', 'https://dummyimage.com/310x421');
INSERT INTO STAFF (staff_id, category_id, level_id, event_id, first_name, last_name, age, image) VALUES ('186', '10', '4', '35', 'Douglas', 'Hill', '20', 'https://placekitten.com/670/22');
INSERT INTO STAFF (staff_id, category_id, level_id, event_id, first_name, last_name, age, image) VALUES ('187', '2', '3', '70', 'David', 'Collins', '54', 'https://picsum.photos/210/964');
INSERT INTO STAFF (staff_id, category_id, level_id, event_id, first_name, last_name, age, image) VALUES ('188', '1', '2', '41', 'Donna', 'Evans', '19', 'https://picsum.photos/255/930');
INSERT INTO STAFF (staff_id, category_id, level_id, event_id, first_name, last_name, age, image) VALUES ('189', '4', '5', '19', 'Chad', 'Werner', '63', 'https://picsum.photos/699/557');
INSERT INTO STAFF (staff_id, category_id, level_id, event_id, first_name, last_name, age, image) VALUES ('190', '7', '1', '39', 'Patrick', 'Vance', '28', 'https://dummyimage.com/231x955');
INSERT INTO STAFF (staff_id, category_id, level_id, event_id, first_name, last_name, age, image) VALUES ('191', '10', '2', '73', 'Brenda', 'Walter', '42', 'https://picsum.photos/997/596');
INSERT INTO STAFF (staff_id, category_id, level_id, event_id, first_name, last_name, age, image) VALUES ('192', '9', '3', '50', 'Alexandra', 'Davis', '65', 'https://placekitten.com/742/494');
INSERT INTO STAFF (staff_id, category_id, level_id, event_id, first_name, last_name, age, image) VALUES ('193', '3', '1', '65', 'Troy', 'Miles', '65', 'https://picsum.photos/885/863');
INSERT INTO STAFF (staff_id, category_id, level_id, event_id, first_name, last_name, age, image) VALUES ('194', '6', '1', '13', 'Danielle', 'Grimes', '45', 'https://dummyimage.com/573x564');
INSERT INTO STAFF (staff_id, category_id, level_id, event_id, first_name, last_name, age, image) VALUES ('195', '4', '1', '44', 'Danielle', 'Murphy', '56', 'https://picsum.photos/514/730');
INSERT INTO STAFF (staff_id, category_id, level_id, event_id, first_name, last_name, age, image) VALUES ('196', '10', '5', '51', 'Alexander', 'Marquez', '38', 'https://placekitten.com/994/497');
INSERT INTO STAFF (staff_id, category_id, level_id, event_id, first_name, last_name, age, image) VALUES ('197', '1', '3', '58', 'Troy', 'Garza', '49', 'https://placekitten.com/544/212');
INSERT INTO STAFF (staff_id, category_id, level_id, event_id, first_name, last_name, age, image) VALUES ('198', '4', '3', '71', 'Tony', 'Obrien', '42', 'https://picsum.photos/769/783');
INSERT INTO STAFF (staff_id, category_id, level_id, event_id, first_name, last_name, age, image) VALUES ('199', '7', '2', '88', 'Carolyn', 'Garza', '55', 'https://picsum.photos/201/194');
INSERT INTO STAFF (staff_id, category_id, level_id, event_id, first_name, last_name, age, image) VALUES ('200', '7', '1', '99', 'Tammy', 'Allen', '57', 'https://placekitten.com/863/806');
INSERT INTO VISITORS (visitor_id, first_name, last_name, phone_number, email, age) VALUES ('1', 'Julie', 'Reed', '779.380.6603x920', 'samantha07@example.c', '34');
INSERT INTO VISITORS (visitor_id, first_name, last_name, phone_number, email, age) VALUES ('2', 'Michael', 'Vega', '(734)870-5742x388', 'kimberly27@example.o', '67');
INSERT INTO VISITORS (visitor_id, first_name, last_name, phone_number, email, age) VALUES ('3', 'Matthew', 'Jensen', '001-635-941-1659x7263', 'matthew75@example.or', '31');
INSERT INTO VISITORS (visitor_id, first_name, last_name, phone_number, email, age) VALUES ('4', 'Susan', 'Morris', '439-848-8488', 'gonzalezchristopher@', '61');
INSERT INTO VISITORS (visitor_id, first_name, last_name, phone_number, email, age) VALUES ('5', 'Robin', 'Alvarado', '325-785-6261x499', 'scottwilliams@exampl', '20');
INSERT INTO VISITORS (visitor_id, first_name, last_name, phone_number, email, age) VALUES ('6', 'Eric', 'Haney', '2736333732', 'tamaramathews@exampl', '21');
INSERT INTO VISITORS (visitor_id, first_name, last_name, phone_number, email, age) VALUES ('7', 'Mary', 'Perry', '+1-893-662-8969', 'linda46@example.com', '33');
INSERT INTO VISITORS (visitor_id, first_name, last_name, phone_number, email, age) VALUES ('8', 'Michael', 'Schaefer', '458.351.2538', 'gnichols@example.net', '25');
INSERT INTO VISITORS (visitor_id, first_name, last_name, phone_number, email, age) VALUES ('9', 'Jeremy', 'Bailey', '001-883-374-9079x779', 'andrewwest@example.n', '40');
INSERT INTO VISITORS (visitor_id, first_name, last_name, phone_number, email, age) VALUES ('10', 'Brian', 'Bailey', '001-421-851-4940x976', 'dorothycollins@examp', '61');
INSERT INTO VISITORS (visitor_id, first_name, last_name, phone_number, email, age) VALUES ('11', 'Emily', 'Rivera', '001-286-728-9509', 'hamptonchad@example.', '66');
INSERT INTO VISITORS (visitor_id, first_name, last_name, phone_number, email, age) VALUES ('12', 'Alyssa', 'Cross', '001-833-892-2071x5116', 'ihorton@example.com', '56');
INSERT INTO VISITORS (visitor_id, first_name, last_name, phone_number, email, age) VALUES ('13', 'Isaac', 'Collins', '(564)771-2463', 'morgankaren@example.', '25');
INSERT INTO VISITORS (visitor_id, first_name, last_name, phone_number, email, age) VALUES ('14', 'Jonathan', 'Suarez', '2807512080', 'ztorres@example.net', '63');
INSERT INTO VISITORS (visitor_id, first_name, last_name, phone_number, email, age) VALUES ('15', 'Anna', 'Villarreal', '(439)772-8351', 'patriciamccarthy@exa', '40');
INSERT INTO VISITORS (visitor_id, first_name, last_name, phone_number, email, age) VALUES ('16', 'William', 'Olsen', '409.308.1441x529', 'jlee@example.net', '36');
INSERT INTO VISITORS (visitor_id, first_name, last_name, phone_number, email, age) VALUES ('17', 'Samantha', 'Pace', '+1-886-271-8153x52373', 'brian79@example.org', '39');
INSERT INTO VISITORS (visitor_id, first_name, last_name, phone_number, email, age) VALUES ('18', 'Melanie', 'Davis', '+1-958-599-8868x3452', 'sheryl66@example.com', '22');
INSERT INTO VISITORS (visitor_id, first_name, last_name, phone_number, email, age) VALUES ('19', 'Nicholas', 'Henry', '515.387.9647x4080', 'patricia98@example.o', '21');
INSERT INTO VISITORS (visitor_id, first_name, last_name, phone_number, email, age) VALUES ('20', 'Danielle', 'Stevenson', '+1-800-446-3580', 'erin03@example.org', '16');
INSERT INTO VISITORS (visitor_id, first_name, last_name, phone_number, email, age) VALUES ('21', 'Stephen', 'Lopez', '251.837.3990', 'rachelwilson@example', '35');
INSERT INTO VISITORS (visitor_id, first_name, last_name, phone_number, email, age) VALUES ('22', 'Adam', 'Allen', '626-535-6022x93946', 'robert06@example.com', '44');
INSERT INTO VISITORS (visitor_id, first_name, last_name, phone_number, email, age) VALUES ('23', 'Nicholas', 'Kirby', '574.390.6072', 'wilsonrachel@example', '39');
INSERT INTO VISITORS (visitor_id, first_name, last_name, phone_number, email, age) VALUES ('24', 'Carl', 'Herrera', '(346)348-4494', 'mcarson@example.org', '64');
INSERT INTO VISITORS (visitor_id, first_name, last_name, phone_number, email, age) VALUES ('25', 'Angela', 'Jimenez', '(880)477-1130', 'farmerlindsay@exampl', '33');
INSERT INTO VISITORS (visitor_id, first_name, last_name, phone_number, email, age) VALUES ('26', 'Ryan', 'Wood', '001-727-690-8335x0902', 'michaelgonzalez@exam', '22');
INSERT INTO VISITORS (visitor_id, first_name, last_name, phone_number, email, age) VALUES ('27', 'Brian', 'James', '681-432-3570x7139', 'amystewart@example.o', '24');
INSERT INTO VISITORS (visitor_id, first_name, last_name, phone_number, email, age) VALUES ('28', 'Gail', 'Ortiz', '+1-509-225-5021', 'dsmith@example.com', '21');
INSERT INTO VISITORS (visitor_id, first_name, last_name, phone_number, email, age) VALUES ('29', 'Kayla', 'Wilson', '609.881.0796', 'pkent@example.net', '27');
INSERT INTO VISITORS (visitor_id, first_name, last_name, phone_number, email, age) VALUES ('30', 'Tracy', 'Wright', '+1-477-727-8532x4264', 'reynoldskevin@exampl', '43');
INSERT INTO VISITORS (visitor_id, first_name, last_name, phone_number, email, age) VALUES ('31', 'Steve', 'Page', '+1-936-925-3666', 'dfarley@example.com', '44');
INSERT INTO VISITORS (visitor_id, first_name, last_name, phone_number, email, age) VALUES ('32', 'Matthew', 'Ortega', '(783)933-3939', 'tbrooks@example.org', '51');
INSERT INTO VISITORS (visitor_id, first_name, last_name, phone_number, email, age) VALUES ('33', 'Philip', 'Harrison', '+1-474-896-0335', 'cwhite@example.org', '51');
INSERT INTO VISITORS (visitor_id, first_name, last_name, phone_number, email, age) VALUES ('34', 'Heather', 'Cruz', '+1-924-792-6932x65732', 'lowekristin@example.', '48');
INSERT INTO VISITORS (visitor_id, first_name, last_name, phone_number, email, age) VALUES ('35', 'Andrew', 'Mora', '3517553234', 'brandy77@example.com', '42');
INSERT INTO VISITORS (visitor_id, first_name, last_name, phone_number, email, age) VALUES ('36', 'Jane', 'Roberts', '882-422-6189', 'rgraves@example.net', '22');
INSERT INTO VISITORS (visitor_id, first_name, last_name, phone_number, email, age) VALUES ('37', 'Melanie', 'Wright', '927-410-2676', 'willisvanessa@exampl', '17');
INSERT INTO VISITORS (visitor_id, first_name, last_name, phone_number, email, age) VALUES ('38', 'Sarah', 'Richards', '(370)479-5515', 'clairebyrd@example.o', '21');
INSERT INTO VISITORS (visitor_id, first_name, last_name, phone_number, email, age) VALUES ('39', 'Daniel', 'Donovan', '+1-635-541-5970x99625', 'tina07@example.com', '38');
INSERT INTO VISITORS (visitor_id, first_name, last_name, phone_number, email, age) VALUES ('40', 'Rebecca', 'Williams', '344.776.5047', 'andersontiffany@exam', '51');
INSERT INTO VISITORS (visitor_id, first_name, last_name, phone_number, email, age) VALUES ('41', 'Alex', 'Berry', '863-776-6046x5586', 'sherriball@example.n', '21');
INSERT INTO VISITORS (visitor_id, first_name, last_name, phone_number, email, age) VALUES ('42', 'James', 'Campbell', '571-358-1021', 'nathanielmoore@examp', '54');
INSERT INTO VISITORS (visitor_id, first_name, last_name, phone_number, email, age) VALUES ('43', 'Kimberly', 'Shields', '3053912975', 'padillajames@example', '54');
INSERT INTO VISITORS (visitor_id, first_name, last_name, phone_number, email, age) VALUES ('44', 'Sara', 'Lopez', '001-910-563-3016x583', 'ljacobs@example.com', '66');
INSERT INTO VISITORS (visitor_id, first_name, last_name, phone_number, email, age) VALUES ('45', 'Keith', 'Lowe', '4725801234', 'warnercharles@exampl', '36');
INSERT INTO VISITORS (visitor_id, first_name, last_name, phone_number, email, age) VALUES ('46', 'Melinda', 'Avila', '526.894.9684', 'madison38@example.or', '71');
INSERT INTO VISITORS (visitor_id, first_name, last_name, phone_number, email, age) VALUES ('47', 'Diana', 'Donaldson', '942-210-1750x961', 'floreskelsey@example', '40');
INSERT INTO VISITORS (visitor_id, first_name, last_name, phone_number, email, age) VALUES ('48', 'Helen', 'Jacobs', '694-957-5757', 'amy33@example.net', '16');
INSERT INTO VISITORS (visitor_id, first_name, last_name, phone_number, email, age) VALUES ('49', 'George', 'Vazquez', '(777)856-7772x26602', 'reginaldsmith@exampl', '34');
INSERT INTO VISITORS (visitor_id, first_name, last_name, phone_number, email, age) VALUES ('50', 'Rebecca', 'Hernandez', '(531)206-7245', 'tmyers@example.net', '42');
INSERT INTO VISITORS (visitor_id, first_name, last_name, phone_number, email, age) VALUES ('51', 'Joshua', 'Lee', '+1-676-462-7051x157', 'aprilsnyder@example.', '40');
INSERT INTO VISITORS (visitor_id, first_name, last_name, phone_number, email, age) VALUES ('52', 'Robert', 'Smith', '725-449-6919x2845', 'annette71@example.or', '65');
INSERT INTO VISITORS (visitor_id, first_name, last_name, phone_number, email, age) VALUES ('53', 'Sergio', 'Butler', '753.557.4859', 'tammyharrington@exam', '21');
INSERT INTO VISITORS (visitor_id, first_name, last_name, phone_number, email, age) VALUES ('54', 'Teresa', 'Perez', '001-393-837-9705', 'cindymiller@example.', '62');
INSERT INTO VISITORS (visitor_id, first_name, last_name, phone_number, email, age) VALUES ('55', 'Steven', 'Mccullough', '001-241-776-3425x0733', 'mallory78@example.or', '73');
INSERT INTO VISITORS (visitor_id, first_name, last_name, phone_number, email, age) VALUES ('56', 'Kristen', 'Frye', '659.583.3991x4038', 'ahenderson@example.c', '51');
INSERT INTO VISITORS (visitor_id, first_name, last_name, phone_number, email, age) VALUES ('57', 'Jose', 'Thomas', '4069157276', 'daniel47@example.com', '73');
INSERT INTO VISITORS (visitor_id, first_name, last_name, phone_number, email, age) VALUES ('58', 'James', 'Obrien', '729-825-0105x8752', 'fullerdebbie@example', '31');
INSERT INTO VISITORS (visitor_id, first_name, last_name, phone_number, email, age) VALUES ('59', 'Gregory', 'Austin', '001-404-359-9080x27112', 'shelbyyoung@example.', '52');
INSERT INTO VISITORS (visitor_id, first_name, last_name, phone_number, email, age) VALUES ('60', 'Teresa', 'Morgan', '(951)476-8086x62813', 'farmermisty@example.', '49');
INSERT INTO VISITORS (visitor_id, first_name, last_name, phone_number, email, age) VALUES ('61', 'John', 'Newman', '+1-400-437-0033', 'marcus60@example.net', '26');
INSERT INTO VISITORS (visitor_id, first_name, last_name, phone_number, email, age) VALUES ('62', 'Kathy', 'Vasquez', '+1-368-710-3903x39705', 'randyhernandez@examp', '59');
INSERT INTO VISITORS (visitor_id, first_name, last_name, phone_number, email, age) VALUES ('63', 'Rose', 'Garner', '648-858-6239x4535', 'santosshannon@exampl', '40');
INSERT INTO VISITORS (visitor_id, first_name, last_name, phone_number, email, age) VALUES ('64', 'Carrie', 'Curtis', '663.721.0613x39439', 'obrown@example.org', '26');
INSERT INTO VISITORS (visitor_id, first_name, last_name, phone_number, email, age) VALUES ('65', 'Ashley', 'Wilkerson', '738-904-0325x376', 'kguzman@example.com', '24');
INSERT INTO VISITORS (visitor_id, first_name, last_name, phone_number, email, age) VALUES ('66', 'Timothy', 'Carlson', '+1-831-491-0090x04047', 'brownjason@example.o', '33');
INSERT INTO VISITORS (visitor_id, first_name, last_name, phone_number, email, age) VALUES ('67', 'Tasha', 'Harmon', '(514)360-4014x247', 'beardsarah@example.o', '35');
INSERT INTO VISITORS (visitor_id, first_name, last_name, phone_number, email, age) VALUES ('68', 'Alexis', 'Miller', '379.484.4097', 'camerongregory@examp', '33');
INSERT INTO VISITORS (visitor_id, first_name, last_name, phone_number, email, age) VALUES ('69', 'Benjamin', 'Reynolds', '262.609.0144x734', 'jimmywest@example.or', '47');
INSERT INTO VISITORS (visitor_id, first_name, last_name, phone_number, email, age) VALUES ('70', 'Wendy', 'Williams', '001-768-973-0451', 'xstephens@example.ne', '25');
INSERT INTO VISITORS (visitor_id, first_name, last_name, phone_number, email, age) VALUES ('71', 'Rachel', 'Barber', '+1-925-756-2965', 'dylan78@example.com', '20');
INSERT INTO VISITORS (visitor_id, first_name, last_name, phone_number, email, age) VALUES ('72', 'Michael', 'Reynolds', '+1-442-755-7782x058', 'melissaberry@example', '26');
INSERT INTO VISITORS (visitor_id, first_name, last_name, phone_number, email, age) VALUES ('73', 'Makayla', 'Sanders', '(918)380-8190x48235', 'jessica58@example.co', '43');
INSERT INTO VISITORS (visitor_id, first_name, last_name, phone_number, email, age) VALUES ('74', 'Alexandra', 'Weiss', '295.361.3723', 'ethomas@example.net', '33');
INSERT INTO VISITORS (visitor_id, first_name, last_name, phone_number, email, age) VALUES ('75', 'Stephanie', 'Allen', '(343)381-3000x4132', 'shaun16@example.com', '42');
INSERT INTO VISITORS (visitor_id, first_name, last_name, phone_number, email, age) VALUES ('76', 'Dorothy', 'Smith', '+1-245-965-3469x979', 'portermichael@exampl', '35');
INSERT INTO VISITORS (visitor_id, first_name, last_name, phone_number, email, age) VALUES ('77', 'Jackie', 'Callahan', '(981)669-9570x6071', 'millerjennifer@examp', '46');
INSERT INTO VISITORS (visitor_id, first_name, last_name, phone_number, email, age) VALUES ('78', 'Crystal', 'Davis', '(353)297-0548x7396', 'brittneyleonard@exam', '66');
INSERT INTO VISITORS (visitor_id, first_name, last_name, phone_number, email, age) VALUES ('79', 'Selena', 'Wallace', '927.649.6804x91872', 'billburke@example.co', '20');
INSERT INTO VISITORS (visitor_id, first_name, last_name, phone_number, email, age) VALUES ('80', 'Daniel', 'Moore', '237-673-0626', 'jeffreyglenn@example', '39');
INSERT INTO VISITORS (visitor_id, first_name, last_name, phone_number, email, age) VALUES ('81', 'Megan', 'Perez', '811.222.2990x775', 'cynthia16@example.co', '32');
INSERT INTO VISITORS (visitor_id, first_name, last_name, phone_number, email, age) VALUES ('82', 'Arthur', 'Graham', '001-361-211-4576x832', 'christopherlopez@exa', '31');
INSERT INTO VISITORS (visitor_id, first_name, last_name, phone_number, email, age) VALUES ('83', 'Sean', 'Barajas', '(584)471-2961x803', 'dean60@example.com', '62');
INSERT INTO VISITORS (visitor_id, first_name, last_name, phone_number, email, age) VALUES ('84', 'Brian', 'French', '584-998-0425', 'jacobwells@example.c', '56');
INSERT INTO VISITORS (visitor_id, first_name, last_name, phone_number, email, age) VALUES ('85', 'Jason', 'Thompson', '+1-381-422-8217', 'courtneygutierrez@ex', '47');
INSERT INTO VISITORS (visitor_id, first_name, last_name, phone_number, email, age) VALUES ('86', 'Michael', 'Perez', '560-460-5603x567', 'ymendez@example.net', '54');
INSERT INTO VISITORS (visitor_id, first_name, last_name, phone_number, email, age) VALUES ('87', 'Pamela', 'Lucas', '001-323-498-4716x90618', 'woodphillip@example.', '55');
INSERT INTO VISITORS (visitor_id, first_name, last_name, phone_number, email, age) VALUES ('88', 'Debra', 'Hatfield', '448-995-4787x69899', 'christopher75@exampl', '28');
INSERT INTO VISITORS (visitor_id, first_name, last_name, phone_number, email, age) VALUES ('89', 'Zachary', 'Welch', '744-649-8355x393', 'margaretholmes@examp', '45');
INSERT INTO VISITORS (visitor_id, first_name, last_name, phone_number, email, age) VALUES ('90', 'Joshua', 'Harper', '+1-439-324-3588x53798', 'danielle39@example.n', '22');
INSERT INTO VISITORS (visitor_id, first_name, last_name, phone_number, email, age) VALUES ('91', 'Maria', 'White', '+1-375-636-7497x8524', 'levylisa@example.com', '24');
INSERT INTO VISITORS (visitor_id, first_name, last_name, phone_number, email, age) VALUES ('92', 'Aaron', 'Lopez', '877-989-4896x340', 'alvarezpaul@example.', '35');
INSERT INTO VISITORS (visitor_id, first_name, last_name, phone_number, email, age) VALUES ('93', 'Donald', 'Martinez', '001-200-214-1884x21630', 'morganclaudia@exampl', '16');
INSERT INTO VISITORS (visitor_id, first_name, last_name, phone_number, email, age) VALUES ('94', 'Justin', 'Allen', '299.794.8532', 'georgeburch@example.', '41');
INSERT INTO VISITORS (visitor_id, first_name, last_name, phone_number, email, age) VALUES ('95', 'James', 'Jensen', '(819)594-7113', 'stephenmartin@exampl', '37');
INSERT INTO VISITORS (visitor_id, first_name, last_name, phone_number, email, age) VALUES ('96', 'Samantha', 'Ramirez', '5343699673', 'ortizsean@example.or', '69');
INSERT INTO VISITORS (visitor_id, first_name, last_name, phone_number, email, age) VALUES ('97', 'Jocelyn', 'Cruz', '+1-960-884-3768x550', 'xobrien@example.org', '55');
INSERT INTO VISITORS (visitor_id, first_name, last_name, phone_number, email, age) VALUES ('98', 'Jade', 'Burke', '001-562-863-3556x434', 'ryu@example.net', '40');
INSERT INTO VISITORS (visitor_id, first_name, last_name, phone_number, email, age) VALUES ('99', 'John', 'Wolfe', '306.895.5607x676', 'michael45@example.co', '67');
INSERT INTO VISITORS (visitor_id, first_name, last_name, phone_number, email, age) VALUES ('100', 'Timothy', 'Jackson', '001-589-383-0650', 'christopherdominguez', '71');
INSERT INTO VISITORS (visitor_id, first_name, last_name, phone_number, email, age) VALUES ('101', 'John', 'Fox', '372-542-6423x642', 'oliverashley@example', '37');
INSERT INTO VISITORS (visitor_id, first_name, last_name, phone_number, email, age) VALUES ('102', 'Gregory', 'Kelley', '(723)403-9111x42817', 'amandalopez@example.', '44');
INSERT INTO VISITORS (visitor_id, first_name, last_name, phone_number, email, age) VALUES ('103', 'Mark', 'Jackson', '480-588-0622x072', 'audrey47@example.org', '37');
INSERT INTO VISITORS (visitor_id, first_name, last_name, phone_number, email, age) VALUES ('104', 'Spencer', 'Mckinney', '001-932-890-1620x478', 'doneal@example.net', '43');
INSERT INTO VISITORS (visitor_id, first_name, last_name, phone_number, email, age) VALUES ('105', 'Sherry', 'Gomez', '+1-396-748-6287x203', 'darrell66@example.co', '68');
INSERT INTO VISITORS (visitor_id, first_name, last_name, phone_number, email, age) VALUES ('106', 'Kevin', 'Johnson', '230.536.2792x4632', 'zking@example.com', '68');
INSERT INTO VISITORS (visitor_id, first_name, last_name, phone_number, email, age) VALUES ('107', 'Jennifer', 'Watson', '772.260.3214', 'steven66@example.org', '71');
INSERT INTO VISITORS (visitor_id, first_name, last_name, phone_number, email, age) VALUES ('108', 'Carmen', 'Kelly', '487.607.1553x48201', 'johnsonjeffery@examp', '57');
INSERT INTO VISITORS (visitor_id, first_name, last_name, phone_number, email, age) VALUES ('109', 'Nathan', 'West', '897-259-5450x89177', 'lutzeric@example.com', '54');
INSERT INTO VISITORS (visitor_id, first_name, last_name, phone_number, email, age) VALUES ('110', 'Mark', 'Klein', '001-642-223-1964x6300', 'jameshudson@example.', '24');
INSERT INTO VISITORS (visitor_id, first_name, last_name, phone_number, email, age) VALUES ('111', 'Lauren', 'Ware', '(489)943-0120x47137', 'millersteve@example.', '35');
INSERT INTO VISITORS (visitor_id, first_name, last_name, phone_number, email, age) VALUES ('112', 'Christina', 'Krause', '549.588.5582x9849', 'hamiltonjoseph@examp', '36');
INSERT INTO VISITORS (visitor_id, first_name, last_name, phone_number, email, age) VALUES ('113', 'Kevin', 'Kaufman', '(309)744-1283x3372', 'anewton@example.net', '54');
INSERT INTO VISITORS (visitor_id, first_name, last_name, phone_number, email, age) VALUES ('114', 'Mark', 'Miller', '(497)815-0666', 'vgood@example.com', '60');
INSERT INTO VISITORS (visitor_id, first_name, last_name, phone_number, email, age) VALUES ('115', 'David', 'Young', '769.836.6343x9252', 'garciachristopher@ex', '28');
INSERT INTO VISITORS (visitor_id, first_name, last_name, phone_number, email, age) VALUES ('116', 'Alan', 'Fernandez', '312.200.7202x4559', 'patriciarivera@examp', '46');
INSERT INTO VISITORS (visitor_id, first_name, last_name, phone_number, email, age) VALUES ('117', 'Wendy', 'Miller', '6903326714', 'dillon79@example.com', '36');
INSERT INTO VISITORS (visitor_id, first_name, last_name, phone_number, email, age) VALUES ('118', 'Eric', 'Parsons', '617.693.4065x27758', 'pbutler@example.com', '27');
INSERT INTO VISITORS (visitor_id, first_name, last_name, phone_number, email, age) VALUES ('119', 'Elizabeth', 'Clark', '422.301.0912x172', 'kaylee59@example.org', '41');
INSERT INTO VISITORS (visitor_id, first_name, last_name, phone_number, email, age) VALUES ('120', 'Jennifer', 'Graham', '889-543-7052', 'carl04@example.com', '36');
INSERT INTO VISITORS (visitor_id, first_name, last_name, phone_number, email, age) VALUES ('121', 'Jacob', 'Jimenez', '+1-365-972-5659x20246', 'eddie23@example.net', '34');
INSERT INTO VISITORS (visitor_id, first_name, last_name, phone_number, email, age) VALUES ('122', 'Cassandra', 'Krueger', '726.200.5595', 'webbmadison@example.', '63');
INSERT INTO VISITORS (visitor_id, first_name, last_name, phone_number, email, age) VALUES ('123', 'James', 'Hernandez', '+1-684-986-8999x36079', 'mitchellandrew@examp', '60');
INSERT INTO VISITORS (visitor_id, first_name, last_name, phone_number, email, age) VALUES ('124', 'Courtney', 'Conner', '567.699.3593x7440', 'hbaker@example.org', '56');
INSERT INTO VISITORS (visitor_id, first_name, last_name, phone_number, email, age) VALUES ('125', 'Billy', 'Crane', '636.206.0148x860', 'nzhang@example.net', '47');
INSERT INTO VISITORS (visitor_id, first_name, last_name, phone_number, email, age) VALUES ('126', 'Donna', 'Roberts', '836-385-2830', 'deborah70@example.or', '52');
INSERT INTO VISITORS (visitor_id, first_name, last_name, phone_number, email, age) VALUES ('127', 'David', 'Curry', '624-346-2632x514', 'mcgrathmorgan@exampl', '66');
INSERT INTO VISITORS (visitor_id, first_name, last_name, phone_number, email, age) VALUES ('128', 'Stephanie', 'Jones', '001-642-317-5188x78179', 'kristina52@example.c', '31');
INSERT INTO VISITORS (visitor_id, first_name, last_name, phone_number, email, age) VALUES ('129', 'Lindsay', 'Gardner', '909-711-2252x883', 'petersonpaul@example', '36');
INSERT INTO VISITORS (visitor_id, first_name, last_name, phone_number, email, age) VALUES ('130', 'Dale', 'Hunt', '(732)739-7913x7876', 'racheljohnson@exampl', '40');
INSERT INTO VISITORS (visitor_id, first_name, last_name, phone_number, email, age) VALUES ('131', 'Adam', 'Kelly', '+1-455-960-5712x19881', 'jspencer@example.net', '33');
INSERT INTO VISITORS (visitor_id, first_name, last_name, phone_number, email, age) VALUES ('132', 'Kathleen', 'Wilson', '2536486401', 'heathercabrera@examp', '68');
INSERT INTO VISITORS (visitor_id, first_name, last_name, phone_number, email, age) VALUES ('133', 'Juan', 'Atkinson', '285-617-4460', 'jack12@example.net', '66');
INSERT INTO VISITORS (visitor_id, first_name, last_name, phone_number, email, age) VALUES ('134', 'Carrie', 'York', '(511)245-5129x391', 'larry88@example.org', '41');
INSERT INTO VISITORS (visitor_id, first_name, last_name, phone_number, email, age) VALUES ('135', 'Lisa', 'Dunn', '001-884-384-1604', 'joseph02@example.org', '39');
INSERT INTO VISITORS (visitor_id, first_name, last_name, phone_number, email, age) VALUES ('136', 'Clinton', 'Duffy', '6174075681', 'christopherjackson@e', '23');
INSERT INTO VISITORS (visitor_id, first_name, last_name, phone_number, email, age) VALUES ('137', 'Samantha', 'Haynes', '207-632-2836', 'travisyoung@example.', '75');
INSERT INTO VISITORS (visitor_id, first_name, last_name, phone_number, email, age) VALUES ('138', 'Jason', 'Estrada', '684.652.6969', 'christinapreston@exa', '52');
INSERT INTO VISITORS (visitor_id, first_name, last_name, phone_number, email, age) VALUES ('139', 'Robert', 'Wong', '401.269.3429x2913', 'whitneymcgee@example', '28');
INSERT INTO VISITORS (visitor_id, first_name, last_name, phone_number, email, age) VALUES ('140', 'Charles', 'Foster', '341.790.3106', 'sergiothomas@example', '53');
INSERT INTO VISITORS (visitor_id, first_name, last_name, phone_number, email, age) VALUES ('141', 'Kristen', 'Melton', '966-684-7323x65337', 'awilliams@example.co', '50');
INSERT INTO VISITORS (visitor_id, first_name, last_name, phone_number, email, age) VALUES ('142', 'Steven', 'Brown', '6786436142', 'ronaldsmith@example.', '27');
INSERT INTO VISITORS (visitor_id, first_name, last_name, phone_number, email, age) VALUES ('143', 'Cameron', 'Gibson', '237-534-7642x7372', 'jcruz@example.net', '59');
INSERT INTO VISITORS (visitor_id, first_name, last_name, phone_number, email, age) VALUES ('144', 'Dawn', 'Thomas', '358-541-4846x019', 'johnny38@example.net', '65');
INSERT INTO VISITORS (visitor_id, first_name, last_name, phone_number, email, age) VALUES ('145', 'Autumn', 'Middleton', '(778)202-0586', 'glee@example.net', '51');
INSERT INTO VISITORS (visitor_id, first_name, last_name, phone_number, email, age) VALUES ('146', 'Kirk', 'Duran', '549-536-9995x167', 'brandon55@example.co', '17');
INSERT INTO VISITORS (visitor_id, first_name, last_name, phone_number, email, age) VALUES ('147', 'Katherine', 'Patel', '936.880.1192x3603', 'garciaveronica@examp', '62');
INSERT INTO VISITORS (visitor_id, first_name, last_name, phone_number, email, age) VALUES ('148', 'Scott', 'Taylor', '001-933-551-0409x6149', 'petersonjoel@example', '45');
INSERT INTO VISITORS (visitor_id, first_name, last_name, phone_number, email, age) VALUES ('149', 'Clayton', 'Wright', '+1-783-307-4820x736', 'gordonjerome@example', '61');
INSERT INTO VISITORS (visitor_id, first_name, last_name, phone_number, email, age) VALUES ('150', 'Joshua', 'Simmons', '(457)582-0190x432', 'oconnorjames@example', '29');
INSERT INTO VISITORS (visitor_id, first_name, last_name, phone_number, email, age) VALUES ('151', 'James', 'Phillips', '6738920135', 'haileybass@example.o', '44');
INSERT INTO VISITORS (visitor_id, first_name, last_name, phone_number, email, age) VALUES ('152', 'Thomas', 'Smith', '(308)826-1123x126', 'hollymartin@example.', '67');
INSERT INTO VISITORS (visitor_id, first_name, last_name, phone_number, email, age) VALUES ('153', 'Abigail', 'Peters', '+1-989-695-7298x93762', 'jorge30@example.org', '34');
INSERT INTO VISITORS (visitor_id, first_name, last_name, phone_number, email, age) VALUES ('154', 'Richard', 'Bennett', '+1-371-991-2038', 'lblankenship@example', '69');
INSERT INTO VISITORS (visitor_id, first_name, last_name, phone_number, email, age) VALUES ('155', 'Joan', 'Taylor', '328.732.3089x81388', 'greenmartin@example.', '60');
INSERT INTO VISITORS (visitor_id, first_name, last_name, phone_number, email, age) VALUES ('156', 'Maria', 'Williams', '732.931.8297x1681', 'erinhaney@example.co', '20');
INSERT INTO VISITORS (visitor_id, first_name, last_name, phone_number, email, age) VALUES ('157', 'Anthony', 'Cannon', '001-700-201-5291x13717', 'ballvanessa@example.', '68');
INSERT INTO VISITORS (visitor_id, first_name, last_name, phone_number, email, age) VALUES ('158', 'Nicholas', 'Wilson', '344.442.1829x98747', 'madisonroberts@examp', '70');
INSERT INTO VISITORS (visitor_id, first_name, last_name, phone_number, email, age) VALUES ('159', 'Kristina', 'Edwards', '708.767.0090x0436', 'wardzachary@example.', '66');
INSERT INTO VISITORS (visitor_id, first_name, last_name, phone_number, email, age) VALUES ('160', 'Edward', 'Gray', '236-724-8355', 'lorraine96@example.n', '66');
INSERT INTO VISITORS (visitor_id, first_name, last_name, phone_number, email, age) VALUES ('161', 'Bobby', 'Klein', '+1-270-463-3699x8795', 'calebadams@example.o', '42');
INSERT INTO VISITORS (visitor_id, first_name, last_name, phone_number, email, age) VALUES ('162', 'Sarah', 'Grimes', '581-588-0442x877', 'mrobbins@example.net', '59');
INSERT INTO VISITORS (visitor_id, first_name, last_name, phone_number, email, age) VALUES ('163', 'Deborah', 'Ross', '621.826.9428', 'eric36@example.net', '47');
INSERT INTO VISITORS (visitor_id, first_name, last_name, phone_number, email, age) VALUES ('164', 'David', 'Bowen', '763.614.4170x64625', 'lopezkristina@exampl', '24');
INSERT INTO VISITORS (visitor_id, first_name, last_name, phone_number, email, age) VALUES ('165', 'Emma', 'Morgan', '+1-224-530-1764x64489', 'richardsonangela@exa', '56');
INSERT INTO VISITORS (visitor_id, first_name, last_name, phone_number, email, age) VALUES ('166', 'April', 'Greer', '552-579-0504x043', 'taraholloway@example', '35');
INSERT INTO VISITORS (visitor_id, first_name, last_name, phone_number, email, age) VALUES ('167', 'Maria', 'Scott', '216-532-1119x78718', 'brittneymccoy@exampl', '31');
INSERT INTO VISITORS (visitor_id, first_name, last_name, phone_number, email, age) VALUES ('168', 'Travis', 'Taylor', '+1-353-906-0119x8756', 'umaxwell@example.net', '32');
INSERT INTO VISITORS (visitor_id, first_name, last_name, phone_number, email, age) VALUES ('169', 'Patricia', 'Smith', '(430)209-1561', 'haleycook@example.ne', '58');
INSERT INTO VISITORS (visitor_id, first_name, last_name, phone_number, email, age) VALUES ('170', 'Jacqueline', 'Baker', '391-660-9365x9520', 'stokesmonica@example', '25');
INSERT INTO VISITORS (visitor_id, first_name, last_name, phone_number, email, age) VALUES ('171', 'Kelsey', 'Mitchell', '+1-443-836-8750', 'georgesharp@example.', '61');
INSERT INTO VISITORS (visitor_id, first_name, last_name, phone_number, email, age) VALUES ('172', 'Catherine', 'Wagner', '637-245-5611', 'david86@example.net', '43');
INSERT INTO VISITORS (visitor_id, first_name, last_name, phone_number, email, age) VALUES ('173', 'Brad', 'Richardson', '3533766608', 'ronaldbradford@examp', '66');
INSERT INTO VISITORS (visitor_id, first_name, last_name, phone_number, email, age) VALUES ('174', 'Sherry', 'Golden', '8834566910', 'vjones@example.org', '40');
INSERT INTO VISITORS (visitor_id, first_name, last_name, phone_number, email, age) VALUES ('175', 'Cory', 'Thompson', '845.350.6882', 'fsims@example.com', '20');
INSERT INTO VISITORS (visitor_id, first_name, last_name, phone_number, email, age) VALUES ('176', 'Kathryn', 'Schneider', '(693)284-4013', 'vdeleon@example.com', '44');
INSERT INTO VISITORS (visitor_id, first_name, last_name, phone_number, email, age) VALUES ('177', 'John', 'Roy', '+1-382-260-3359', 'estradashannon@examp', '54');
INSERT INTO VISITORS (visitor_id, first_name, last_name, phone_number, email, age) VALUES ('178', 'Andrew', 'Short', '859.891.4492x07492', 'qkane@example.com', '46');
INSERT INTO VISITORS (visitor_id, first_name, last_name, phone_number, email, age) VALUES ('179', 'Maria', 'May', '001-797-318-4285x96932', 'andrew84@example.net', '53');
INSERT INTO VISITORS (visitor_id, first_name, last_name, phone_number, email, age) VALUES ('180', 'Christine', 'Proctor', '823.212.3426', 'bdean@example.net', '41');
INSERT INTO VISITORS (visitor_id, first_name, last_name, phone_number, email, age) VALUES ('181', 'Thomas', 'Sanders', '576-507-2348', 'elizabeth95@example.', '50');
INSERT INTO VISITORS (visitor_id, first_name, last_name, phone_number, email, age) VALUES ('182', 'John', 'Dodson', '(880)740-5612', 'dunnmelinda@example.', '48');
INSERT INTO VISITORS (visitor_id, first_name, last_name, phone_number, email, age) VALUES ('183', 'Richard', 'Hines', '+1-726-841-8696', 'mcleanjay@example.ne', '75');
INSERT INTO VISITORS (visitor_id, first_name, last_name, phone_number, email, age) VALUES ('184', 'Timothy', 'Simmons', '+1-523-685-9514x34682', 'connie00@example.org', '74');
INSERT INTO VISITORS (visitor_id, first_name, last_name, phone_number, email, age) VALUES ('185', 'Timothy', 'Walker', '8865966101', 'millerjames@example.', '71');
INSERT INTO VISITORS (visitor_id, first_name, last_name, phone_number, email, age) VALUES ('186', 'Matthew', 'Montes', '6013680941', 'brian62@example.net', '60');
INSERT INTO VISITORS (visitor_id, first_name, last_name, phone_number, email, age) VALUES ('187', 'Alejandra', 'Wiggins', '662.805.3440x777', 'brianhahn@example.or', '42');
INSERT INTO VISITORS (visitor_id, first_name, last_name, phone_number, email, age) VALUES ('188', 'Jessica', 'Hines', '(329)625-0817x76029', 'sandersalexandria@ex', '50');
INSERT INTO VISITORS (visitor_id, first_name, last_name, phone_number, email, age) VALUES ('189', 'Jose', 'Waller', '537.731.2552', 'irodriguez@example.o', '18');
INSERT INTO VISITORS (visitor_id, first_name, last_name, phone_number, email, age) VALUES ('190', 'Steven', 'Harris', '(811)592-0613', 'david78@example.net', '66');
INSERT INTO VISITORS (visitor_id, first_name, last_name, phone_number, email, age) VALUES ('191', 'Tiffany', 'Bennett', '237.418.4449', 'brandon64@example.ne', '39');
INSERT INTO VISITORS (visitor_id, first_name, last_name, phone_number, email, age) VALUES ('192', 'Bradley', 'Roth', '(944)903-7341x67812', 'rosejones@example.or', '60');
INSERT INTO VISITORS (visitor_id, first_name, last_name, phone_number, email, age) VALUES ('193', 'Danielle', 'Humphrey', '001-782-913-4862', 'bhall@example.org', '73');
INSERT INTO VISITORS (visitor_id, first_name, last_name, phone_number, email, age) VALUES ('194', 'Nancy', 'Ryan', '982-285-6053', 'lfloyd@example.net', '67');
INSERT INTO VISITORS (visitor_id, first_name, last_name, phone_number, email, age) VALUES ('195', 'Jennifer', 'Patterson', '+1-817-470-6736x82050', 'hopkinsgeorge@exampl', '50');
INSERT INTO VISITORS (visitor_id, first_name, last_name, phone_number, email, age) VALUES ('196', 'Crystal', 'Murphy', '(616)850-5871', 'jessicamills@example', '54');
INSERT INTO VISITORS (visitor_id, first_name, last_name, phone_number, email, age) VALUES ('197', 'Charles', 'Duncan', '696-279-0898x43699', 'davidsellers@example', '56');
INSERT INTO VISITORS (visitor_id, first_name, last_name, phone_number, email, age) VALUES ('198', 'Lauren', 'Bean', '001-338-369-4842x495', 'michael88@example.co', '74');
INSERT INTO VISITORS (visitor_id, first_name, last_name, phone_number, email, age) VALUES ('199', 'Sydney', 'Potter', '8719523867', 'amberstanton@example', '21');
INSERT INTO VISITORS (visitor_id, first_name, last_name, phone_number, email, age) VALUES ('200', 'Anthony', 'Gilbert', '461-891-7798x768', 'jhiggins@example.org', '22');
INSERT INTO VISITORS (visitor_id, first_name, last_name, phone_number, email, age) VALUES ('201', 'Luke', 'Ray', '708.858.0623x5040', 'vluna@example.net', '65');
INSERT INTO VISITORS (visitor_id, first_name, last_name, phone_number, email, age) VALUES ('202', 'Stephen', 'Johnson', '+1-812-548-2554x42867', 'michaelochoa@example', '31');
INSERT INTO VISITORS (visitor_id, first_name, last_name, phone_number, email, age) VALUES ('203', 'Jacob', 'Wright', '(389)746-3389', 'fmartin@example.net', '58');
INSERT INTO VISITORS (visitor_id, first_name, last_name, phone_number, email, age) VALUES ('204', 'Erin', 'Murphy', '+1-857-525-6292', 'matthewfranklin@exam', '58');
INSERT INTO VISITORS (visitor_id, first_name, last_name, phone_number, email, age) VALUES ('205', 'Mitchell', 'Walker', '718.965.5078x46850', 'mallory30@example.or', '38');
INSERT INTO VISITORS (visitor_id, first_name, last_name, phone_number, email, age) VALUES ('206', 'Kristopher', 'Hanson', '+1-589-611-7972x03859', 'millermichael@exampl', '26');
INSERT INTO VISITORS (visitor_id, first_name, last_name, phone_number, email, age) VALUES ('207', 'Kyle', 'Nguyen', '915.353.1325x936', 'laurenwest@example.c', '57');
INSERT INTO VISITORS (visitor_id, first_name, last_name, phone_number, email, age) VALUES ('208', 'Brandon', 'Moyer', '321-941-0527x698', 'jacobsmary@example.c', '55');
INSERT INTO VISITORS (visitor_id, first_name, last_name, phone_number, email, age) VALUES ('209', 'Adam', 'Ward', '888.885.6225', 'sosamichelle@example', '18');
INSERT INTO VISITORS (visitor_id, first_name, last_name, phone_number, email, age) VALUES ('210', 'William', 'Sparks', '787.844.2275x854', 'laura59@example.com', '52');
INSERT INTO VISITORS (visitor_id, first_name, last_name, phone_number, email, age) VALUES ('211', 'Gregory', 'Anderson', '+1-711-565-0200x024', 'charlesyoung@example', '57');
INSERT INTO VISITORS (visitor_id, first_name, last_name, phone_number, email, age) VALUES ('212', 'Natalie', 'Ware', '255-513-0557', 'lpeters@example.net', '59');
INSERT INTO VISITORS (visitor_id, first_name, last_name, phone_number, email, age) VALUES ('213', 'Craig', 'Turner', '689.866.9972x73677', 'julieanderson@exampl', '57');
INSERT INTO VISITORS (visitor_id, first_name, last_name, phone_number, email, age) VALUES ('214', 'Traci', 'Padilla', '(443)518-3281x231', 'natashabrewer@exampl', '41');
INSERT INTO VISITORS (visitor_id, first_name, last_name, phone_number, email, age) VALUES ('215', 'Kevin', 'Davis', '(201)483-6472x3875', 'tpowell@example.org', '64');
INSERT INTO VISITORS (visitor_id, first_name, last_name, phone_number, email, age) VALUES ('216', 'Elizabeth', 'Thompson', '(957)475-4584', 'kmoore@example.org', '37');
INSERT INTO VISITORS (visitor_id, first_name, last_name, phone_number, email, age) VALUES ('217', 'Mark', 'Montgomery', '376.983.1608x27172', 'jamescobb@example.ne', '66');
INSERT INTO VISITORS (visitor_id, first_name, last_name, phone_number, email, age) VALUES ('218', 'Jeff', 'Cunningham', '001-520-852-2299', 'stephanieoconnor@exa', '43');
INSERT INTO VISITORS (visitor_id, first_name, last_name, phone_number, email, age) VALUES ('219', 'Diane', 'Richards', '+1-543-788-2325x5398', 'joseph17@example.net', '22');
INSERT INTO VISITORS (visitor_id, first_name, last_name, phone_number, email, age) VALUES ('220', 'Deanna', 'Mclaughlin', '332.464.3095x4497', 'lmunoz@example.com', '16');
INSERT INTO VISITORS (visitor_id, first_name, last_name, phone_number, email, age) VALUES ('221', 'Aaron', 'Duncan', '912.705.3978x713', 'bethanygrant@example', '22');
INSERT INTO VISITORS (visitor_id, first_name, last_name, phone_number, email, age) VALUES ('222', 'John', 'Hernandez', '+1-912-956-0832x00487', 'frances58@example.co', '32');
INSERT INTO VISITORS (visitor_id, first_name, last_name, phone_number, email, age) VALUES ('223', 'Jack', 'Walsh', '(300)930-4436x1995', 'reedmonica@example.o', '30');
INSERT INTO VISITORS (visitor_id, first_name, last_name, phone_number, email, age) VALUES ('224', 'Monica', 'Duncan', '602-592-9501', 'vramirez@example.net', '48');
INSERT INTO VISITORS (visitor_id, first_name, last_name, phone_number, email, age) VALUES ('225', 'James', 'Salazar', '309.367.1397', 'raymondschultz@examp', '63');
INSERT INTO VISITORS (visitor_id, first_name, last_name, phone_number, email, age) VALUES ('226', 'Edward', 'Clark', '376-372-0191', 'ipowell@example.org', '49');
INSERT INTO VISITORS (visitor_id, first_name, last_name, phone_number, email, age) VALUES ('227', 'Bobby', 'Williamson', '5722587339', 'ashley66@example.com', '51');
INSERT INTO VISITORS (visitor_id, first_name, last_name, phone_number, email, age) VALUES ('228', 'Jared', 'Smith', '(374)681-2421', 'clarkefelicia@exampl', '53');
INSERT INTO VISITORS (visitor_id, first_name, last_name, phone_number, email, age) VALUES ('229', 'Alicia', 'Weeks', '2955229462', 'virginia56@example.o', '60');
INSERT INTO VISITORS (visitor_id, first_name, last_name, phone_number, email, age) VALUES ('230', 'Lisa', 'Fitzgerald', '3395952970', 'rwilson@example.org', '52');
INSERT INTO VISITORS (visitor_id, first_name, last_name, phone_number, email, age) VALUES ('231', 'Rodney', 'Howard', '285-864-2304x12027', 'coxfernando@example.', '30');
INSERT INTO VISITORS (visitor_id, first_name, last_name, phone_number, email, age) VALUES ('232', 'Angela', 'Ramirez', '(299)807-1669', 'davidheath@example.n', '44');
INSERT INTO VISITORS (visitor_id, first_name, last_name, phone_number, email, age) VALUES ('233', 'Debra', 'Santana', '854-920-3403x01095', 'yrichardson@example.', '39');
INSERT INTO VISITORS (visitor_id, first_name, last_name, phone_number, email, age) VALUES ('234', 'Cindy', 'Wood', '001-355-446-2347', 'steven01@example.org', '41');
INSERT INTO VISITORS (visitor_id, first_name, last_name, phone_number, email, age) VALUES ('235', 'Angela', 'Hammond', '410.830.6831x76417', 'stephenszachary@exam', '45');
INSERT INTO VISITORS (visitor_id, first_name, last_name, phone_number, email, age) VALUES ('236', 'Elizabeth', 'West', '(290)815-0713', 'dgarcia@example.com', '65');
INSERT INTO VISITORS (visitor_id, first_name, last_name, phone_number, email, age) VALUES ('237', 'Jennifer', 'Cook', '4453847436', 'angelcunningham@exam', '59');
INSERT INTO VISITORS (visitor_id, first_name, last_name, phone_number, email, age) VALUES ('238', 'Michael', 'Villarreal', '+1-557-566-9470x31805', 'zmoore@example.com', '53');
INSERT INTO VISITORS (visitor_id, first_name, last_name, phone_number, email, age) VALUES ('239', 'Sandra', 'Massey', '(262)615-9183x2700', 'gperry@example.com', '60');
INSERT INTO VISITORS (visitor_id, first_name, last_name, phone_number, email, age) VALUES ('240', 'Tammy', 'Sims', '6112079771', 'curryjose@example.or', '48');
INSERT INTO VISITORS (visitor_id, first_name, last_name, phone_number, email, age) VALUES ('241', 'Amy', 'David', '494-290-5315', 'cheryl80@example.net', '25');
INSERT INTO VISITORS (visitor_id, first_name, last_name, phone_number, email, age) VALUES ('242', 'Kenneth', 'Greer', '869.687.3137x9716', 'jenkinspatrick@examp', '38');
INSERT INTO VISITORS (visitor_id, first_name, last_name, phone_number, email, age) VALUES ('243', 'Eddie', 'Washington', '8774943325', 'jillianrasmussen@exa', '17');
INSERT INTO VISITORS (visitor_id, first_name, last_name, phone_number, email, age) VALUES ('244', 'Brittany', 'Roberts', '001-419-270-1426', 'tannerrobertson@exam', '46');
INSERT INTO VISITORS (visitor_id, first_name, last_name, phone_number, email, age) VALUES ('245', 'Megan', 'Garcia', '(902)404-1813x59989', 'millersean@example.o', '22');
INSERT INTO VISITORS (visitor_id, first_name, last_name, phone_number, email, age) VALUES ('246', 'Jessica', 'Medina', '+1-394-980-1864x4822', 'alejandra39@example.', '34');
INSERT INTO VISITORS (visitor_id, first_name, last_name, phone_number, email, age) VALUES ('247', 'Teresa', 'Brooks', '9827004806', 'lestrada@example.org', '42');
INSERT INTO VISITORS (visitor_id, first_name, last_name, phone_number, email, age) VALUES ('248', 'Omar', 'Miller', '+1-461-912-8794x296', 'qlane@example.com', '74');
INSERT INTO VISITORS (visitor_id, first_name, last_name, phone_number, email, age) VALUES ('249', 'Elizabeth', 'Williams', '3957314196', 'jwilliams@example.ne', '21');
INSERT INTO VISITORS (visitor_id, first_name, last_name, phone_number, email, age) VALUES ('250', 'John', 'Freeman', '+1-888-635-6517x96240', 'preyes@example.net', '23');
INSERT INTO VISITORS (visitor_id, first_name, last_name, phone_number, email, age) VALUES ('251', 'Joseph', 'Carr', '4477842170', 'cruzernest@example.c', '69');
INSERT INTO VISITORS (visitor_id, first_name, last_name, phone_number, email, age) VALUES ('252', 'Bethany', 'Sanchez', '+1-564-288-2089x3486', 'qtaylor@example.com', '62');
INSERT INTO VISITORS (visitor_id, first_name, last_name, phone_number, email, age) VALUES ('253', 'Timothy', 'Ewing', '001-387-599-1609x11413', 'donna92@example.org', '25');
INSERT INTO VISITORS (visitor_id, first_name, last_name, phone_number, email, age) VALUES ('254', 'Jennifer', 'Rodriguez', '776.305.2304', 'scook@example.org', '38');
INSERT INTO VISITORS (visitor_id, first_name, last_name, phone_number, email, age) VALUES ('255', 'Renee', 'Ward', '647-624-1916x503', 'frenchrobert@example', '35');
INSERT INTO VISITORS (visitor_id, first_name, last_name, phone_number, email, age) VALUES ('256', 'Theodore', 'Yang', '001-818-924-9898x0880', 'collinmiller@example', '37');
INSERT INTO VISITORS (visitor_id, first_name, last_name, phone_number, email, age) VALUES ('257', 'Robert', 'Abbott', '835-592-6648', 'jhorton@example.com', '45');
INSERT INTO VISITORS (visitor_id, first_name, last_name, phone_number, email, age) VALUES ('258', 'Larry', 'Hunter', '001-341-355-9450', 'jenniferfrazier@exam', '66');
INSERT INTO VISITORS (visitor_id, first_name, last_name, phone_number, email, age) VALUES ('259', 'Megan', 'Norman', '(836)505-1171x603', 'aedwards@example.net', '29');
INSERT INTO VISITORS (visitor_id, first_name, last_name, phone_number, email, age) VALUES ('260', 'Deborah', 'Garcia', '001-245-259-0670', 'lindsay48@example.ne', '49');
INSERT INTO VISITORS (visitor_id, first_name, last_name, phone_number, email, age) VALUES ('261', 'John', 'Williams', '(464)289-6676x0564', 'leroy57@example.com', '46');
INSERT INTO VISITORS (visitor_id, first_name, last_name, phone_number, email, age) VALUES ('262', 'Matthew', 'Stafford', '001-874-453-3890', 'melodywood@example.c', '38');
INSERT INTO VISITORS (visitor_id, first_name, last_name, phone_number, email, age) VALUES ('263', 'Nancy', 'Logan', '+1-226-254-0165x9953', 'lmartin@example.org', '46');
INSERT INTO VISITORS (visitor_id, first_name, last_name, phone_number, email, age) VALUES ('264', 'Gregory', 'Phillips', '001-376-477-4625x91601', 'jenna11@example.com', '22');
INSERT INTO VISITORS (visitor_id, first_name, last_name, phone_number, email, age) VALUES ('265', 'Renee', 'Christian', '888-960-0801x798', 'ifrey@example.org', '44');
INSERT INTO VISITORS (visitor_id, first_name, last_name, phone_number, email, age) VALUES ('266', 'Nancy', 'Thompson', '+1-457-304-7264x261', 'brianrice@example.or', '62');
INSERT INTO VISITORS (visitor_id, first_name, last_name, phone_number, email, age) VALUES ('267', 'Jill', 'Wilkerson', '436-659-6807x85254', 'davidgrant@example.o', '60');
INSERT INTO VISITORS (visitor_id, first_name, last_name, phone_number, email, age) VALUES ('268', 'Wesley', 'Johns', '(540)306-4454x752', 'taylorjames@example.', '44');
INSERT INTO VISITORS (visitor_id, first_name, last_name, phone_number, email, age) VALUES ('269', 'Traci', 'Mitchell', '+1-597-691-7763', 'tracyjohnson@example', '36');
INSERT INTO VISITORS (visitor_id, first_name, last_name, phone_number, email, age) VALUES ('270', 'Amber', 'Cohen', '575-208-0196', 'mark30@example.com', '20');
INSERT INTO VISITORS (visitor_id, first_name, last_name, phone_number, email, age) VALUES ('271', 'Chelsea', 'Mcguire', '558.682.4935', 'johnsonsamantha@exam', '35');
INSERT INTO VISITORS (visitor_id, first_name, last_name, phone_number, email, age) VALUES ('272', 'Kristin', 'Yang', '616.777.8481x65244', 'jose08@example.org', '18');
INSERT INTO VISITORS (visitor_id, first_name, last_name, phone_number, email, age) VALUES ('273', 'Lori', 'Koch', '001-317-499-3781x053', 'ghorne@example.net', '67');
INSERT INTO VISITORS (visitor_id, first_name, last_name, phone_number, email, age) VALUES ('274', 'Jonathan', 'Ryan', '(999)496-9882x9045', 'cgarcia@example.net', '61');
INSERT INTO VISITORS (visitor_id, first_name, last_name, phone_number, email, age) VALUES ('275', 'Devin', 'Bennett', '5195864242', 'pmartin@example.org', '23');
INSERT INTO VISITORS (visitor_id, first_name, last_name, phone_number, email, age) VALUES ('276', 'Ashley', 'Garcia', '287-506-2932', 'dustinwilliams@examp', '17');
INSERT INTO VISITORS (visitor_id, first_name, last_name, phone_number, email, age) VALUES ('277', 'Alexis', 'Hall', '2012867661', 'hespinoza@example.or', '70');
INSERT INTO VISITORS (visitor_id, first_name, last_name, phone_number, email, age) VALUES ('278', 'Amy', 'Meyers', '756.514.0384', 'lawrencekari@example', '37');
INSERT INTO VISITORS (visitor_id, first_name, last_name, phone_number, email, age) VALUES ('279', 'Joshua', 'Logan', '001-982-835-4695x10030', 'adamroth@example.com', '57');
INSERT INTO VISITORS (visitor_id, first_name, last_name, phone_number, email, age) VALUES ('280', 'Sherry', 'Cisneros', '001-867-815-0066', 'christopher06@exampl', '22');
INSERT INTO VISITORS (visitor_id, first_name, last_name, phone_number, email, age) VALUES ('281', 'Kerry', 'Miller', '634-907-8516', 'millsalexis@example.', '59');
INSERT INTO VISITORS (visitor_id, first_name, last_name, phone_number, email, age) VALUES ('282', 'Kathleen', 'Jordan', '+1-834-482-6899', 'ylawson@example.org', '67');
INSERT INTO VISITORS (visitor_id, first_name, last_name, phone_number, email, age) VALUES ('283', 'Allison', 'Fernandez', '+1-388-791-7879', 'watsonbrittany@examp', '26');
INSERT INTO VISITORS (visitor_id, first_name, last_name, phone_number, email, age) VALUES ('284', 'Michael', 'Anthony', '001-476-809-3201', 'shawn89@example.net', '75');
INSERT INTO VISITORS (visitor_id, first_name, last_name, phone_number, email, age) VALUES ('285', 'Mariah', 'Lopez', '9417809521', 'william17@example.co', '63');
INSERT INTO VISITORS (visitor_id, first_name, last_name, phone_number, email, age) VALUES ('286', 'Stephen', 'Mccarthy', '+1-827-446-9211x88241', 'kadams@example.org', '31');
INSERT INTO VISITORS (visitor_id, first_name, last_name, phone_number, email, age) VALUES ('287', 'Carrie', 'Woods', '991.270.4542x18545', 'ryan82@example.org', '49');
INSERT INTO VISITORS (visitor_id, first_name, last_name, phone_number, email, age) VALUES ('288', 'Megan', 'Thomas', '(270)990-0163x564', 'jasontaylor@example.', '27');
INSERT INTO VISITORS (visitor_id, first_name, last_name, phone_number, email, age) VALUES ('289', 'Victoria', 'Gordon', '+1-495-440-0178', 'jennifer31@example.o', '51');
INSERT INTO VISITORS (visitor_id, first_name, last_name, phone_number, email, age) VALUES ('290', 'Victoria', 'Jones', '+1-350-371-0580', 'theresa92@example.co', '26');
INSERT INTO VISITORS (visitor_id, first_name, last_name, phone_number, email, age) VALUES ('291', 'Norma', 'Rodriguez', '+1-215-226-1053x70923', 'bjones@example.net', '37');
INSERT INTO VISITORS (visitor_id, first_name, last_name, phone_number, email, age) VALUES ('292', 'Lee', 'Smith', '941.889.4854x3298', 'michellejenkins@exam', '51');
INSERT INTO VISITORS (visitor_id, first_name, last_name, phone_number, email, age) VALUES ('293', 'Brooke', 'Ramirez', '316.219.8273x4813', 'martin25@example.net', '43');
INSERT INTO VISITORS (visitor_id, first_name, last_name, phone_number, email, age) VALUES ('294', 'Elizabeth', 'Powell', '+1-221-874-3574x83526', 'tiffany60@example.ne', '45');
INSERT INTO VISITORS (visitor_id, first_name, last_name, phone_number, email, age) VALUES ('295', 'Ruben', 'Lee', '+1-434-748-8384', 'patrickjarvis@exampl', '30');
INSERT INTO VISITORS (visitor_id, first_name, last_name, phone_number, email, age) VALUES ('296', 'Tanya', 'Evans', '(280)855-0774', 'shane55@example.org', '67');
INSERT INTO VISITORS (visitor_id, first_name, last_name, phone_number, email, age) VALUES ('297', 'Michael', 'Sanders', '392.209.0855', 'tfuller@example.net', '41');
INSERT INTO VISITORS (visitor_id, first_name, last_name, phone_number, email, age) VALUES ('298', 'Anthony', 'Branch', '231-411-7861', 'linda76@example.org', '56');
INSERT INTO VISITORS (visitor_id, first_name, last_name, phone_number, email, age) VALUES ('299', 'Gloria', 'Thompson', '+1-406-995-3541x2012', 'kristen95@example.or', '27');
INSERT INTO VISITORS (visitor_id, first_name, last_name, phone_number, email, age) VALUES ('300', 'Alex', 'Heath', '001-201-951-5325x94795', 'bradley71@example.co', '27');
INSERT INTO TICKET_TYPES (ticket_type) VALUES ('General Admission');
INSERT INTO TICKET_TYPES (ticket_type) VALUES ('VIP');
INSERT INTO TICKET_TYPES (ticket_type) VALUES ('Backstage');
INSERT INTO PAYMENT_METHODS (payment_method) VALUES ('Credit Card');
INSERT INTO PAYMENT_METHODS (payment_method) VALUES ('Debit Card');
INSERT INTO PAYMENT_METHODS (payment_method) VALUES ('Bank Transfer');
INSERT INTO PAYMENT_METHODS (payment_method) VALUES ('Mobile Wallet');
INSERT INTO PAYMENT_METHODS (payment_method) VALUES ('Online Banking');
INSERT INTO PAYMENT_METHODS (payment_method) VALUES ('Prepaid Card');
INSERT INTO PAYMENT_METHODS (payment_method) VALUES ('Cash');
INSERT INTO TICKETS (ticket_id, event_id, visitor_id, ticket_type_id, payment_method_id, ean_code, is_scanned, date_bought, cost) VALUES ('1', '82', '222', '2', '1', '9379660334191', '0', '2025-02-06', '113');
INSERT INTO TICKETS (ticket_id, event_id, visitor_id, ticket_type_id, payment_method_id, ean_code, is_scanned, date_bought, cost) VALUES ('2', '42', '101', '2', '1', '4785969691557', '0', '2024-07-22', '192');
INSERT INTO TICKETS (ticket_id, event_id, visitor_id, ticket_type_id, payment_method_id, ean_code, is_scanned, date_bought, cost) VALUES ('3', '91', '153', '3', '5', '1251341252866', '0', '2025-04-01', '167');
INSERT INTO TICKETS (ticket_id, event_id, visitor_id, ticket_type_id, payment_method_id, ean_code, is_scanned, date_bought, cost) VALUES ('4', '50', '217', '1', '4', '8282742257905', '0', '2024-06-28', '144');
INSERT INTO TICKETS (ticket_id, event_id, visitor_id, ticket_type_id, payment_method_id, ean_code, is_scanned, date_bought, cost) VALUES ('5', '18', '100', '2', '5', '8767677219034', '0', '2024-11-05', '90');
INSERT INTO TICKETS (ticket_id, event_id, visitor_id, ticket_type_id, payment_method_id, ean_code, is_scanned, date_bought, cost) VALUES ('6', '29', '276', '2', '2', '7978819148580', '1', '2024-12-26', '159');
INSERT INTO TICKETS (ticket_id, event_id, visitor_id, ticket_type_id, payment_method_id, ean_code, is_scanned, date_bought, cost) VALUES ('7', '28', '218', '1', '6', '3407451713395', '1', '2024-12-08', '62');
INSERT INTO TICKETS (ticket_id, event_id, visitor_id, ticket_type_id, payment_method_id, ean_code, is_scanned, date_bought, cost) VALUES ('8', '79', '72', '1', '7', '3095849825449', '1', '2024-05-28', '151');
INSERT INTO TICKETS (ticket_id, event_id, visitor_id, ticket_type_id, payment_method_id, ean_code, is_scanned, date_bought, cost) VALUES ('9', '87', '49', '1', '7', '6042232536729', '1', '2025-05-05', '180');
INSERT INTO TICKETS (ticket_id, event_id, visitor_id, ticket_type_id, payment_method_id, ean_code, is_scanned, date_bought, cost) VALUES ('10', '54', '193', '2', '1', '1684577590175', '0', '2024-09-23', '156');
INSERT INTO TICKETS (ticket_id, event_id, visitor_id, ticket_type_id, payment_method_id, ean_code, is_scanned, date_bought, cost) VALUES ('11', '51', '112', '2', '7', '3745458929750', '0', '2025-02-08', '45');
INSERT INTO TICKETS (ticket_id, event_id, visitor_id, ticket_type_id, payment_method_id, ean_code, is_scanned, date_bought, cost) VALUES ('12', '81', '236', '1', '1', '2770632424154', '0', '2025-02-21', '115');
INSERT INTO TICKETS (ticket_id, event_id, visitor_id, ticket_type_id, payment_method_id, ean_code, is_scanned, date_bought, cost) VALUES ('13', '86', '85', '1', '4', '4361103712938', '1', '2024-12-24', '22');
INSERT INTO TICKETS (ticket_id, event_id, visitor_id, ticket_type_id, payment_method_id, ean_code, is_scanned, date_bought, cost) VALUES ('14', '2', '176', '1', '7', '6271361115542', '1', '2025-01-25', '54');
INSERT INTO TICKETS (ticket_id, event_id, visitor_id, ticket_type_id, payment_method_id, ean_code, is_scanned, date_bought, cost) VALUES ('15', '83', '74', '1', '5', '9092753269731', '0', '2024-09-28', '55');
INSERT INTO TICKETS (ticket_id, event_id, visitor_id, ticket_type_id, payment_method_id, ean_code, is_scanned, date_bought, cost) VALUES ('16', '97', '64', '3', '6', '6565234138999', '1', '2025-01-14', '196');
INSERT INTO TICKETS (ticket_id, event_id, visitor_id, ticket_type_id, payment_method_id, ean_code, is_scanned, date_bought, cost) VALUES ('17', '4', '155', '1', '5', '9836403761379', '0', '2024-05-19', '155');
INSERT INTO TICKETS (ticket_id, event_id, visitor_id, ticket_type_id, payment_method_id, ean_code, is_scanned, date_bought, cost) VALUES ('18', '2', '185', '2', '2', '6965827109104', '0', '2025-04-28', '30');
INSERT INTO TICKETS (ticket_id, event_id, visitor_id, ticket_type_id, payment_method_id, ean_code, is_scanned, date_bought, cost) VALUES ('19', '8', '204', '3', '3', '8666188924141', '0', '2024-08-06', '59');
INSERT INTO TICKETS (ticket_id, event_id, visitor_id, ticket_type_id, payment_method_id, ean_code, is_scanned, date_bought, cost) VALUES ('20', '69', '168', '2', '5', '1463031617990', '1', '2025-01-22', '190');
INSERT INTO TICKETS (ticket_id, event_id, visitor_id, ticket_type_id, payment_method_id, ean_code, is_scanned, date_bought, cost) VALUES ('21', '95', '90', '1', '1', '2027588425241', '0', '2025-02-24', '105');
INSERT INTO TICKETS (ticket_id, event_id, visitor_id, ticket_type_id, payment_method_id, ean_code, is_scanned, date_bought, cost) VALUES ('22', '55', '140', '3', '1', '4917785079252', '1', '2025-03-27', '46');
INSERT INTO TICKETS (ticket_id, event_id, visitor_id, ticket_type_id, payment_method_id, ean_code, is_scanned, date_bought, cost) VALUES ('23', '74', '60', '1', '6', '8000307562208', '1', '2024-06-03', '77');
INSERT INTO TICKETS (ticket_id, event_id, visitor_id, ticket_type_id, payment_method_id, ean_code, is_scanned, date_bought, cost) VALUES ('24', '42', '128', '2', '6', '5419518023806', '0', '2024-05-27', '139');
INSERT INTO TICKETS (ticket_id, event_id, visitor_id, ticket_type_id, payment_method_id, ean_code, is_scanned, date_bought, cost) VALUES ('25', '37', '160', '2', '1', '8705349493759', '1', '2024-05-12', '70');
INSERT INTO TICKETS (ticket_id, event_id, visitor_id, ticket_type_id, payment_method_id, ean_code, is_scanned, date_bought, cost) VALUES ('26', '94', '280', '1', '2', '0603850506413', '0', '2024-10-08', '127');
INSERT INTO TICKETS (ticket_id, event_id, visitor_id, ticket_type_id, payment_method_id, ean_code, is_scanned, date_bought, cost) VALUES ('27', '63', '31', '1', '6', '4103865719182', '1', '2024-08-28', '39');
INSERT INTO TICKETS (ticket_id, event_id, visitor_id, ticket_type_id, payment_method_id, ean_code, is_scanned, date_bought, cost) VALUES ('28', '76', '291', '1', '4', '2344565574313', '0', '2025-01-27', '169');
INSERT INTO TICKETS (ticket_id, event_id, visitor_id, ticket_type_id, payment_method_id, ean_code, is_scanned, date_bought, cost) VALUES ('29', '14', '80', '1', '2', '7756185374741', '0', '2025-01-05', '60');
INSERT INTO TICKETS (ticket_id, event_id, visitor_id, ticket_type_id, payment_method_id, ean_code, is_scanned, date_bought, cost) VALUES ('30', '88', '156', '3', '6', '9035213568044', '0', '2024-07-31', '27');
INSERT INTO TICKETS (ticket_id, event_id, visitor_id, ticket_type_id, payment_method_id, ean_code, is_scanned, date_bought, cost) VALUES ('31', '52', '232', '3', '6', '8317121003236', '1', '2024-09-04', '195');
INSERT INTO TICKETS (ticket_id, event_id, visitor_id, ticket_type_id, payment_method_id, ean_code, is_scanned, date_bought, cost) VALUES ('32', '81', '44', '3', '5', '4101372151070', '0', '2025-03-05', '166');
INSERT INTO TICKETS (ticket_id, event_id, visitor_id, ticket_type_id, payment_method_id, ean_code, is_scanned, date_bought, cost) VALUES ('33', '56', '203', '2', '1', '6625324472099', '0', '2025-02-13', '185');
INSERT INTO TICKETS (ticket_id, event_id, visitor_id, ticket_type_id, payment_method_id, ean_code, is_scanned, date_bought, cost) VALUES ('34', '38', '256', '2', '5', '7014626383806', '1', '2024-05-13', '142');
INSERT INTO TICKETS (ticket_id, event_id, visitor_id, ticket_type_id, payment_method_id, ean_code, is_scanned, date_bought, cost) VALUES ('35', '70', '249', '2', '5', '8564205930407', '1', '2024-07-26', '169');
INSERT INTO TICKETS (ticket_id, event_id, visitor_id, ticket_type_id, payment_method_id, ean_code, is_scanned, date_bought, cost) VALUES ('36', '30', '82', '1', '2', '3480396522395', '1', '2025-01-31', '171');
INSERT INTO TICKETS (ticket_id, event_id, visitor_id, ticket_type_id, payment_method_id, ean_code, is_scanned, date_bought, cost) VALUES ('37', '4', '181', '3', '5', '2937842701039', '0', '2025-04-22', '25');
INSERT INTO TICKETS (ticket_id, event_id, visitor_id, ticket_type_id, payment_method_id, ean_code, is_scanned, date_bought, cost) VALUES ('38', '68', '245', '1', '3', '9325250029218', '1', '2024-12-19', '38');
INSERT INTO TICKETS (ticket_id, event_id, visitor_id, ticket_type_id, payment_method_id, ean_code, is_scanned, date_bought, cost) VALUES ('39', '48', '203', '3', '1', '5452267528953', '0', '2024-06-24', '116');
INSERT INTO TICKETS (ticket_id, event_id, visitor_id, ticket_type_id, payment_method_id, ean_code, is_scanned, date_bought, cost) VALUES ('40', '40', '151', '1', '2', '0969029593917', '0', '2024-05-10', '104');
INSERT INTO TICKETS (ticket_id, event_id, visitor_id, ticket_type_id, payment_method_id, ean_code, is_scanned, date_bought, cost) VALUES ('41', '96', '40', '1', '3', '5215704331541', '0', '2024-08-24', '32');
INSERT INTO TICKETS (ticket_id, event_id, visitor_id, ticket_type_id, payment_method_id, ean_code, is_scanned, date_bought, cost) VALUES ('42', '50', '225', '3', '4', '2676586179327', '0', '2024-09-21', '28');
INSERT INTO TICKETS (ticket_id, event_id, visitor_id, ticket_type_id, payment_method_id, ean_code, is_scanned, date_bought, cost) VALUES ('43', '38', '11', '2', '3', '1152621815997', '0', '2024-06-26', '130');
INSERT INTO TICKETS (ticket_id, event_id, visitor_id, ticket_type_id, payment_method_id, ean_code, is_scanned, date_bought, cost) VALUES ('44', '84', '85', '3', '4', '2015336884443', '0', '2025-05-08', '32');
INSERT INTO TICKETS (ticket_id, event_id, visitor_id, ticket_type_id, payment_method_id, ean_code, is_scanned, date_bought, cost) VALUES ('45', '51', '293', '3', '7', '7205061497310', '0', '2024-05-21', '63');
INSERT INTO TICKETS (ticket_id, event_id, visitor_id, ticket_type_id, payment_method_id, ean_code, is_scanned, date_bought, cost) VALUES ('46', '82', '150', '1', '4', '1467741862565', '0', '2025-04-15', '134');
INSERT INTO TICKETS (ticket_id, event_id, visitor_id, ticket_type_id, payment_method_id, ean_code, is_scanned, date_bought, cost) VALUES ('47', '6', '135', '2', '4', '4349021158693', '0', '2024-07-31', '119');
INSERT INTO TICKETS (ticket_id, event_id, visitor_id, ticket_type_id, payment_method_id, ean_code, is_scanned, date_bought, cost) VALUES ('48', '67', '215', '3', '6', '7937416089899', '0', '2024-10-22', '50');
INSERT INTO TICKETS (ticket_id, event_id, visitor_id, ticket_type_id, payment_method_id, ean_code, is_scanned, date_bought, cost) VALUES ('49', '97', '230', '1', '2', '3320616329451', '0', '2024-05-26', '119');
INSERT INTO TICKETS (ticket_id, event_id, visitor_id, ticket_type_id, payment_method_id, ean_code, is_scanned, date_bought, cost) VALUES ('50', '72', '204', '3', '3', '4870998616229', '0', '2024-11-21', '47');
INSERT INTO TICKETS (ticket_id, event_id, visitor_id, ticket_type_id, payment_method_id, ean_code, is_scanned, date_bought, cost) VALUES ('51', '73', '52', '2', '7', '8564679970246', '0', '2025-01-01', '178');
INSERT INTO TICKETS (ticket_id, event_id, visitor_id, ticket_type_id, payment_method_id, ean_code, is_scanned, date_bought, cost) VALUES ('52', '78', '206', '1', '4', '5307450544471', '0', '2025-02-04', '54');
INSERT INTO TICKETS (ticket_id, event_id, visitor_id, ticket_type_id, payment_method_id, ean_code, is_scanned, date_bought, cost) VALUES ('53', '39', '227', '2', '3', '6913736785082', '0', '2025-02-28', '99');
INSERT INTO TICKETS (ticket_id, event_id, visitor_id, ticket_type_id, payment_method_id, ean_code, is_scanned, date_bought, cost) VALUES ('54', '91', '260', '2', '2', '8902330307053', '1', '2024-08-27', '114');
INSERT INTO TICKETS (ticket_id, event_id, visitor_id, ticket_type_id, payment_method_id, ean_code, is_scanned, date_bought, cost) VALUES ('55', '60', '259', '2', '6', '1035797279855', '0', '2024-06-03', '86');
INSERT INTO TICKETS (ticket_id, event_id, visitor_id, ticket_type_id, payment_method_id, ean_code, is_scanned, date_bought, cost) VALUES ('56', '96', '47', '2', '1', '6029333346800', '1', '2024-06-05', '53');
INSERT INTO TICKETS (ticket_id, event_id, visitor_id, ticket_type_id, payment_method_id, ean_code, is_scanned, date_bought, cost) VALUES ('57', '83', '89', '3', '7', '0349446657437', '1', '2024-12-05', '193');
INSERT INTO TICKETS (ticket_id, event_id, visitor_id, ticket_type_id, payment_method_id, ean_code, is_scanned, date_bought, cost) VALUES ('58', '67', '204', '3', '1', '0858994417154', '1', '2024-09-02', '90');
INSERT INTO TICKETS (ticket_id, event_id, visitor_id, ticket_type_id, payment_method_id, ean_code, is_scanned, date_bought, cost) VALUES ('59', '34', '153', '1', '2', '8309652074466', '1', '2025-01-07', '29');
INSERT INTO TICKETS (ticket_id, event_id, visitor_id, ticket_type_id, payment_method_id, ean_code, is_scanned, date_bought, cost) VALUES ('60', '75', '293', '1', '3', '3875842824172', '1', '2025-01-02', '163');
INSERT INTO TICKETS (ticket_id, event_id, visitor_id, ticket_type_id, payment_method_id, ean_code, is_scanned, date_bought, cost) VALUES ('61', '98', '94', '3', '3', '1353465549471', '1', '2025-04-27', '33');
INSERT INTO TICKETS (ticket_id, event_id, visitor_id, ticket_type_id, payment_method_id, ean_code, is_scanned, date_bought, cost) VALUES ('62', '82', '299', '3', '5', '1738168460223', '1', '2024-06-14', '124');
INSERT INTO TICKETS (ticket_id, event_id, visitor_id, ticket_type_id, payment_method_id, ean_code, is_scanned, date_bought, cost) VALUES ('63', '73', '235', '1', '3', '2175250074329', '0', '2024-08-02', '145');
INSERT INTO TICKETS (ticket_id, event_id, visitor_id, ticket_type_id, payment_method_id, ean_code, is_scanned, date_bought, cost) VALUES ('64', '98', '46', '1', '5', '6666760083505', '0', '2025-01-17', '24');
INSERT INTO TICKETS (ticket_id, event_id, visitor_id, ticket_type_id, payment_method_id, ean_code, is_scanned, date_bought, cost) VALUES ('65', '87', '3', '3', '6', '3354216894210', '1', '2024-09-16', '94');
INSERT INTO TICKETS (ticket_id, event_id, visitor_id, ticket_type_id, payment_method_id, ean_code, is_scanned, date_bought, cost) VALUES ('66', '59', '267', '3', '5', '5625753260332', '0', '2025-04-15', '25');
INSERT INTO TICKETS (ticket_id, event_id, visitor_id, ticket_type_id, payment_method_id, ean_code, is_scanned, date_bought, cost) VALUES ('67', '76', '259', '1', '1', '5064890901001', '1', '2025-01-02', '133');
INSERT INTO TICKETS (ticket_id, event_id, visitor_id, ticket_type_id, payment_method_id, ean_code, is_scanned, date_bought, cost) VALUES ('68', '49', '64', '3', '3', '7230461849926', '0', '2025-01-03', '150');
INSERT INTO TICKETS (ticket_id, event_id, visitor_id, ticket_type_id, payment_method_id, ean_code, is_scanned, date_bought, cost) VALUES ('69', '93', '61', '2', '1', '1739348356420', '1', '2025-04-20', '73');
INSERT INTO TICKETS (ticket_id, event_id, visitor_id, ticket_type_id, payment_method_id, ean_code, is_scanned, date_bought, cost) VALUES ('70', '89', '247', '2', '2', '0011972181143', '1', '2024-07-15', '95');
INSERT INTO TICKETS (ticket_id, event_id, visitor_id, ticket_type_id, payment_method_id, ean_code, is_scanned, date_bought, cost) VALUES ('71', '34', '238', '1', '1', '2045561100225', '1', '2024-12-06', '132');
INSERT INTO TICKETS (ticket_id, event_id, visitor_id, ticket_type_id, payment_method_id, ean_code, is_scanned, date_bought, cost) VALUES ('72', '80', '138', '3', '1', '5521667467621', '0', '2024-09-25', '198');
INSERT INTO TICKETS (ticket_id, event_id, visitor_id, ticket_type_id, payment_method_id, ean_code, is_scanned, date_bought, cost) VALUES ('73', '93', '31', '1', '1', '6979729659027', '1', '2024-09-20', '48');
INSERT INTO TICKETS (ticket_id, event_id, visitor_id, ticket_type_id, payment_method_id, ean_code, is_scanned, date_bought, cost) VALUES ('74', '53', '226', '1', '1', '4508993588916', '0', '2025-02-28', '143');
INSERT INTO TICKETS (ticket_id, event_id, visitor_id, ticket_type_id, payment_method_id, ean_code, is_scanned, date_bought, cost) VALUES ('75', '45', '198', '1', '7', '8900287721753', '1', '2025-02-24', '91');
INSERT INTO TICKETS (ticket_id, event_id, visitor_id, ticket_type_id, payment_method_id, ean_code, is_scanned, date_bought, cost) VALUES ('76', '7', '260', '1', '5', '6631779717751', '1', '2024-08-11', '187');
INSERT INTO TICKETS (ticket_id, event_id, visitor_id, ticket_type_id, payment_method_id, ean_code, is_scanned, date_bought, cost) VALUES ('77', '3', '53', '2', '4', '0880199488375', '1', '2025-04-27', '33');
INSERT INTO TICKETS (ticket_id, event_id, visitor_id, ticket_type_id, payment_method_id, ean_code, is_scanned, date_bought, cost) VALUES ('78', '29', '233', '2', '5', '9975711305548', '1', '2024-10-01', '199');
INSERT INTO TICKETS (ticket_id, event_id, visitor_id, ticket_type_id, payment_method_id, ean_code, is_scanned, date_bought, cost) VALUES ('79', '14', '24', '1', '4', '2614933163735', '0', '2025-01-30', '126');
INSERT INTO TICKETS (ticket_id, event_id, visitor_id, ticket_type_id, payment_method_id, ean_code, is_scanned, date_bought, cost) VALUES ('80', '6', '64', '2', '4', '9827080869782', '0', '2024-12-15', '52');
INSERT INTO TICKETS (ticket_id, event_id, visitor_id, ticket_type_id, payment_method_id, ean_code, is_scanned, date_bought, cost) VALUES ('81', '14', '199', '3', '5', '9586693465472', '0', '2024-09-18', '125');
INSERT INTO TICKETS (ticket_id, event_id, visitor_id, ticket_type_id, payment_method_id, ean_code, is_scanned, date_bought, cost) VALUES ('82', '78', '263', '2', '7', '8583339452288', '1', '2024-07-04', '49');
INSERT INTO TICKETS (ticket_id, event_id, visitor_id, ticket_type_id, payment_method_id, ean_code, is_scanned, date_bought, cost) VALUES ('83', '98', '181', '3', '4', '9968460810620', '0', '2024-05-26', '71');
INSERT INTO TICKETS (ticket_id, event_id, visitor_id, ticket_type_id, payment_method_id, ean_code, is_scanned, date_bought, cost) VALUES ('84', '35', '83', '2', '6', '4204380571983', '1', '2024-09-26', '80');
INSERT INTO TICKETS (ticket_id, event_id, visitor_id, ticket_type_id, payment_method_id, ean_code, is_scanned, date_bought, cost) VALUES ('85', '66', '148', '3', '6', '0666580043973', '1', '2024-10-06', '170');
INSERT INTO TICKETS (ticket_id, event_id, visitor_id, ticket_type_id, payment_method_id, ean_code, is_scanned, date_bought, cost) VALUES ('86', '70', '101', '3', '2', '4721228160648', '1', '2024-06-05', '53');
INSERT INTO TICKETS (ticket_id, event_id, visitor_id, ticket_type_id, payment_method_id, ean_code, is_scanned, date_bought, cost) VALUES ('87', '21', '300', '2', '1', '5720259094798', '1', '2024-05-21', '38');
INSERT INTO TICKETS (ticket_id, event_id, visitor_id, ticket_type_id, payment_method_id, ean_code, is_scanned, date_bought, cost) VALUES ('88', '91', '163', '3', '2', '2818268861533', '1', '2024-06-01', '104');
INSERT INTO TICKETS (ticket_id, event_id, visitor_id, ticket_type_id, payment_method_id, ean_code, is_scanned, date_bought, cost) VALUES ('89', '47', '151', '1', '7', '9878015739930', '1', '2024-10-14', '117');
INSERT INTO TICKETS (ticket_id, event_id, visitor_id, ticket_type_id, payment_method_id, ean_code, is_scanned, date_bought, cost) VALUES ('90', '15', '198', '2', '5', '4085887704358', '0', '2024-11-14', '44');
INSERT INTO TICKETS (ticket_id, event_id, visitor_id, ticket_type_id, payment_method_id, ean_code, is_scanned, date_bought, cost) VALUES ('91', '22', '276', '3', '1', '1336138612075', '0', '2024-12-16', '42');
INSERT INTO TICKETS (ticket_id, event_id, visitor_id, ticket_type_id, payment_method_id, ean_code, is_scanned, date_bought, cost) VALUES ('92', '10', '28', '1', '7', '4819346676650', '1', '2025-05-09', '192');
INSERT INTO TICKETS (ticket_id, event_id, visitor_id, ticket_type_id, payment_method_id, ean_code, is_scanned, date_bought, cost) VALUES ('93', '16', '274', '1', '6', '9190158144914', '1', '2024-12-19', '117');
INSERT INTO TICKETS (ticket_id, event_id, visitor_id, ticket_type_id, payment_method_id, ean_code, is_scanned, date_bought, cost) VALUES ('94', '51', '16', '2', '2', '8326842450882', '0', '2024-05-14', '30');
INSERT INTO TICKETS (ticket_id, event_id, visitor_id, ticket_type_id, payment_method_id, ean_code, is_scanned, date_bought, cost) VALUES ('95', '1', '294', '3', '4', '8814353682223', '1', '2025-01-14', '69');
INSERT INTO TICKETS (ticket_id, event_id, visitor_id, ticket_type_id, payment_method_id, ean_code, is_scanned, date_bought, cost) VALUES ('96', '15', '93', '3', '7', '9087814141397', '1', '2024-05-16', '111');
INSERT INTO TICKETS (ticket_id, event_id, visitor_id, ticket_type_id, payment_method_id, ean_code, is_scanned, date_bought, cost) VALUES ('97', '17', '121', '1', '3', '9135775949299', '1', '2024-10-10', '100');
INSERT INTO TICKETS (ticket_id, event_id, visitor_id, ticket_type_id, payment_method_id, ean_code, is_scanned, date_bought, cost) VALUES ('98', '55', '87', '1', '3', '3364525777547', '0', '2024-12-16', '64');
INSERT INTO TICKETS (ticket_id, event_id, visitor_id, ticket_type_id, payment_method_id, ean_code, is_scanned, date_bought, cost) VALUES ('99', '83', '42', '2', '7', '2834110809969', '0', '2024-10-22', '29');
INSERT INTO TICKETS (ticket_id, event_id, visitor_id, ticket_type_id, payment_method_id, ean_code, is_scanned, date_bought, cost) VALUES ('100', '71', '134', '3', '5', '7256394278816', '1', '2025-04-28', '148');
INSERT INTO TICKETS (ticket_id, event_id, visitor_id, ticket_type_id, payment_method_id, ean_code, is_scanned, date_bought, cost) VALUES ('101', '2', '123', '3', '6', '2827229927503', '1', '2025-04-26', '79');
INSERT INTO TICKETS (ticket_id, event_id, visitor_id, ticket_type_id, payment_method_id, ean_code, is_scanned, date_bought, cost) VALUES ('102', '9', '136', '2', '2', '0385677005184', '1', '2025-03-25', '168');
INSERT INTO TICKETS (ticket_id, event_id, visitor_id, ticket_type_id, payment_method_id, ean_code, is_scanned, date_bought, cost) VALUES ('103', '70', '292', '1', '4', '6591846386557', '1', '2024-12-07', '174');
INSERT INTO TICKETS (ticket_id, event_id, visitor_id, ticket_type_id, payment_method_id, ean_code, is_scanned, date_bought, cost) VALUES ('104', '1', '257', '1', '4', '2318432225913', '1', '2024-05-31', '104');
INSERT INTO TICKETS (ticket_id, event_id, visitor_id, ticket_type_id, payment_method_id, ean_code, is_scanned, date_bought, cost) VALUES ('105', '93', '59', '2', '6', '7739260302992', '0', '2024-06-06', '181');
INSERT INTO TICKETS (ticket_id, event_id, visitor_id, ticket_type_id, payment_method_id, ean_code, is_scanned, date_bought, cost) VALUES ('106', '66', '21', '3', '2', '0242869904137', '1', '2024-12-07', '143');
INSERT INTO TICKETS (ticket_id, event_id, visitor_id, ticket_type_id, payment_method_id, ean_code, is_scanned, date_bought, cost) VALUES ('107', '22', '113', '2', '5', '2929842579913', '1', '2024-10-06', '118');
INSERT INTO TICKETS (ticket_id, event_id, visitor_id, ticket_type_id, payment_method_id, ean_code, is_scanned, date_bought, cost) VALUES ('108', '17', '56', '1', '2', '8862912799088', '0', '2025-02-11', '43');
INSERT INTO TICKETS (ticket_id, event_id, visitor_id, ticket_type_id, payment_method_id, ean_code, is_scanned, date_bought, cost) VALUES ('109', '62', '67', '3', '5', '0686508637659', '0', '2024-10-26', '128');
INSERT INTO TICKETS (ticket_id, event_id, visitor_id, ticket_type_id, payment_method_id, ean_code, is_scanned, date_bought, cost) VALUES ('110', '18', '131', '2', '7', '3149864300981', '0', '2024-11-10', '116');
INSERT INTO TICKETS (ticket_id, event_id, visitor_id, ticket_type_id, payment_method_id, ean_code, is_scanned, date_bought, cost) VALUES ('111', '84', '106', '3', '7', '5651269448695', '1', '2024-08-19', '194');
INSERT INTO TICKETS (ticket_id, event_id, visitor_id, ticket_type_id, payment_method_id, ean_code, is_scanned, date_bought, cost) VALUES ('112', '51', '105', '2', '5', '8725887449562', '0', '2024-05-26', '78');
INSERT INTO TICKETS (ticket_id, event_id, visitor_id, ticket_type_id, payment_method_id, ean_code, is_scanned, date_bought, cost) VALUES ('113', '58', '83', '1', '2', '8658902601279', '1', '2025-03-07', '42');
INSERT INTO TICKETS (ticket_id, event_id, visitor_id, ticket_type_id, payment_method_id, ean_code, is_scanned, date_bought, cost) VALUES ('114', '9', '135', '1', '3', '1906698490277', '0', '2025-02-03', '71');
INSERT INTO TICKETS (ticket_id, event_id, visitor_id, ticket_type_id, payment_method_id, ean_code, is_scanned, date_bought, cost) VALUES ('115', '85', '266', '2', '2', '0988392053021', '1', '2025-04-21', '122');
INSERT INTO TICKETS (ticket_id, event_id, visitor_id, ticket_type_id, payment_method_id, ean_code, is_scanned, date_bought, cost) VALUES ('116', '46', '203', '2', '5', '3801184895543', '0', '2024-08-10', '136');
INSERT INTO TICKETS (ticket_id, event_id, visitor_id, ticket_type_id, payment_method_id, ean_code, is_scanned, date_bought, cost) VALUES ('117', '52', '295', '1', '3', '2681818451848', '1', '2024-11-11', '197');
INSERT INTO TICKETS (ticket_id, event_id, visitor_id, ticket_type_id, payment_method_id, ean_code, is_scanned, date_bought, cost) VALUES ('118', '57', '194', '3', '4', '3577907141633', '1', '2024-11-19', '125');
INSERT INTO TICKETS (ticket_id, event_id, visitor_id, ticket_type_id, payment_method_id, ean_code, is_scanned, date_bought, cost) VALUES ('119', '46', '265', '3', '1', '4341651827553', '1', '2024-08-20', '66');
INSERT INTO TICKETS (ticket_id, event_id, visitor_id, ticket_type_id, payment_method_id, ean_code, is_scanned, date_bought, cost) VALUES ('120', '96', '98', '2', '6', '3334333395211', '0', '2025-02-02', '193');
INSERT INTO TICKETS (ticket_id, event_id, visitor_id, ticket_type_id, payment_method_id, ean_code, is_scanned, date_bought, cost) VALUES ('121', '85', '253', '3', '1', '8075957947284', '1', '2025-01-28', '76');
INSERT INTO TICKETS (ticket_id, event_id, visitor_id, ticket_type_id, payment_method_id, ean_code, is_scanned, date_bought, cost) VALUES ('122', '97', '296', '1', '1', '8678085627187', '1', '2024-06-26', '196');
INSERT INTO TICKETS (ticket_id, event_id, visitor_id, ticket_type_id, payment_method_id, ean_code, is_scanned, date_bought, cost) VALUES ('123', '2', '7', '3', '2', '6915594284347', '1', '2025-02-11', '113');
INSERT INTO TICKETS (ticket_id, event_id, visitor_id, ticket_type_id, payment_method_id, ean_code, is_scanned, date_bought, cost) VALUES ('124', '24', '256', '2', '2', '6556472929314', '0', '2025-04-19', '162');
INSERT INTO TICKETS (ticket_id, event_id, visitor_id, ticket_type_id, payment_method_id, ean_code, is_scanned, date_bought, cost) VALUES ('125', '56', '196', '1', '2', '2702672885744', '0', '2024-08-01', '121');
INSERT INTO TICKETS (ticket_id, event_id, visitor_id, ticket_type_id, payment_method_id, ean_code, is_scanned, date_bought, cost) VALUES ('126', '13', '84', '1', '2', '4717545588450', '1', '2025-01-21', '51');
INSERT INTO TICKETS (ticket_id, event_id, visitor_id, ticket_type_id, payment_method_id, ean_code, is_scanned, date_bought, cost) VALUES ('127', '45', '102', '3', '5', '8245587716947', '0', '2024-07-23', '62');
INSERT INTO TICKETS (ticket_id, event_id, visitor_id, ticket_type_id, payment_method_id, ean_code, is_scanned, date_bought, cost) VALUES ('128', '82', '173', '2', '6', '9961125355449', '1', '2024-12-16', '89');
INSERT INTO TICKETS (ticket_id, event_id, visitor_id, ticket_type_id, payment_method_id, ean_code, is_scanned, date_bought, cost) VALUES ('129', '57', '186', '3', '5', '8762202341326', '0', '2025-04-03', '44');
INSERT INTO TICKETS (ticket_id, event_id, visitor_id, ticket_type_id, payment_method_id, ean_code, is_scanned, date_bought, cost) VALUES ('130', '9', '243', '3', '1', '0681149216433', '1', '2024-08-29', '133');
INSERT INTO TICKETS (ticket_id, event_id, visitor_id, ticket_type_id, payment_method_id, ean_code, is_scanned, date_bought, cost) VALUES ('131', '81', '65', '1', '5', '2005577848728', '0', '2024-09-05', '171');
INSERT INTO TICKETS (ticket_id, event_id, visitor_id, ticket_type_id, payment_method_id, ean_code, is_scanned, date_bought, cost) VALUES ('132', '77', '234', '3', '6', '9688457831745', '1', '2024-12-20', '86');
INSERT INTO TICKETS (ticket_id, event_id, visitor_id, ticket_type_id, payment_method_id, ean_code, is_scanned, date_bought, cost) VALUES ('133', '20', '156', '1', '1', '8254780774064', '0', '2025-02-04', '21');
INSERT INTO TICKETS (ticket_id, event_id, visitor_id, ticket_type_id, payment_method_id, ean_code, is_scanned, date_bought, cost) VALUES ('134', '71', '192', '1', '4', '8663266341638', '1', '2024-10-01', '92');
INSERT INTO TICKETS (ticket_id, event_id, visitor_id, ticket_type_id, payment_method_id, ean_code, is_scanned, date_bought, cost) VALUES ('135', '84', '273', '2', '4', '3122417974973', '1', '2025-04-08', '24');
INSERT INTO TICKETS (ticket_id, event_id, visitor_id, ticket_type_id, payment_method_id, ean_code, is_scanned, date_bought, cost) VALUES ('136', '20', '26', '3', '1', '2144270312073', '1', '2024-08-04', '127');
INSERT INTO TICKETS (ticket_id, event_id, visitor_id, ticket_type_id, payment_method_id, ean_code, is_scanned, date_bought, cost) VALUES ('137', '40', '256', '2', '4', '0512046187234', '1', '2024-05-16', '23');
INSERT INTO TICKETS (ticket_id, event_id, visitor_id, ticket_type_id, payment_method_id, ean_code, is_scanned, date_bought, cost) VALUES ('138', '16', '128', '2', '7', '7303718376452', '0', '2024-05-10', '160');
INSERT INTO TICKETS (ticket_id, event_id, visitor_id, ticket_type_id, payment_method_id, ean_code, is_scanned, date_bought, cost) VALUES ('139', '67', '63', '2', '4', '4350313650249', '0', '2024-10-08', '121');
INSERT INTO TICKETS (ticket_id, event_id, visitor_id, ticket_type_id, payment_method_id, ean_code, is_scanned, date_bought, cost) VALUES ('140', '32', '5', '1', '5', '7925132719500', '1', '2024-11-15', '185');
INSERT INTO TICKETS (ticket_id, event_id, visitor_id, ticket_type_id, payment_method_id, ean_code, is_scanned, date_bought, cost) VALUES ('141', '20', '275', '1', '2', '7358573065240', '1', '2024-11-03', '200');
INSERT INTO TICKETS (ticket_id, event_id, visitor_id, ticket_type_id, payment_method_id, ean_code, is_scanned, date_bought, cost) VALUES ('142', '57', '287', '2', '5', '7392855749821', '0', '2024-10-02', '135');
INSERT INTO TICKETS (ticket_id, event_id, visitor_id, ticket_type_id, payment_method_id, ean_code, is_scanned, date_bought, cost) VALUES ('143', '38', '135', '3', '3', '7086209593518', '1', '2025-02-27', '68');
INSERT INTO TICKETS (ticket_id, event_id, visitor_id, ticket_type_id, payment_method_id, ean_code, is_scanned, date_bought, cost) VALUES ('144', '68', '255', '3', '2', '9456511810220', '0', '2025-04-03', '47');
INSERT INTO TICKETS (ticket_id, event_id, visitor_id, ticket_type_id, payment_method_id, ean_code, is_scanned, date_bought, cost) VALUES ('145', '63', '99', '1', '1', '9678994053910', '0', '2025-04-02', '187');
INSERT INTO TICKETS (ticket_id, event_id, visitor_id, ticket_type_id, payment_method_id, ean_code, is_scanned, date_bought, cost) VALUES ('146', '63', '41', '2', '7', '0586509480141', '0', '2024-07-09', '152');
INSERT INTO TICKETS (ticket_id, event_id, visitor_id, ticket_type_id, payment_method_id, ean_code, is_scanned, date_bought, cost) VALUES ('147', '13', '52', '3', '2', '8633839288619', '1', '2024-09-15', '192');
INSERT INTO TICKETS (ticket_id, event_id, visitor_id, ticket_type_id, payment_method_id, ean_code, is_scanned, date_bought, cost) VALUES ('148', '59', '219', '1', '2', '2868528975585', '1', '2024-09-13', '125');
INSERT INTO TICKETS (ticket_id, event_id, visitor_id, ticket_type_id, payment_method_id, ean_code, is_scanned, date_bought, cost) VALUES ('149', '98', '221', '3', '3', '9398368457760', '0', '2024-05-12', '92');
INSERT INTO TICKETS (ticket_id, event_id, visitor_id, ticket_type_id, payment_method_id, ean_code, is_scanned, date_bought, cost) VALUES ('150', '77', '9', '3', '2', '4043350488899', '0', '2024-08-01', '44');
INSERT INTO TICKETS (ticket_id, event_id, visitor_id, ticket_type_id, payment_method_id, ean_code, is_scanned, date_bought, cost) VALUES ('151', '5', '236', '2', '2', '2459334419693', '0', '2024-07-10', '103');
INSERT INTO TICKETS (ticket_id, event_id, visitor_id, ticket_type_id, payment_method_id, ean_code, is_scanned, date_bought, cost) VALUES ('152', '62', '89', '2', '7', '9194096105566', '0', '2025-01-09', '78');
INSERT INTO TICKETS (ticket_id, event_id, visitor_id, ticket_type_id, payment_method_id, ean_code, is_scanned, date_bought, cost) VALUES ('153', '96', '6', '3', '7', '6048058925832', '0', '2024-09-21', '192');
INSERT INTO TICKETS (ticket_id, event_id, visitor_id, ticket_type_id, payment_method_id, ean_code, is_scanned, date_bought, cost) VALUES ('154', '94', '202', '2', '7', '9981364622517', '0', '2025-03-26', '160');
INSERT INTO TICKETS (ticket_id, event_id, visitor_id, ticket_type_id, payment_method_id, ean_code, is_scanned, date_bought, cost) VALUES ('155', '52', '135', '1', '4', '8622783769389', '0', '2024-05-13', '82');
INSERT INTO TICKETS (ticket_id, event_id, visitor_id, ticket_type_id, payment_method_id, ean_code, is_scanned, date_bought, cost) VALUES ('156', '10', '137', '2', '3', '9116655355904', '0', '2024-06-06', '109');
INSERT INTO TICKETS (ticket_id, event_id, visitor_id, ticket_type_id, payment_method_id, ean_code, is_scanned, date_bought, cost) VALUES ('157', '79', '227', '3', '2', '7033521103924', '0', '2024-11-16', '107');
INSERT INTO TICKETS (ticket_id, event_id, visitor_id, ticket_type_id, payment_method_id, ean_code, is_scanned, date_bought, cost) VALUES ('158', '89', '57', '2', '4', '7053833884879', '0', '2024-07-30', '197');
INSERT INTO TICKETS (ticket_id, event_id, visitor_id, ticket_type_id, payment_method_id, ean_code, is_scanned, date_bought, cost) VALUES ('159', '90', '10', '2', '5', '8042043940701', '1', '2024-10-03', '189');
INSERT INTO TICKETS (ticket_id, event_id, visitor_id, ticket_type_id, payment_method_id, ean_code, is_scanned, date_bought, cost) VALUES ('160', '35', '185', '1', '1', '4636815798123', '1', '2024-09-07', '163');
INSERT INTO TICKETS (ticket_id, event_id, visitor_id, ticket_type_id, payment_method_id, ean_code, is_scanned, date_bought, cost) VALUES ('161', '92', '12', '1', '2', '8457620555438', '1', '2024-08-16', '35');
INSERT INTO TICKETS (ticket_id, event_id, visitor_id, ticket_type_id, payment_method_id, ean_code, is_scanned, date_bought, cost) VALUES ('162', '81', '132', '2', '7', '0843256216893', '1', '2024-06-28', '81');
INSERT INTO TICKETS (ticket_id, event_id, visitor_id, ticket_type_id, payment_method_id, ean_code, is_scanned, date_bought, cost) VALUES ('163', '74', '79', '2', '3', '9578232983248', '0', '2025-04-23', '130');
INSERT INTO TICKETS (ticket_id, event_id, visitor_id, ticket_type_id, payment_method_id, ean_code, is_scanned, date_bought, cost) VALUES ('164', '99', '75', '3', '5', '2518812520566', '1', '2024-10-07', '133');
INSERT INTO TICKETS (ticket_id, event_id, visitor_id, ticket_type_id, payment_method_id, ean_code, is_scanned, date_bought, cost) VALUES ('165', '96', '141', '1', '7', '3122099499939', '0', '2024-07-19', '79');
INSERT INTO TICKETS (ticket_id, event_id, visitor_id, ticket_type_id, payment_method_id, ean_code, is_scanned, date_bought, cost) VALUES ('166', '88', '14', '2', '1', '7289752677223', '0', '2024-08-28', '28');
INSERT INTO TICKETS (ticket_id, event_id, visitor_id, ticket_type_id, payment_method_id, ean_code, is_scanned, date_bought, cost) VALUES ('167', '53', '8', '2', '4', '3331279757366', '0', '2024-06-19', '175');
INSERT INTO TICKETS (ticket_id, event_id, visitor_id, ticket_type_id, payment_method_id, ean_code, is_scanned, date_bought, cost) VALUES ('168', '95', '195', '3', '3', '6999880817703', '1', '2024-11-03', '30');
INSERT INTO TICKETS (ticket_id, event_id, visitor_id, ticket_type_id, payment_method_id, ean_code, is_scanned, date_bought, cost) VALUES ('169', '72', '199', '3', '7', '0347644726490', '0', '2024-12-03', '138');
INSERT INTO TICKETS (ticket_id, event_id, visitor_id, ticket_type_id, payment_method_id, ean_code, is_scanned, date_bought, cost) VALUES ('170', '83', '232', '1', '6', '8129826657027', '0', '2024-08-15', '136');
INSERT INTO TICKETS (ticket_id, event_id, visitor_id, ticket_type_id, payment_method_id, ean_code, is_scanned, date_bought, cost) VALUES ('171', '12', '129', '2', '6', '2111751868926', '1', '2024-07-19', '31');
INSERT INTO TICKETS (ticket_id, event_id, visitor_id, ticket_type_id, payment_method_id, ean_code, is_scanned, date_bought, cost) VALUES ('172', '99', '88', '2', '5', '2222064474212', '0', '2024-12-21', '20');
INSERT INTO TICKETS (ticket_id, event_id, visitor_id, ticket_type_id, payment_method_id, ean_code, is_scanned, date_bought, cost) VALUES ('173', '80', '130', '1', '4', '7780973397767', '0', '2024-06-01', '173');
INSERT INTO TICKETS (ticket_id, event_id, visitor_id, ticket_type_id, payment_method_id, ean_code, is_scanned, date_bought, cost) VALUES ('174', '77', '4', '1', '5', '4983022050209', '1', '2025-01-07', '104');
INSERT INTO TICKETS (ticket_id, event_id, visitor_id, ticket_type_id, payment_method_id, ean_code, is_scanned, date_bought, cost) VALUES ('175', '12', '26', '1', '4', '2249998279501', '1', '2024-07-20', '102');
INSERT INTO TICKETS (ticket_id, event_id, visitor_id, ticket_type_id, payment_method_id, ean_code, is_scanned, date_bought, cost) VALUES ('176', '48', '195', '1', '7', '6814721458683', '0', '2025-01-20', '176');
INSERT INTO TICKETS (ticket_id, event_id, visitor_id, ticket_type_id, payment_method_id, ean_code, is_scanned, date_bought, cost) VALUES ('177', '8', '56', '3', '6', '8179469548995', '0', '2024-12-17', '177');
INSERT INTO TICKETS (ticket_id, event_id, visitor_id, ticket_type_id, payment_method_id, ean_code, is_scanned, date_bought, cost) VALUES ('178', '73', '255', '3', '6', '7729343010713', '1', '2025-02-05', '125');
INSERT INTO TICKETS (ticket_id, event_id, visitor_id, ticket_type_id, payment_method_id, ean_code, is_scanned, date_bought, cost) VALUES ('179', '6', '171', '2', '5', '3034414488501', '1', '2025-03-07', '107');
INSERT INTO TICKETS (ticket_id, event_id, visitor_id, ticket_type_id, payment_method_id, ean_code, is_scanned, date_bought, cost) VALUES ('180', '51', '292', '3', '1', '2355770272785', '1', '2024-07-06', '125');
INSERT INTO TICKETS (ticket_id, event_id, visitor_id, ticket_type_id, payment_method_id, ean_code, is_scanned, date_bought, cost) VALUES ('181', '96', '29', '3', '3', '9588039551240', '1', '2024-08-01', '116');
INSERT INTO TICKETS (ticket_id, event_id, visitor_id, ticket_type_id, payment_method_id, ean_code, is_scanned, date_bought, cost) VALUES ('182', '81', '274', '1', '5', '9629145046173', '1', '2025-03-11', '135');
INSERT INTO TICKETS (ticket_id, event_id, visitor_id, ticket_type_id, payment_method_id, ean_code, is_scanned, date_bought, cost) VALUES ('183', '39', '111', '3', '3', '2150317807823', '1', '2024-08-02', '143');
INSERT INTO TICKETS (ticket_id, event_id, visitor_id, ticket_type_id, payment_method_id, ean_code, is_scanned, date_bought, cost) VALUES ('184', '94', '269', '2', '7', '5218230768104', '0', '2024-09-05', '195');
INSERT INTO TICKETS (ticket_id, event_id, visitor_id, ticket_type_id, payment_method_id, ean_code, is_scanned, date_bought, cost) VALUES ('185', '77', '45', '2', '4', '0184094353344', '1', '2024-09-14', '132');
INSERT INTO TICKETS (ticket_id, event_id, visitor_id, ticket_type_id, payment_method_id, ean_code, is_scanned, date_bought, cost) VALUES ('186', '86', '61', '2', '2', '2410988138585', '1', '2025-04-06', '56');
INSERT INTO TICKETS (ticket_id, event_id, visitor_id, ticket_type_id, payment_method_id, ean_code, is_scanned, date_bought, cost) VALUES ('187', '91', '146', '3', '2', '2149587020701', '1', '2024-06-14', '33');
INSERT INTO TICKETS (ticket_id, event_id, visitor_id, ticket_type_id, payment_method_id, ean_code, is_scanned, date_bought, cost) VALUES ('188', '12', '219', '2', '2', '9979545381792', '0', '2024-06-05', '198');
INSERT INTO TICKETS (ticket_id, event_id, visitor_id, ticket_type_id, payment_method_id, ean_code, is_scanned, date_bought, cost) VALUES ('189', '60', '50', '2', '3', '7733294562557', '1', '2024-05-14', '27');
INSERT INTO TICKETS (ticket_id, event_id, visitor_id, ticket_type_id, payment_method_id, ean_code, is_scanned, date_bought, cost) VALUES ('190', '9', '244', '1', '3', '7724599281615', '0', '2025-02-19', '97');
INSERT INTO TICKETS (ticket_id, event_id, visitor_id, ticket_type_id, payment_method_id, ean_code, is_scanned, date_bought, cost) VALUES ('191', '69', '237', '2', '5', '6393827615396', '1', '2025-03-10', '165');
INSERT INTO TICKETS (ticket_id, event_id, visitor_id, ticket_type_id, payment_method_id, ean_code, is_scanned, date_bought, cost) VALUES ('192', '44', '279', '3', '2', '2197199758172', '1', '2024-05-21', '123');
INSERT INTO TICKETS (ticket_id, event_id, visitor_id, ticket_type_id, payment_method_id, ean_code, is_scanned, date_bought, cost) VALUES ('193', '9', '56', '3', '7', '9657013290227', '1', '2024-12-16', '119');
INSERT INTO TICKETS (ticket_id, event_id, visitor_id, ticket_type_id, payment_method_id, ean_code, is_scanned, date_bought, cost) VALUES ('194', '79', '296', '2', '2', '3549465190986', '0', '2024-05-24', '95');
INSERT INTO TICKETS (ticket_id, event_id, visitor_id, ticket_type_id, payment_method_id, ean_code, is_scanned, date_bought, cost) VALUES ('195', '8', '190', '3', '1', '0851403696566', '1', '2025-01-13', '131');
INSERT INTO TICKETS (ticket_id, event_id, visitor_id, ticket_type_id, payment_method_id, ean_code, is_scanned, date_bought, cost) VALUES ('196', '70', '109', '3', '2', '7238656242201', '0', '2025-04-21', '56');
INSERT INTO TICKETS (ticket_id, event_id, visitor_id, ticket_type_id, payment_method_id, ean_code, is_scanned, date_bought, cost) VALUES ('197', '93', '250', '3', '4', '2126796927868', '1', '2025-04-20', '118');
INSERT INTO TICKETS (ticket_id, event_id, visitor_id, ticket_type_id, payment_method_id, ean_code, is_scanned, date_bought, cost) VALUES ('198', '46', '116', '1', '4', '9097384689500', '1', '2024-10-19', '200');
INSERT INTO TICKETS (ticket_id, event_id, visitor_id, ticket_type_id, payment_method_id, ean_code, is_scanned, date_bought, cost) VALUES ('199', '48', '58', '3', '4', '1284781891371', '1', '2025-03-30', '176');
INSERT INTO TICKETS (ticket_id, event_id, visitor_id, ticket_type_id, payment_method_id, ean_code, is_scanned, date_bought, cost) VALUES ('200', '7', '176', '3', '7', '0778795654420', '1', '2025-01-26', '164');
INSERT INTO TICKETS (ticket_id, event_id, visitor_id, ticket_type_id, payment_method_id, ean_code, is_scanned, date_bought, cost) VALUES ('201', '34', '32', '3', '4', '9290490471281', '1', '2024-05-27', '84');
INSERT INTO TICKETS (ticket_id, event_id, visitor_id, ticket_type_id, payment_method_id, ean_code, is_scanned, date_bought, cost) VALUES ('202', '17', '144', '2', '7', '4019292752437', '0', '2024-09-24', '155');
INSERT INTO TICKETS (ticket_id, event_id, visitor_id, ticket_type_id, payment_method_id, ean_code, is_scanned, date_bought, cost) VALUES ('203', '5', '176', '1', '2', '9276637239504', '0', '2024-08-11', '33');
INSERT INTO TICKETS (ticket_id, event_id, visitor_id, ticket_type_id, payment_method_id, ean_code, is_scanned, date_bought, cost) VALUES ('204', '22', '238', '2', '4', '4783667428604', '1', '2024-05-11', '117');
INSERT INTO TICKETS (ticket_id, event_id, visitor_id, ticket_type_id, payment_method_id, ean_code, is_scanned, date_bought, cost) VALUES ('205', '87', '162', '3', '6', '0185694544149', '1', '2025-01-11', '138');
INSERT INTO TICKETS (ticket_id, event_id, visitor_id, ticket_type_id, payment_method_id, ean_code, is_scanned, date_bought, cost) VALUES ('206', '99', '124', '3', '6', '9385258001061', '0', '2025-03-01', '195');
INSERT INTO TICKETS (ticket_id, event_id, visitor_id, ticket_type_id, payment_method_id, ean_code, is_scanned, date_bought, cost) VALUES ('207', '58', '180', '1', '6', '4430091093911', '0', '2024-12-05', '174');
INSERT INTO TICKETS (ticket_id, event_id, visitor_id, ticket_type_id, payment_method_id, ean_code, is_scanned, date_bought, cost) VALUES ('208', '17', '193', '3', '7', '9212447174654', '0', '2024-12-10', '38');
INSERT INTO TICKETS (ticket_id, event_id, visitor_id, ticket_type_id, payment_method_id, ean_code, is_scanned, date_bought, cost) VALUES ('209', '36', '32', '2', '4', '5044271739627', '0', '2025-04-28', '56');
INSERT INTO TICKETS (ticket_id, event_id, visitor_id, ticket_type_id, payment_method_id, ean_code, is_scanned, date_bought, cost) VALUES ('210', '70', '221', '1', '5', '1741011947072', '0', '2024-10-16', '29');
INSERT INTO TICKETS (ticket_id, event_id, visitor_id, ticket_type_id, payment_method_id, ean_code, is_scanned, date_bought, cost) VALUES ('211', '86', '200', '2', '2', '5690877661830', '1', '2024-11-23', '196');
INSERT INTO TICKETS (ticket_id, event_id, visitor_id, ticket_type_id, payment_method_id, ean_code, is_scanned, date_bought, cost) VALUES ('212', '100', '247', '1', '5', '8554601585174', '0', '2024-08-15', '65');
INSERT INTO TICKETS (ticket_id, event_id, visitor_id, ticket_type_id, payment_method_id, ean_code, is_scanned, date_bought, cost) VALUES ('213', '71', '21', '2', '6', '3461571732030', '0', '2024-08-11', '145');
INSERT INTO TICKETS (ticket_id, event_id, visitor_id, ticket_type_id, payment_method_id, ean_code, is_scanned, date_bought, cost) VALUES ('214', '50', '33', '3', '6', '4787005050613', '1', '2024-05-14', '193');
INSERT INTO TICKETS (ticket_id, event_id, visitor_id, ticket_type_id, payment_method_id, ean_code, is_scanned, date_bought, cost) VALUES ('215', '69', '77', '3', '5', '3102707903202', '0', '2024-07-06', '98');
INSERT INTO TICKETS (ticket_id, event_id, visitor_id, ticket_type_id, payment_method_id, ean_code, is_scanned, date_bought, cost) VALUES ('216', '13', '234', '3', '2', '9111799313656', '1', '2025-04-18', '50');
INSERT INTO TICKETS (ticket_id, event_id, visitor_id, ticket_type_id, payment_method_id, ean_code, is_scanned, date_bought, cost) VALUES ('217', '88', '295', '3', '2', '5309251142625', '0', '2025-04-24', '132');
INSERT INTO TICKETS (ticket_id, event_id, visitor_id, ticket_type_id, payment_method_id, ean_code, is_scanned, date_bought, cost) VALUES ('218', '32', '298', '1', '2', '1962071002194', '1', '2024-06-23', '197');
INSERT INTO TICKETS (ticket_id, event_id, visitor_id, ticket_type_id, payment_method_id, ean_code, is_scanned, date_bought, cost) VALUES ('219', '99', '244', '3', '2', '3248763290927', '0', '2024-06-12', '180');
INSERT INTO TICKETS (ticket_id, event_id, visitor_id, ticket_type_id, payment_method_id, ean_code, is_scanned, date_bought, cost) VALUES ('220', '39', '179', '2', '1', '8331819588373', '1', '2024-10-05', '33');
INSERT INTO TICKETS (ticket_id, event_id, visitor_id, ticket_type_id, payment_method_id, ean_code, is_scanned, date_bought, cost) VALUES ('221', '25', '58', '1', '6', '7722005436459', '1', '2024-10-08', '31');
INSERT INTO TICKETS (ticket_id, event_id, visitor_id, ticket_type_id, payment_method_id, ean_code, is_scanned, date_bought, cost) VALUES ('222', '14', '27', '3', '2', '2078113799563', '1', '2024-10-28', '78');
INSERT INTO TICKETS (ticket_id, event_id, visitor_id, ticket_type_id, payment_method_id, ean_code, is_scanned, date_bought, cost) VALUES ('223', '100', '57', '2', '2', '1363631797062', '0', '2024-08-02', '176');
INSERT INTO TICKETS (ticket_id, event_id, visitor_id, ticket_type_id, payment_method_id, ean_code, is_scanned, date_bought, cost) VALUES ('224', '59', '92', '2', '3', '2735435209042', '0', '2025-03-13', '139');
INSERT INTO TICKETS (ticket_id, event_id, visitor_id, ticket_type_id, payment_method_id, ean_code, is_scanned, date_bought, cost) VALUES ('225', '59', '215', '1', '7', '5349292983168', '1', '2024-06-30', '75');
INSERT INTO TICKETS (ticket_id, event_id, visitor_id, ticket_type_id, payment_method_id, ean_code, is_scanned, date_bought, cost) VALUES ('226', '76', '243', '2', '3', '0633569392906', '0', '2025-01-03', '30');
INSERT INTO TICKETS (ticket_id, event_id, visitor_id, ticket_type_id, payment_method_id, ean_code, is_scanned, date_bought, cost) VALUES ('227', '61', '259', '1', '4', '8671773180632', '1', '2025-05-04', '95');
INSERT INTO TICKETS (ticket_id, event_id, visitor_id, ticket_type_id, payment_method_id, ean_code, is_scanned, date_bought, cost) VALUES ('228', '31', '47', '1', '4', '4279907726257', '0', '2024-05-11', '180');
INSERT INTO TICKETS (ticket_id, event_id, visitor_id, ticket_type_id, payment_method_id, ean_code, is_scanned, date_bought, cost) VALUES ('229', '10', '198', '3', '3', '8046498931950', '1', '2024-08-26', '33');
INSERT INTO TICKETS (ticket_id, event_id, visitor_id, ticket_type_id, payment_method_id, ean_code, is_scanned, date_bought, cost) VALUES ('230', '15', '197', '2', '4', '9055281832538', '0', '2025-04-22', '186');
INSERT INTO TICKETS (ticket_id, event_id, visitor_id, ticket_type_id, payment_method_id, ean_code, is_scanned, date_bought, cost) VALUES ('231', '62', '298', '3', '2', '3554864015577', '0', '2025-01-27', '140');
INSERT INTO TICKETS (ticket_id, event_id, visitor_id, ticket_type_id, payment_method_id, ean_code, is_scanned, date_bought, cost) VALUES ('232', '91', '273', '3', '7', '8479513711624', '0', '2024-09-15', '47');
INSERT INTO TICKETS (ticket_id, event_id, visitor_id, ticket_type_id, payment_method_id, ean_code, is_scanned, date_bought, cost) VALUES ('233', '22', '142', '1', '6', '2723804682756', '1', '2025-05-02', '185');
INSERT INTO TICKETS (ticket_id, event_id, visitor_id, ticket_type_id, payment_method_id, ean_code, is_scanned, date_bought, cost) VALUES ('234', '3', '150', '1', '1', '0385695579887', '1', '2025-04-28', '97');
INSERT INTO TICKETS (ticket_id, event_id, visitor_id, ticket_type_id, payment_method_id, ean_code, is_scanned, date_bought, cost) VALUES ('235', '73', '68', '2', '2', '4375402547292', '1', '2024-11-02', '66');
INSERT INTO TICKETS (ticket_id, event_id, visitor_id, ticket_type_id, payment_method_id, ean_code, is_scanned, date_bought, cost) VALUES ('236', '23', '79', '1', '2', '1059274523805', '1', '2024-09-15', '57');
INSERT INTO TICKETS (ticket_id, event_id, visitor_id, ticket_type_id, payment_method_id, ean_code, is_scanned, date_bought, cost) VALUES ('237', '48', '230', '3', '2', '8410672752088', '1', '2025-02-25', '185');
INSERT INTO TICKETS (ticket_id, event_id, visitor_id, ticket_type_id, payment_method_id, ean_code, is_scanned, date_bought, cost) VALUES ('238', '91', '152', '2', '3', '9297517028140', '1', '2025-04-14', '178');
INSERT INTO TICKETS (ticket_id, event_id, visitor_id, ticket_type_id, payment_method_id, ean_code, is_scanned, date_bought, cost) VALUES ('239', '29', '229', '2', '1', '5093983430187', '0', '2024-12-13', '151');
INSERT INTO TICKETS (ticket_id, event_id, visitor_id, ticket_type_id, payment_method_id, ean_code, is_scanned, date_bought, cost) VALUES ('240', '51', '100', '2', '3', '9980562656504', '1', '2024-12-11', '109');
INSERT INTO TICKETS (ticket_id, event_id, visitor_id, ticket_type_id, payment_method_id, ean_code, is_scanned, date_bought, cost) VALUES ('241', '40', '229', '3', '1', '3767426629912', '0', '2025-03-11', '97');
INSERT INTO TICKETS (ticket_id, event_id, visitor_id, ticket_type_id, payment_method_id, ean_code, is_scanned, date_bought, cost) VALUES ('242', '61', '269', '2', '1', '9610646287923', '0', '2024-12-05', '117');
INSERT INTO TICKETS (ticket_id, event_id, visitor_id, ticket_type_id, payment_method_id, ean_code, is_scanned, date_bought, cost) VALUES ('243', '38', '284', '2', '1', '4947873002447', '0', '2024-10-31', '187');
INSERT INTO TICKETS (ticket_id, event_id, visitor_id, ticket_type_id, payment_method_id, ean_code, is_scanned, date_bought, cost) VALUES ('244', '86', '148', '2', '2', '7301471959796', '1', '2024-09-11', '180');
INSERT INTO TICKETS (ticket_id, event_id, visitor_id, ticket_type_id, payment_method_id, ean_code, is_scanned, date_bought, cost) VALUES ('245', '88', '244', '3', '7', '1589042902572', '1', '2025-04-06', '61');
INSERT INTO TICKETS (ticket_id, event_id, visitor_id, ticket_type_id, payment_method_id, ean_code, is_scanned, date_bought, cost) VALUES ('246', '7', '140', '2', '4', '5044818321928', '1', '2024-12-14', '100');
INSERT INTO TICKETS (ticket_id, event_id, visitor_id, ticket_type_id, payment_method_id, ean_code, is_scanned, date_bought, cost) VALUES ('247', '88', '155', '2', '6', '5189520284576', '1', '2025-04-08', '61');
INSERT INTO TICKETS (ticket_id, event_id, visitor_id, ticket_type_id, payment_method_id, ean_code, is_scanned, date_bought, cost) VALUES ('248', '14', '112', '1', '5', '3389888167112', '0', '2024-07-20', '142');
INSERT INTO TICKETS (ticket_id, event_id, visitor_id, ticket_type_id, payment_method_id, ean_code, is_scanned, date_bought, cost) VALUES ('249', '45', '160', '3', '3', '2798524013223', '1', '2024-06-12', '52');
INSERT INTO TICKETS (ticket_id, event_id, visitor_id, ticket_type_id, payment_method_id, ean_code, is_scanned, date_bought, cost) VALUES ('250', '27', '67', '1', '4', '1107603108907', '0', '2024-07-14', '84');
INSERT INTO TICKETS (ticket_id, event_id, visitor_id, ticket_type_id, payment_method_id, ean_code, is_scanned, date_bought, cost) VALUES ('251', '6', '34', '2', '6', '0119393250124', '1', '2024-12-25', '110');
INSERT INTO TICKETS (ticket_id, event_id, visitor_id, ticket_type_id, payment_method_id, ean_code, is_scanned, date_bought, cost) VALUES ('252', '21', '257', '3', '5', '3891190833428', '0', '2025-02-19', '45');
INSERT INTO TICKETS (ticket_id, event_id, visitor_id, ticket_type_id, payment_method_id, ean_code, is_scanned, date_bought, cost) VALUES ('253', '28', '259', '3', '4', '5927125663836', '0', '2024-12-25', '100');
INSERT INTO TICKETS (ticket_id, event_id, visitor_id, ticket_type_id, payment_method_id, ean_code, is_scanned, date_bought, cost) VALUES ('254', '16', '239', '1', '5', '2754801571647', '1', '2025-03-04', '195');
INSERT INTO TICKETS (ticket_id, event_id, visitor_id, ticket_type_id, payment_method_id, ean_code, is_scanned, date_bought, cost) VALUES ('255', '57', '116', '3', '4', '4631752071678', '0', '2024-10-20', '50');
INSERT INTO TICKETS (ticket_id, event_id, visitor_id, ticket_type_id, payment_method_id, ean_code, is_scanned, date_bought, cost) VALUES ('256', '19', '203', '2', '6', '9121535396136', '1', '2024-09-07', '91');
INSERT INTO TICKETS (ticket_id, event_id, visitor_id, ticket_type_id, payment_method_id, ean_code, is_scanned, date_bought, cost) VALUES ('257', '98', '298', '3', '3', '6579678427114', '1', '2024-07-13', '147');
INSERT INTO TICKETS (ticket_id, event_id, visitor_id, ticket_type_id, payment_method_id, ean_code, is_scanned, date_bought, cost) VALUES ('258', '30', '69', '1', '1', '0170269524991', '0', '2024-10-09', '189');
INSERT INTO TICKETS (ticket_id, event_id, visitor_id, ticket_type_id, payment_method_id, ean_code, is_scanned, date_bought, cost) VALUES ('259', '97', '267', '2', '7', '7347784858800', '1', '2024-05-27', '50');
INSERT INTO TICKETS (ticket_id, event_id, visitor_id, ticket_type_id, payment_method_id, ean_code, is_scanned, date_bought, cost) VALUES ('260', '50', '231', '2', '7', '6770028427624', '1', '2024-08-06', '144');
INSERT INTO TICKETS (ticket_id, event_id, visitor_id, ticket_type_id, payment_method_id, ean_code, is_scanned, date_bought, cost) VALUES ('261', '98', '57', '3', '6', '7889778280647', '1', '2025-04-01', '177');
INSERT INTO TICKETS (ticket_id, event_id, visitor_id, ticket_type_id, payment_method_id, ean_code, is_scanned, date_bought, cost) VALUES ('262', '87', '181', '2', '3', '0090255905616', '1', '2024-08-10', '111');
INSERT INTO TICKETS (ticket_id, event_id, visitor_id, ticket_type_id, payment_method_id, ean_code, is_scanned, date_bought, cost) VALUES ('263', '53', '180', '1', '6', '3334911415208', '1', '2024-10-18', '29');
INSERT INTO TICKETS (ticket_id, event_id, visitor_id, ticket_type_id, payment_method_id, ean_code, is_scanned, date_bought, cost) VALUES ('264', '59', '217', '3', '5', '6407905696591', '1', '2025-01-24', '45');
INSERT INTO TICKETS (ticket_id, event_id, visitor_id, ticket_type_id, payment_method_id, ean_code, is_scanned, date_bought, cost) VALUES ('265', '89', '106', '2', '4', '8529456371834', '1', '2025-03-17', '32');
INSERT INTO TICKETS (ticket_id, event_id, visitor_id, ticket_type_id, payment_method_id, ean_code, is_scanned, date_bought, cost) VALUES ('266', '39', '294', '2', '7', '3919195419876', '0', '2025-04-16', '108');
INSERT INTO TICKETS (ticket_id, event_id, visitor_id, ticket_type_id, payment_method_id, ean_code, is_scanned, date_bought, cost) VALUES ('267', '10', '155', '3', '7', '4685366498782', '0', '2024-07-17', '180');
INSERT INTO TICKETS (ticket_id, event_id, visitor_id, ticket_type_id, payment_method_id, ean_code, is_scanned, date_bought, cost) VALUES ('268', '91', '265', '1', '5', '7374896908357', '0', '2025-03-14', '81');
INSERT INTO TICKETS (ticket_id, event_id, visitor_id, ticket_type_id, payment_method_id, ean_code, is_scanned, date_bought, cost) VALUES ('269', '20', '154', '2', '4', '5136442493631', '0', '2024-05-12', '69');
INSERT INTO TICKETS (ticket_id, event_id, visitor_id, ticket_type_id, payment_method_id, ean_code, is_scanned, date_bought, cost) VALUES ('270', '4', '126', '2', '4', '7866032420448', '0', '2025-04-17', '184');
INSERT INTO TICKETS (ticket_id, event_id, visitor_id, ticket_type_id, payment_method_id, ean_code, is_scanned, date_bought, cost) VALUES ('271', '6', '249', '1', '1', '1594165162319', '0', '2025-02-02', '153');
INSERT INTO TICKETS (ticket_id, event_id, visitor_id, ticket_type_id, payment_method_id, ean_code, is_scanned, date_bought, cost) VALUES ('272', '86', '298', '3', '3', '7139155963632', '0', '2024-07-02', '64');
INSERT INTO TICKETS (ticket_id, event_id, visitor_id, ticket_type_id, payment_method_id, ean_code, is_scanned, date_bought, cost) VALUES ('273', '28', '141', '2', '4', '4907851586734', '0', '2024-11-02', '112');
INSERT INTO TICKETS (ticket_id, event_id, visitor_id, ticket_type_id, payment_method_id, ean_code, is_scanned, date_bought, cost) VALUES ('274', '61', '189', '2', '1', '9003486451837', '1', '2024-09-29', '22');
INSERT INTO TICKETS (ticket_id, event_id, visitor_id, ticket_type_id, payment_method_id, ean_code, is_scanned, date_bought, cost) VALUES ('275', '51', '131', '2', '1', '3432756041776', '1', '2024-09-23', '128');
INSERT INTO TICKETS (ticket_id, event_id, visitor_id, ticket_type_id, payment_method_id, ean_code, is_scanned, date_bought, cost) VALUES ('276', '13', '83', '3', '3', '8156985700272', '0', '2024-11-27', '122');
INSERT INTO TICKETS (ticket_id, event_id, visitor_id, ticket_type_id, payment_method_id, ean_code, is_scanned, date_bought, cost) VALUES ('277', '26', '157', '2', '5', '1123829657724', '0', '2024-07-20', '195');
INSERT INTO TICKETS (ticket_id, event_id, visitor_id, ticket_type_id, payment_method_id, ean_code, is_scanned, date_bought, cost) VALUES ('278', '76', '168', '2', '2', '1652669300893', '0', '2024-06-08', '138');
INSERT INTO TICKETS (ticket_id, event_id, visitor_id, ticket_type_id, payment_method_id, ean_code, is_scanned, date_bought, cost) VALUES ('279', '26', '135', '3', '7', '2069694215291', '0', '2024-08-16', '154');
INSERT INTO TICKETS (ticket_id, event_id, visitor_id, ticket_type_id, payment_method_id, ean_code, is_scanned, date_bought, cost) VALUES ('280', '56', '233', '3', '4', '1333447626393', '1', '2024-11-04', '193');
INSERT INTO TICKETS (ticket_id, event_id, visitor_id, ticket_type_id, payment_method_id, ean_code, is_scanned, date_bought, cost) VALUES ('281', '25', '215', '1', '4', '2044397359710', '1', '2024-11-04', '54');
INSERT INTO TICKETS (ticket_id, event_id, visitor_id, ticket_type_id, payment_method_id, ean_code, is_scanned, date_bought, cost) VALUES ('282', '42', '204', '3', '2', '6694118005375', '0', '2025-04-19', '21');
INSERT INTO TICKETS (ticket_id, event_id, visitor_id, ticket_type_id, payment_method_id, ean_code, is_scanned, date_bought, cost) VALUES ('283', '33', '259', '3', '4', '4652809242875', '1', '2024-05-18', '53');
INSERT INTO TICKETS (ticket_id, event_id, visitor_id, ticket_type_id, payment_method_id, ean_code, is_scanned, date_bought, cost) VALUES ('284', '12', '163', '3', '5', '6241502745644', '1', '2025-02-02', '152');
INSERT INTO TICKETS (ticket_id, event_id, visitor_id, ticket_type_id, payment_method_id, ean_code, is_scanned, date_bought, cost) VALUES ('285', '41', '224', '1', '3', '7287032032074', '0', '2024-12-26', '200');
INSERT INTO TICKETS (ticket_id, event_id, visitor_id, ticket_type_id, payment_method_id, ean_code, is_scanned, date_bought, cost) VALUES ('286', '60', '224', '1', '4', '0758777121513', '1', '2024-06-26', '66');
INSERT INTO TICKETS (ticket_id, event_id, visitor_id, ticket_type_id, payment_method_id, ean_code, is_scanned, date_bought, cost) VALUES ('287', '22', '261', '2', '5', '9390892613715', '0', '2024-05-09', '92');
INSERT INTO TICKETS (ticket_id, event_id, visitor_id, ticket_type_id, payment_method_id, ean_code, is_scanned, date_bought, cost) VALUES ('288', '88', '63', '2', '3', '9152017774905', '0', '2025-04-26', '187');
INSERT INTO TICKETS (ticket_id, event_id, visitor_id, ticket_type_id, payment_method_id, ean_code, is_scanned, date_bought, cost) VALUES ('289', '80', '232', '2', '6', '9230450189616', '1', '2024-10-28', '65');
INSERT INTO TICKETS (ticket_id, event_id, visitor_id, ticket_type_id, payment_method_id, ean_code, is_scanned, date_bought, cost) VALUES ('290', '31', '205', '1', '1', '3266421476492', '1', '2024-06-22', '190');
INSERT INTO TICKETS (ticket_id, event_id, visitor_id, ticket_type_id, payment_method_id, ean_code, is_scanned, date_bought, cost) VALUES ('291', '13', '189', '3', '2', '7767499616592', '1', '2024-06-13', '181');
INSERT INTO TICKETS (ticket_id, event_id, visitor_id, ticket_type_id, payment_method_id, ean_code, is_scanned, date_bought, cost) VALUES ('292', '55', '48', '1', '5', '5732788147617', '1', '2025-03-16', '58');
INSERT INTO TICKETS (ticket_id, event_id, visitor_id, ticket_type_id, payment_method_id, ean_code, is_scanned, date_bought, cost) VALUES ('293', '17', '154', '1', '5', '6490810818661', '1', '2024-09-19', '189');
INSERT INTO TICKETS (ticket_id, event_id, visitor_id, ticket_type_id, payment_method_id, ean_code, is_scanned, date_bought, cost) VALUES ('294', '93', '292', '2', '3', '4918017226016', '1', '2025-03-31', '100');
INSERT INTO TICKETS (ticket_id, event_id, visitor_id, ticket_type_id, payment_method_id, ean_code, is_scanned, date_bought, cost) VALUES ('295', '76', '233', '3', '4', '9452321941680', '0', '2024-07-10', '121');
INSERT INTO TICKETS (ticket_id, event_id, visitor_id, ticket_type_id, payment_method_id, ean_code, is_scanned, date_bought, cost) VALUES ('296', '15', '7', '1', '6', '7769749956412', '0', '2024-08-04', '23');
INSERT INTO TICKETS (ticket_id, event_id, visitor_id, ticket_type_id, payment_method_id, ean_code, is_scanned, date_bought, cost) VALUES ('297', '25', '58', '1', '6', '3037236831472', '1', '2025-02-10', '128');
INSERT INTO TICKETS (ticket_id, event_id, visitor_id, ticket_type_id, payment_method_id, ean_code, is_scanned, date_bought, cost) VALUES ('298', '3', '60', '1', '2', '7770793349605', '0', '2025-02-25', '46');
INSERT INTO TICKETS (ticket_id, event_id, visitor_id, ticket_type_id, payment_method_id, ean_code, is_scanned, date_bought, cost) VALUES ('299', '81', '222', '2', '7', '7998407678997', '0', '2024-12-08', '35');
INSERT INTO TICKETS (ticket_id, event_id, visitor_id, ticket_type_id, payment_method_id, ean_code, is_scanned, date_bought, cost) VALUES ('300', '68', '10', '2', '5', '5814671795760', '0', '2024-05-11', '93');
INSERT INTO TICKETS (ticket_id, event_id, visitor_id, ticket_type_id, payment_method_id, ean_code, is_scanned, date_bought, cost) VALUES ('301', '93', '99', '2', '3', '7383959724665', '1', '2024-07-18', '61');
INSERT INTO TICKETS (ticket_id, event_id, visitor_id, ticket_type_id, payment_method_id, ean_code, is_scanned, date_bought, cost) VALUES ('302', '80', '107', '2', '6', '1722329716743', '0', '2024-07-21', '162');
INSERT INTO TICKETS (ticket_id, event_id, visitor_id, ticket_type_id, payment_method_id, ean_code, is_scanned, date_bought, cost) VALUES ('303', '7', '10', '2', '3', '5228015619318', '0', '2024-10-23', '144');
INSERT INTO TICKETS (ticket_id, event_id, visitor_id, ticket_type_id, payment_method_id, ean_code, is_scanned, date_bought, cost) VALUES ('304', '34', '175', '2', '7', '0842891077119', '0', '2025-02-05', '163');
INSERT INTO TICKETS (ticket_id, event_id, visitor_id, ticket_type_id, payment_method_id, ean_code, is_scanned, date_bought, cost) VALUES ('305', '6', '260', '1', '2', '1352478712552', '0', '2024-07-13', '71');
INSERT INTO TICKETS (ticket_id, event_id, visitor_id, ticket_type_id, payment_method_id, ean_code, is_scanned, date_bought, cost) VALUES ('306', '57', '213', '1', '2', '7548214565328', '1', '2024-06-16', '78');
INSERT INTO TICKETS (ticket_id, event_id, visitor_id, ticket_type_id, payment_method_id, ean_code, is_scanned, date_bought, cost) VALUES ('307', '18', '220', '2', '4', '7850720811556', '0', '2025-01-15', '131');
INSERT INTO TICKETS (ticket_id, event_id, visitor_id, ticket_type_id, payment_method_id, ean_code, is_scanned, date_bought, cost) VALUES ('308', '8', '202', '1', '6', '2908466845504', '0', '2025-03-13', '199');
INSERT INTO TICKETS (ticket_id, event_id, visitor_id, ticket_type_id, payment_method_id, ean_code, is_scanned, date_bought, cost) VALUES ('309', '52', '229', '3', '2', '8997563410856', '0', '2024-12-31', '153');
INSERT INTO TICKETS (ticket_id, event_id, visitor_id, ticket_type_id, payment_method_id, ean_code, is_scanned, date_bought, cost) VALUES ('310', '70', '146', '1', '1', '8848520089434', '1', '2025-02-14', '149');
INSERT INTO TICKETS (ticket_id, event_id, visitor_id, ticket_type_id, payment_method_id, ean_code, is_scanned, date_bought, cost) VALUES ('311', '15', '31', '2', '3', '8510174907539', '0', '2025-01-20', '109');
INSERT INTO TICKETS (ticket_id, event_id, visitor_id, ticket_type_id, payment_method_id, ean_code, is_scanned, date_bought, cost) VALUES ('312', '39', '146', '3', '7', '9268315893571', '0', '2024-07-14', '128');
INSERT INTO TICKETS (ticket_id, event_id, visitor_id, ticket_type_id, payment_method_id, ean_code, is_scanned, date_bought, cost) VALUES ('313', '53', '42', '1', '1', '6273715869886', '1', '2024-06-04', '169');
INSERT INTO TICKETS (ticket_id, event_id, visitor_id, ticket_type_id, payment_method_id, ean_code, is_scanned, date_bought, cost) VALUES ('314', '64', '217', '2', '6', '7622827728813', '1', '2024-09-22', '141');
INSERT INTO TICKETS (ticket_id, event_id, visitor_id, ticket_type_id, payment_method_id, ean_code, is_scanned, date_bought, cost) VALUES ('315', '5', '81', '3', '3', '1961159408215', '1', '2025-04-26', '115');
INSERT INTO TICKETS (ticket_id, event_id, visitor_id, ticket_type_id, payment_method_id, ean_code, is_scanned, date_bought, cost) VALUES ('316', '39', '151', '2', '1', '2296044327018', '1', '2025-04-27', '37');
INSERT INTO TICKETS (ticket_id, event_id, visitor_id, ticket_type_id, payment_method_id, ean_code, is_scanned, date_bought, cost) VALUES ('317', '6', '214', '2', '5', '4975679228777', '0', '2024-11-28', '103');
INSERT INTO TICKETS (ticket_id, event_id, visitor_id, ticket_type_id, payment_method_id, ean_code, is_scanned, date_bought, cost) VALUES ('318', '12', '210', '2', '2', '6580741209481', '0', '2025-03-10', '69');
INSERT INTO TICKETS (ticket_id, event_id, visitor_id, ticket_type_id, payment_method_id, ean_code, is_scanned, date_bought, cost) VALUES ('319', '80', '278', '3', '7', '0983780182043', '0', '2024-06-26', '200');
INSERT INTO TICKETS (ticket_id, event_id, visitor_id, ticket_type_id, payment_method_id, ean_code, is_scanned, date_bought, cost) VALUES ('320', '75', '228', '1', '7', '8956907056260', '1', '2024-11-27', '117');
INSERT INTO TICKETS (ticket_id, event_id, visitor_id, ticket_type_id, payment_method_id, ean_code, is_scanned, date_bought, cost) VALUES ('321', '33', '47', '1', '1', '8242241246209', '1', '2024-12-17', '66');
INSERT INTO TICKETS (ticket_id, event_id, visitor_id, ticket_type_id, payment_method_id, ean_code, is_scanned, date_bought, cost) VALUES ('322', '4', '30', '2', '4', '1526546103399', '0', '2025-04-27', '146');
INSERT INTO TICKETS (ticket_id, event_id, visitor_id, ticket_type_id, payment_method_id, ean_code, is_scanned, date_bought, cost) VALUES ('323', '66', '259', '2', '1', '4057861706304', '0', '2024-11-14', '83');
INSERT INTO TICKETS (ticket_id, event_id, visitor_id, ticket_type_id, payment_method_id, ean_code, is_scanned, date_bought, cost) VALUES ('324', '98', '285', '3', '7', '2496718325823', '1', '2025-02-13', '162');
INSERT INTO TICKETS (ticket_id, event_id, visitor_id, ticket_type_id, payment_method_id, ean_code, is_scanned, date_bought, cost) VALUES ('325', '58', '22', '1', '7', '7942007494653', '1', '2024-05-10', '31');
INSERT INTO TICKETS (ticket_id, event_id, visitor_id, ticket_type_id, payment_method_id, ean_code, is_scanned, date_bought, cost) VALUES ('326', '21', '274', '3', '1', '4161284639855', '1', '2025-01-30', '135');
INSERT INTO TICKETS (ticket_id, event_id, visitor_id, ticket_type_id, payment_method_id, ean_code, is_scanned, date_bought, cost) VALUES ('327', '35', '126', '3', '3', '5379502097002', '1', '2024-09-28', '162');
INSERT INTO TICKETS (ticket_id, event_id, visitor_id, ticket_type_id, payment_method_id, ean_code, is_scanned, date_bought, cost) VALUES ('328', '90', '251', '2', '5', '1180715695620', '0', '2024-12-14', '138');
INSERT INTO TICKETS (ticket_id, event_id, visitor_id, ticket_type_id, payment_method_id, ean_code, is_scanned, date_bought, cost) VALUES ('329', '48', '99', '2', '1', '3045319433750', '1', '2024-06-14', '146');
INSERT INTO TICKETS (ticket_id, event_id, visitor_id, ticket_type_id, payment_method_id, ean_code, is_scanned, date_bought, cost) VALUES ('330', '91', '108', '1', '2', '6149872839992', '0', '2024-10-24', '170');
INSERT INTO TICKETS (ticket_id, event_id, visitor_id, ticket_type_id, payment_method_id, ean_code, is_scanned, date_bought, cost) VALUES ('331', '17', '34', '1', '3', '9384308948706', '0', '2024-06-19', '102');
INSERT INTO TICKETS (ticket_id, event_id, visitor_id, ticket_type_id, payment_method_id, ean_code, is_scanned, date_bought, cost) VALUES ('332', '56', '209', '2', '1', '8775803046875', '0', '2025-03-05', '120');
INSERT INTO TICKETS (ticket_id, event_id, visitor_id, ticket_type_id, payment_method_id, ean_code, is_scanned, date_bought, cost) VALUES ('333', '25', '172', '1', '5', '0361332541107', '1', '2024-06-21', '26');
INSERT INTO TICKETS (ticket_id, event_id, visitor_id, ticket_type_id, payment_method_id, ean_code, is_scanned, date_bought, cost) VALUES ('334', '76', '172', '2', '2', '1735058319971', '1', '2024-11-20', '168');
INSERT INTO TICKETS (ticket_id, event_id, visitor_id, ticket_type_id, payment_method_id, ean_code, is_scanned, date_bought, cost) VALUES ('335', '16', '44', '1', '1', '6512070496110', '0', '2024-10-25', '95');
INSERT INTO TICKETS (ticket_id, event_id, visitor_id, ticket_type_id, payment_method_id, ean_code, is_scanned, date_bought, cost) VALUES ('336', '49', '206', '1', '5', '6399076769915', '0', '2024-07-30', '136');
INSERT INTO TICKETS (ticket_id, event_id, visitor_id, ticket_type_id, payment_method_id, ean_code, is_scanned, date_bought, cost) VALUES ('337', '67', '169', '3', '2', '1109193928456', '1', '2024-12-02', '178');
INSERT INTO TICKETS (ticket_id, event_id, visitor_id, ticket_type_id, payment_method_id, ean_code, is_scanned, date_bought, cost) VALUES ('338', '57', '96', '1', '2', '0024968549822', '1', '2024-09-30', '99');
INSERT INTO TICKETS (ticket_id, event_id, visitor_id, ticket_type_id, payment_method_id, ean_code, is_scanned, date_bought, cost) VALUES ('339', '78', '176', '2', '3', '0892038806533', '0', '2024-09-15', '37');
INSERT INTO TICKETS (ticket_id, event_id, visitor_id, ticket_type_id, payment_method_id, ean_code, is_scanned, date_bought, cost) VALUES ('340', '44', '97', '3', '4', '7959959465217', '0', '2024-12-08', '146');
INSERT INTO TICKETS (ticket_id, event_id, visitor_id, ticket_type_id, payment_method_id, ean_code, is_scanned, date_bought, cost) VALUES ('341', '29', '2', '3', '2', '3793375636205', '0', '2024-12-08', '38');
INSERT INTO TICKETS (ticket_id, event_id, visitor_id, ticket_type_id, payment_method_id, ean_code, is_scanned, date_bought, cost) VALUES ('342', '46', '16', '3', '1', '2473950033423', '1', '2024-06-09', '64');
INSERT INTO TICKETS (ticket_id, event_id, visitor_id, ticket_type_id, payment_method_id, ean_code, is_scanned, date_bought, cost) VALUES ('343', '44', '284', '1', '2', '3024102615347', '0', '2025-02-16', '114');
INSERT INTO TICKETS (ticket_id, event_id, visitor_id, ticket_type_id, payment_method_id, ean_code, is_scanned, date_bought, cost) VALUES ('344', '48', '88', '3', '7', '9611223386559', '1', '2024-12-23', '182');
INSERT INTO TICKETS (ticket_id, event_id, visitor_id, ticket_type_id, payment_method_id, ean_code, is_scanned, date_bought, cost) VALUES ('345', '32', '24', '3', '5', '3842530428973', '0', '2025-04-16', '140');
INSERT INTO TICKETS (ticket_id, event_id, visitor_id, ticket_type_id, payment_method_id, ean_code, is_scanned, date_bought, cost) VALUES ('346', '85', '34', '1', '5', '6857872558777', '1', '2024-09-07', '168');
INSERT INTO TICKETS (ticket_id, event_id, visitor_id, ticket_type_id, payment_method_id, ean_code, is_scanned, date_bought, cost) VALUES ('347', '52', '299', '3', '1', '3337363466925', '1', '2024-12-15', '160');
INSERT INTO TICKETS (ticket_id, event_id, visitor_id, ticket_type_id, payment_method_id, ean_code, is_scanned, date_bought, cost) VALUES ('348', '11', '69', '1', '3', '7853907895677', '1', '2025-02-24', '124');
INSERT INTO TICKETS (ticket_id, event_id, visitor_id, ticket_type_id, payment_method_id, ean_code, is_scanned, date_bought, cost) VALUES ('349', '48', '255', '2', '3', '6027341514888', '0', '2024-11-05', '90');
INSERT INTO TICKETS (ticket_id, event_id, visitor_id, ticket_type_id, payment_method_id, ean_code, is_scanned, date_bought, cost) VALUES ('350', '30', '51', '1', '1', '5083535444392', '1', '2025-02-01', '22');
INSERT INTO LIKERT_RATINGS (rating_number, rating_description) VALUES ('1', 'Very Bad');
INSERT INTO LIKERT_RATINGS (rating_number, rating_description) VALUES ('2', 'Bad');
INSERT INTO LIKERT_RATINGS (rating_number, rating_description) VALUES ('3', 'Neutral');
INSERT INTO LIKERT_RATINGS (rating_number, rating_description) VALUES ('4', 'Good');
INSERT INTO LIKERT_RATINGS (rating_number, rating_description) VALUES ('5', 'Excellent');
INSERT INTO REVIEWS (review_id, visitor_id, performance_id, interpretation_rating, sound_lighting_rating, stage_presence_rating, organization_rating, overall_impression_rating) VALUES ('1', '275', '95', '4', '4', '5', '1', '4');
INSERT INTO REVIEWS (review_id, visitor_id, performance_id, interpretation_rating, sound_lighting_rating, stage_presence_rating, organization_rating, overall_impression_rating) VALUES ('2', '172', '37', '4', '2', '2', '2', '4');
INSERT INTO REVIEWS (review_id, visitor_id, performance_id, interpretation_rating, sound_lighting_rating, stage_presence_rating, organization_rating, overall_impression_rating) VALUES ('3', '265', '58', '4', '3', '1', '3', '2');
INSERT INTO REVIEWS (review_id, visitor_id, performance_id, interpretation_rating, sound_lighting_rating, stage_presence_rating, organization_rating, overall_impression_rating) VALUES ('4', '298', '7', '2', '4', '4', '5', '1');
INSERT INTO REVIEWS (review_id, visitor_id, performance_id, interpretation_rating, sound_lighting_rating, stage_presence_rating, organization_rating, overall_impression_rating) VALUES ('5', '237', '51', '5', '2', '3', '1', '4');
INSERT INTO REVIEWS (review_id, visitor_id, performance_id, interpretation_rating, sound_lighting_rating, stage_presence_rating, organization_rating, overall_impression_rating) VALUES ('6', '111', '91', '2', '4', '4', '4', '5');
INSERT INTO REVIEWS (review_id, visitor_id, performance_id, interpretation_rating, sound_lighting_rating, stage_presence_rating, organization_rating, overall_impression_rating) VALUES ('7', '154', '29', '5', '1', '2', '2', '3');
INSERT INTO REVIEWS (review_id, visitor_id, performance_id, interpretation_rating, sound_lighting_rating, stage_presence_rating, organization_rating, overall_impression_rating) VALUES ('8', '224', '59', '4', '2', '4', '1', '5');
INSERT INTO REVIEWS (review_id, visitor_id, performance_id, interpretation_rating, sound_lighting_rating, stage_presence_rating, organization_rating, overall_impression_rating) VALUES ('9', '190', '20', '4', '1', '3', '5', '4');
INSERT INTO REVIEWS (review_id, visitor_id, performance_id, interpretation_rating, sound_lighting_rating, stage_presence_rating, organization_rating, overall_impression_rating) VALUES ('10', '22', '81', '1', '2', '1', '5', '2');
INSERT INTO REVIEWS (review_id, visitor_id, performance_id, interpretation_rating, sound_lighting_rating, stage_presence_rating, organization_rating, overall_impression_rating) VALUES ('11', '140', '67', '1', '2', '2', '1', '4');
INSERT INTO REVIEWS (review_id, visitor_id, performance_id, interpretation_rating, sound_lighting_rating, stage_presence_rating, organization_rating, overall_impression_rating) VALUES ('12', '275', '14', '2', '3', '5', '1', '4');
INSERT INTO REVIEWS (review_id, visitor_id, performance_id, interpretation_rating, sound_lighting_rating, stage_presence_rating, organization_rating, overall_impression_rating) VALUES ('13', '249', '62', '5', '1', '2', '3', '4');
INSERT INTO REVIEWS (review_id, visitor_id, performance_id, interpretation_rating, sound_lighting_rating, stage_presence_rating, organization_rating, overall_impression_rating) VALUES ('14', '116', '56', '1', '2', '5', '4', '4');
INSERT INTO REVIEWS (review_id, visitor_id, performance_id, interpretation_rating, sound_lighting_rating, stage_presence_rating, organization_rating, overall_impression_rating) VALUES ('15', '260', '28', '2', '2', '2', '3', '4');
INSERT INTO REVIEWS (review_id, visitor_id, performance_id, interpretation_rating, sound_lighting_rating, stage_presence_rating, organization_rating, overall_impression_rating) VALUES ('16', '96', '65', '2', '5', '5', '3', '5');
INSERT INTO REVIEWS (review_id, visitor_id, performance_id, interpretation_rating, sound_lighting_rating, stage_presence_rating, organization_rating, overall_impression_rating) VALUES ('17', '34', '55', '3', '2', '1', '2', '4');
INSERT INTO REVIEWS (review_id, visitor_id, performance_id, interpretation_rating, sound_lighting_rating, stage_presence_rating, organization_rating, overall_impression_rating) VALUES ('18', '176', '24', '5', '3', '5', '4', '4');
INSERT INTO REVIEWS (review_id, visitor_id, performance_id, interpretation_rating, sound_lighting_rating, stage_presence_rating, organization_rating, overall_impression_rating) VALUES ('19', '205', '49', '1', '3', '4', '3', '3');
INSERT INTO REVIEWS (review_id, visitor_id, performance_id, interpretation_rating, sound_lighting_rating, stage_presence_rating, organization_rating, overall_impression_rating) VALUES ('20', '116', '56', '4', '2', '2', '5', '4');
INSERT INTO REVIEWS (review_id, visitor_id, performance_id, interpretation_rating, sound_lighting_rating, stage_presence_rating, organization_rating, overall_impression_rating) VALUES ('21', '150', '30', '2', '5', '1', '4', '1');
INSERT INTO REVIEWS (review_id, visitor_id, performance_id, interpretation_rating, sound_lighting_rating, stage_presence_rating, organization_rating, overall_impression_rating) VALUES ('22', '163', '28', '5', '3', '1', '2', '4');
INSERT INTO REVIEWS (review_id, visitor_id, performance_id, interpretation_rating, sound_lighting_rating, stage_presence_rating, organization_rating, overall_impression_rating) VALUES ('23', '162', '25', '3', '1', '1', '5', '3');
INSERT INTO REVIEWS (review_id, visitor_id, performance_id, interpretation_rating, sound_lighting_rating, stage_presence_rating, organization_rating, overall_impression_rating) VALUES ('24', '238', '6', '2', '3', '2', '5', '1');
INSERT INTO REVIEWS (review_id, visitor_id, performance_id, interpretation_rating, sound_lighting_rating, stage_presence_rating, organization_rating, overall_impression_rating) VALUES ('25', '47', '1', '4', '3', '4', '2', '4');
INSERT INTO REVIEWS (review_id, visitor_id, performance_id, interpretation_rating, sound_lighting_rating, stage_presence_rating, organization_rating, overall_impression_rating) VALUES ('26', '60', '85', '3', '1', '2', '3', '4');
INSERT INTO REVIEWS (review_id, visitor_id, performance_id, interpretation_rating, sound_lighting_rating, stage_presence_rating, organization_rating, overall_impression_rating) VALUES ('27', '260', '2', '5', '2', '4', '2', '4');
INSERT INTO REVIEWS (review_id, visitor_id, performance_id, interpretation_rating, sound_lighting_rating, stage_presence_rating, organization_rating, overall_impression_rating) VALUES ('28', '5', '7', '2', '1', '5', '1', '2');
INSERT INTO REVIEWS (review_id, visitor_id, performance_id, interpretation_rating, sound_lighting_rating, stage_presence_rating, organization_rating, overall_impression_rating) VALUES ('29', '198', '92', '4', '2', '1', '1', '3');
INSERT INTO REVIEWS (review_id, visitor_id, performance_id, interpretation_rating, sound_lighting_rating, stage_presence_rating, organization_rating, overall_impression_rating) VALUES ('30', '300', '100', '3', '2', '2', '1', '5');
INSERT INTO REVIEWS (review_id, visitor_id, performance_id, interpretation_rating, sound_lighting_rating, stage_presence_rating, organization_rating, overall_impression_rating) VALUES ('31', '83', '81', '1', '5', '1', '4', '3');
INSERT INTO REVIEWS (review_id, visitor_id, performance_id, interpretation_rating, sound_lighting_rating, stage_presence_rating, organization_rating, overall_impression_rating) VALUES ('32', '256', '52', '1', '4', '2', '2', '3');
INSERT INTO REVIEWS (review_id, visitor_id, performance_id, interpretation_rating, sound_lighting_rating, stage_presence_rating, organization_rating, overall_impression_rating) VALUES ('33', '94', '13', '4', '1', '1', '3', '2');
INSERT INTO REVIEWS (review_id, visitor_id, performance_id, interpretation_rating, sound_lighting_rating, stage_presence_rating, organization_rating, overall_impression_rating) VALUES ('34', '299', '99', '2', '1', '2', '2', '1');
INSERT INTO REVIEWS (review_id, visitor_id, performance_id, interpretation_rating, sound_lighting_rating, stage_presence_rating, organization_rating, overall_impression_rating) VALUES ('35', '200', '82', '3', '3', '5', '2', '5');
INSERT INTO REVIEWS (review_id, visitor_id, performance_id, interpretation_rating, sound_lighting_rating, stage_presence_rating, organization_rating, overall_impression_rating) VALUES ('36', '113', '6', '4', '1', '2', '2', '1');
INSERT INTO REVIEWS (review_id, visitor_id, performance_id, interpretation_rating, sound_lighting_rating, stage_presence_rating, organization_rating, overall_impression_rating) VALUES ('37', '49', '35', '3', '1', '4', '2', '4');
INSERT INTO REVIEWS (review_id, visitor_id, performance_id, interpretation_rating, sound_lighting_rating, stage_presence_rating, organization_rating, overall_impression_rating) VALUES ('38', '5', '7', '1', '1', '2', '4', '3');
INSERT INTO REVIEWS (review_id, visitor_id, performance_id, interpretation_rating, sound_lighting_rating, stage_presence_rating, organization_rating, overall_impression_rating) VALUES ('39', '160', '10', '5', '5', '2', '3', '1');
INSERT INTO REVIEWS (review_id, visitor_id, performance_id, interpretation_rating, sound_lighting_rating, stage_presence_rating, organization_rating, overall_impression_rating) VALUES ('40', '285', '76', '3', '4', '1', '3', '1');
INSERT INTO REVIEWS (review_id, visitor_id, performance_id, interpretation_rating, sound_lighting_rating, stage_presence_rating, organization_rating, overall_impression_rating) VALUES ('41', '146', '98', '4', '4', '5', '2', '5');
INSERT INTO REVIEWS (review_id, visitor_id, performance_id, interpretation_rating, sound_lighting_rating, stage_presence_rating, organization_rating, overall_impression_rating) VALUES ('42', '154', '29', '2', '1', '5', '1', '3');
INSERT INTO REVIEWS (review_id, visitor_id, performance_id, interpretation_rating, sound_lighting_rating, stage_presence_rating, organization_rating, overall_impression_rating) VALUES ('43', '298', '7', '5', '1', '1', '2', '3');
INSERT INTO REVIEWS (review_id, visitor_id, performance_id, interpretation_rating, sound_lighting_rating, stage_presence_rating, organization_rating, overall_impression_rating) VALUES ('44', '160', '89', '2', '2', '4', '2', '1');
INSERT INTO REVIEWS (review_id, visitor_id, performance_id, interpretation_rating, sound_lighting_rating, stage_presence_rating, organization_rating, overall_impression_rating) VALUES ('45', '5', '7', '1', '5', '4', '3', '1');
INSERT INTO REVIEWS (review_id, visitor_id, performance_id, interpretation_rating, sound_lighting_rating, stage_presence_rating, organization_rating, overall_impression_rating) VALUES ('46', '194', '70', '3', '3', '2', '2', '5');
INSERT INTO REVIEWS (review_id, visitor_id, performance_id, interpretation_rating, sound_lighting_rating, stage_presence_rating, organization_rating, overall_impression_rating) VALUES ('47', '256', '52', '2', '5', '4', '5', '3');
INSERT INTO REVIEWS (review_id, visitor_id, performance_id, interpretation_rating, sound_lighting_rating, stage_presence_rating, organization_rating, overall_impression_rating) VALUES ('48', '121', '29', '1', '1', '4', '1', '2');
INSERT INTO REVIEWS (review_id, visitor_id, performance_id, interpretation_rating, sound_lighting_rating, stage_presence_rating, organization_rating, overall_impression_rating) VALUES ('49', '256', '52', '2', '2', '1', '2', '5');
INSERT INTO REVIEWS (review_id, visitor_id, performance_id, interpretation_rating, sound_lighting_rating, stage_presence_rating, organization_rating, overall_impression_rating) VALUES ('50', '131', '8', '2', '5', '1', '4', '4');
INSERT INTO REVIEWS (review_id, visitor_id, performance_id, interpretation_rating, sound_lighting_rating, stage_presence_rating, organization_rating, overall_impression_rating) VALUES ('51', '132', '57', '2', '2', '4', '2', '5');
INSERT INTO REVIEWS (review_id, visitor_id, performance_id, interpretation_rating, sound_lighting_rating, stage_presence_rating, organization_rating, overall_impression_rating) VALUES ('52', '185', '64', '5', '4', '2', '3', '4');
INSERT INTO REVIEWS (review_id, visitor_id, performance_id, interpretation_rating, sound_lighting_rating, stage_presence_rating, organization_rating, overall_impression_rating) VALUES ('53', '61', '82', '4', '2', '4', '4', '4');
INSERT INTO REVIEWS (review_id, visitor_id, performance_id, interpretation_rating, sound_lighting_rating, stage_presence_rating, organization_rating, overall_impression_rating) VALUES ('54', '179', '15', '4', '1', '4', '4', '1');
INSERT INTO REVIEWS (review_id, visitor_id, performance_id, interpretation_rating, sound_lighting_rating, stage_presence_rating, organization_rating, overall_impression_rating) VALUES ('55', '58', '37', '5', '2', '3', '4', '4');
INSERT INTO REVIEWS (review_id, visitor_id, performance_id, interpretation_rating, sound_lighting_rating, stage_presence_rating, organization_rating, overall_impression_rating) VALUES ('56', '12', '83', '3', '4', '5', '5', '4');
INSERT INTO REVIEWS (review_id, visitor_id, performance_id, interpretation_rating, sound_lighting_rating, stage_presence_rating, organization_rating, overall_impression_rating) VALUES ('57', '47', '1', '2', '4', '2', '2', '2');
INSERT INTO REVIEWS (review_id, visitor_id, performance_id, interpretation_rating, sound_lighting_rating, stage_presence_rating, organization_rating, overall_impression_rating) VALUES ('58', '49', '35', '4', '4', '4', '4', '3');
INSERT INTO REVIEWS (review_id, visitor_id, performance_id, interpretation_rating, sound_lighting_rating, stage_presence_rating, organization_rating, overall_impression_rating) VALUES ('59', '190', '20', '3', '5', '1', '4', '1');
INSERT INTO REVIEWS (review_id, visitor_id, performance_id, interpretation_rating, sound_lighting_rating, stage_presence_rating, organization_rating, overall_impression_rating) VALUES ('60', '198', '89', '5', '2', '2', '4', '3');
INSERT INTO REVIEWS (review_id, visitor_id, performance_id, interpretation_rating, sound_lighting_rating, stage_presence_rating, organization_rating, overall_impression_rating) VALUES ('61', '274', '57', '3', '1', '4', '4', '2');
INSERT INTO REVIEWS (review_id, visitor_id, performance_id, interpretation_rating, sound_lighting_rating, stage_presence_rating, organization_rating, overall_impression_rating) VALUES ('62', '100', '8', '3', '1', '2', '3', '5');
INSERT INTO REVIEWS (review_id, visitor_id, performance_id, interpretation_rating, sound_lighting_rating, stage_presence_rating, organization_rating, overall_impression_rating) VALUES ('63', '142', '6', '3', '2', '5', '5', '2');
INSERT INTO REVIEWS (review_id, visitor_id, performance_id, interpretation_rating, sound_lighting_rating, stage_presence_rating, organization_rating, overall_impression_rating) VALUES ('64', '49', '25', '1', '4', '4', '5', '1');
INSERT INTO REVIEWS (review_id, visitor_id, performance_id, interpretation_rating, sound_lighting_rating, stage_presence_rating, organization_rating, overall_impression_rating) VALUES ('65', '28', '32', '3', '3', '5', '5', '4');
INSERT INTO REVIEWS (review_id, visitor_id, performance_id, interpretation_rating, sound_lighting_rating, stage_presence_rating, organization_rating, overall_impression_rating) VALUES ('66', '154', '29', '4', '1', '1', '5', '3');
INSERT INTO REVIEWS (review_id, visitor_id, performance_id, interpretation_rating, sound_lighting_rating, stage_presence_rating, organization_rating, overall_impression_rating) VALUES ('67', '83', '64', '2', '4', '3', '1', '2');
INSERT INTO REVIEWS (review_id, visitor_id, performance_id, interpretation_rating, sound_lighting_rating, stage_presence_rating, organization_rating, overall_impression_rating) VALUES ('68', '140', '24', '1', '1', '4', '5', '4');
INSERT INTO REVIEWS (review_id, visitor_id, performance_id, interpretation_rating, sound_lighting_rating, stage_presence_rating, organization_rating, overall_impression_rating) VALUES ('69', '172', '63', '4', '2', '2', '3', '2');
INSERT INTO REVIEWS (review_id, visitor_id, performance_id, interpretation_rating, sound_lighting_rating, stage_presence_rating, organization_rating, overall_impression_rating) VALUES ('70', '292', '62', '2', '5', '1', '4', '5');
INSERT INTO REVIEWS (review_id, visitor_id, performance_id, interpretation_rating, sound_lighting_rating, stage_presence_rating, organization_rating, overall_impression_rating) VALUES ('71', '106', '19', '2', '1', '2', '2', '3');
INSERT INTO REVIEWS (review_id, visitor_id, performance_id, interpretation_rating, sound_lighting_rating, stage_presence_rating, organization_rating, overall_impression_rating) VALUES ('72', '238', '6', '5', '1', '2', '1', '3');
INSERT INTO REVIEWS (review_id, visitor_id, performance_id, interpretation_rating, sound_lighting_rating, stage_presence_rating, organization_rating, overall_impression_rating) VALUES ('73', '153', '79', '1', '3', '1', '3', '1');
INSERT INTO REVIEWS (review_id, visitor_id, performance_id, interpretation_rating, sound_lighting_rating, stage_presence_rating, organization_rating, overall_impression_rating) VALUES ('74', '48', '67', '4', '4', '1', '1', '1');
INSERT INTO REVIEWS (review_id, visitor_id, performance_id, interpretation_rating, sound_lighting_rating, stage_presence_rating, organization_rating, overall_impression_rating) VALUES ('75', '273', '19', '5', '1', '1', '2', '5');
INSERT INTO REVIEWS (review_id, visitor_id, performance_id, interpretation_rating, sound_lighting_rating, stage_presence_rating, organization_rating, overall_impression_rating) VALUES ('76', '213', '70', '3', '4', '4', '3', '5');
INSERT INTO REVIEWS (review_id, visitor_id, performance_id, interpretation_rating, sound_lighting_rating, stage_presence_rating, organization_rating, overall_impression_rating) VALUES ('77', '298', '7', '3', '3', '3', '2', '3');
INSERT INTO REVIEWS (review_id, visitor_id, performance_id, interpretation_rating, sound_lighting_rating, stage_presence_rating, organization_rating, overall_impression_rating) VALUES ('78', '96', '65', '4', '5', '1', '3', '3');
INSERT INTO REVIEWS (review_id, visitor_id, performance_id, interpretation_rating, sound_lighting_rating, stage_presence_rating, organization_rating, overall_impression_rating) VALUES ('79', '3', '25', '4', '4', '2', '1', '5');
INSERT INTO REVIEWS (review_id, visitor_id, performance_id, interpretation_rating, sound_lighting_rating, stage_presence_rating, organization_rating, overall_impression_rating) VALUES ('80', '198', '92', '3', '2', '3', '4', '5');
INSERT INTO REVIEWS (review_id, visitor_id, performance_id, interpretation_rating, sound_lighting_rating, stage_presence_rating, organization_rating, overall_impression_rating) VALUES ('81', '69', '47', '5', '4', '2', '1', '3');
INSERT INTO REVIEWS (review_id, visitor_id, performance_id, interpretation_rating, sound_lighting_rating, stage_presence_rating, organization_rating, overall_impression_rating) VALUES ('82', '85', '82', '1', '3', '4', '2', '5');
INSERT INTO REVIEWS (review_id, visitor_id, performance_id, interpretation_rating, sound_lighting_rating, stage_presence_rating, organization_rating, overall_impression_rating) VALUES ('83', '176', '24', '3', '4', '4', '1', '4');
INSERT INTO REVIEWS (review_id, visitor_id, performance_id, interpretation_rating, sound_lighting_rating, stage_presence_rating, organization_rating, overall_impression_rating) VALUES ('84', '146', '54', '2', '5', '5', '5', '1');
INSERT INTO REVIEWS (review_id, visitor_id, performance_id, interpretation_rating, sound_lighting_rating, stage_presence_rating, organization_rating, overall_impression_rating) VALUES ('85', '260', '24', '1', '3', '5', '4', '2');
INSERT INTO REVIEWS (review_id, visitor_id, performance_id, interpretation_rating, sound_lighting_rating, stage_presence_rating, organization_rating, overall_impression_rating) VALUES ('86', '259', '46', '4', '5', '2', '2', '2');
INSERT INTO REVIEWS (review_id, visitor_id, performance_id, interpretation_rating, sound_lighting_rating, stage_presence_rating, organization_rating, overall_impression_rating) VALUES ('87', '58', '37', '2', '3', '4', '3', '2');
INSERT INTO REVIEWS (review_id, visitor_id, performance_id, interpretation_rating, sound_lighting_rating, stage_presence_rating, organization_rating, overall_impression_rating) VALUES ('88', '243', '86', '1', '2', '5', '4', '1');
INSERT INTO REVIEWS (review_id, visitor_id, performance_id, interpretation_rating, sound_lighting_rating, stage_presence_rating, organization_rating, overall_impression_rating) VALUES ('89', '295', '99', '3', '4', '4', '5', '4');
INSERT INTO REVIEWS (review_id, visitor_id, performance_id, interpretation_rating, sound_lighting_rating, stage_presence_rating, organization_rating, overall_impression_rating) VALUES ('90', '265', '56', '3', '1', '3', '1', '1');
INSERT INTO REVIEWS (review_id, visitor_id, performance_id, interpretation_rating, sound_lighting_rating, stage_presence_rating, organization_rating, overall_impression_rating) VALUES ('91', '292', '8', '1', '5', '3', '2', '3');
INSERT INTO REVIEWS (review_id, visitor_id, performance_id, interpretation_rating, sound_lighting_rating, stage_presence_rating, organization_rating, overall_impression_rating) VALUES ('92', '56', '86', '3', '1', '5', '5', '2');
INSERT INTO REVIEWS (review_id, visitor_id, performance_id, interpretation_rating, sound_lighting_rating, stage_presence_rating, organization_rating, overall_impression_rating) VALUES ('93', '195', '78', '2', '5', '5', '5', '2');
INSERT INTO REVIEWS (review_id, visitor_id, performance_id, interpretation_rating, sound_lighting_rating, stage_presence_rating, organization_rating, overall_impression_rating) VALUES ('94', '58', '17', '5', '4', '3', '2', '3');
INSERT INTO REVIEWS (review_id, visitor_id, performance_id, interpretation_rating, sound_lighting_rating, stage_presence_rating, organization_rating, overall_impression_rating) VALUES ('95', '160', '92', '4', '2', '5', '3', '2');
INSERT INTO REVIEWS (review_id, visitor_id, performance_id, interpretation_rating, sound_lighting_rating, stage_presence_rating, organization_rating, overall_impression_rating) VALUES ('96', '96', '70', '1', '5', '3', '3', '5');
INSERT INTO REVIEWS (review_id, visitor_id, performance_id, interpretation_rating, sound_lighting_rating, stage_presence_rating, organization_rating, overall_impression_rating) VALUES ('97', '198', '89', '5', '4', '2', '4', '3');
INSERT INTO REVIEWS (review_id, visitor_id, performance_id, interpretation_rating, sound_lighting_rating, stage_presence_rating, organization_rating, overall_impression_rating) VALUES ('98', '300', '100', '2', '1', '2', '4', '4');
INSERT INTO REVIEWS (review_id, visitor_id, performance_id, interpretation_rating, sound_lighting_rating, stage_presence_rating, organization_rating, overall_impression_rating) VALUES ('99', '163', '2', '5', '4', '3', '4', '4');
INSERT INTO REVIEWS (review_id, visitor_id, performance_id, interpretation_rating, sound_lighting_rating, stage_presence_rating, organization_rating, overall_impression_rating) VALUES ('100', '274', '57', '4', '1', '5', '3', '3');
INSERT INTO REVIEWS (review_id, visitor_id, performance_id, interpretation_rating, sound_lighting_rating, stage_presence_rating, organization_rating, overall_impression_rating) VALUES ('101', '136', '86', '1', '2', '3', '5', '1');
INSERT INTO REVIEWS (review_id, visitor_id, performance_id, interpretation_rating, sound_lighting_rating, stage_presence_rating, organization_rating, overall_impression_rating) VALUES ('102', '185', '64', '2', '5', '2', '4', '4');
INSERT INTO REVIEWS (review_id, visitor_id, performance_id, interpretation_rating, sound_lighting_rating, stage_presence_rating, organization_rating, overall_impression_rating) VALUES ('103', '113', '6', '2', '1', '3', '5', '1');
INSERT INTO REVIEWS (review_id, visitor_id, performance_id, interpretation_rating, sound_lighting_rating, stage_presence_rating, organization_rating, overall_impression_rating) VALUES ('104', '298', '7', '1', '1', '3', '4', '2');
INSERT INTO REVIEWS (review_id, visitor_id, performance_id, interpretation_rating, sound_lighting_rating, stage_presence_rating, organization_rating, overall_impression_rating) VALUES ('105', '256', '52', '5', '3', '5', '4', '2');
INSERT INTO REVIEWS (review_id, visitor_id, performance_id, interpretation_rating, sound_lighting_rating, stage_presence_rating, organization_rating, overall_impression_rating) VALUES ('106', '32', '79', '1', '1', '2', '4', '4');
INSERT INTO REVIEWS (review_id, visitor_id, performance_id, interpretation_rating, sound_lighting_rating, stage_presence_rating, organization_rating, overall_impression_rating) VALUES ('107', '185', '64', '4', '1', '4', '4', '3');
INSERT INTO REVIEWS (review_id, visitor_id, performance_id, interpretation_rating, sound_lighting_rating, stage_presence_rating, organization_rating, overall_impression_rating) VALUES ('108', '172', '63', '3', '1', '1', '1', '1');
INSERT INTO REVIEWS (review_id, visitor_id, performance_id, interpretation_rating, sound_lighting_rating, stage_presence_rating, organization_rating, overall_impression_rating) VALUES ('109', '198', '89', '5', '2', '1', '5', '5');
INSERT INTO REVIEWS (review_id, visitor_id, performance_id, interpretation_rating, sound_lighting_rating, stage_presence_rating, organization_rating, overall_impression_rating) VALUES ('110', '100', '77', '1', '5', '2', '4', '4');
INSERT INTO REVIEWS (review_id, visitor_id, performance_id, interpretation_rating, sound_lighting_rating, stage_presence_rating, organization_rating, overall_impression_rating) VALUES ('111', '126', '64', '3', '5', '2', '1', '3');
INSERT INTO REVIEWS (review_id, visitor_id, performance_id, interpretation_rating, sound_lighting_rating, stage_presence_rating, organization_rating, overall_impression_rating) VALUES ('112', '32', '79', '4', '5', '5', '5', '4');
INSERT INTO REVIEWS (review_id, visitor_id, performance_id, interpretation_rating, sound_lighting_rating, stage_presence_rating, organization_rating, overall_impression_rating) VALUES ('113', '48', '67', '2', '1', '2', '5', '2');
INSERT INTO REVIEWS (review_id, visitor_id, performance_id, interpretation_rating, sound_lighting_rating, stage_presence_rating, organization_rating, overall_impression_rating) VALUES ('114', '215', '63', '3', '1', '1', '2', '5');
INSERT INTO REVIEWS (review_id, visitor_id, performance_id, interpretation_rating, sound_lighting_rating, stage_presence_rating, organization_rating, overall_impression_rating) VALUES ('115', '172', '37', '1', '5', '3', '1', '1');
INSERT INTO REVIEWS (review_id, visitor_id, performance_id, interpretation_rating, sound_lighting_rating, stage_presence_rating, organization_rating, overall_impression_rating) VALUES ('116', '198', '92', '3', '3', '5', '2', '4');
INSERT INTO REVIEWS (review_id, visitor_id, performance_id, interpretation_rating, sound_lighting_rating, stage_presence_rating, organization_rating, overall_impression_rating) VALUES ('117', '263', '75', '3', '5', '3', '5', '5');
INSERT INTO REVIEWS (review_id, visitor_id, performance_id, interpretation_rating, sound_lighting_rating, stage_presence_rating, organization_rating, overall_impression_rating) VALUES ('118', '203', '27', '1', '1', '2', '1', '2');
INSERT INTO REVIEWS (review_id, visitor_id, performance_id, interpretation_rating, sound_lighting_rating, stage_presence_rating, organization_rating, overall_impression_rating) VALUES ('119', '83', '64', '2', '2', '5', '5', '2');
INSERT INTO REVIEWS (review_id, visitor_id, performance_id, interpretation_rating, sound_lighting_rating, stage_presence_rating, organization_rating, overall_impression_rating) VALUES ('120', '5', '7', '5', '4', '1', '5', '3');
INSERT INTO REVIEWS (review_id, visitor_id, performance_id, interpretation_rating, sound_lighting_rating, stage_presence_rating, organization_rating, overall_impression_rating) VALUES ('121', '56', '86', '4', '4', '1', '3', '4');
INSERT INTO REVIEWS (review_id, visitor_id, performance_id, interpretation_rating, sound_lighting_rating, stage_presence_rating, organization_rating, overall_impression_rating) VALUES ('122', '83', '64', '1', '3', '2', '3', '5');
INSERT INTO REVIEWS (review_id, visitor_id, performance_id, interpretation_rating, sound_lighting_rating, stage_presence_rating, organization_rating, overall_impression_rating) VALUES ('123', '126', '64', '4', '2', '3', '4', '4');
INSERT INTO REVIEWS (review_id, visitor_id, performance_id, interpretation_rating, sound_lighting_rating, stage_presence_rating, organization_rating, overall_impression_rating) VALUES ('124', '213', '22', '1', '3', '1', '5', '1');
INSERT INTO REVIEWS (review_id, visitor_id, performance_id, interpretation_rating, sound_lighting_rating, stage_presence_rating, organization_rating, overall_impression_rating) VALUES ('125', '69', '47', '1', '3', '1', '3', '3');
INSERT INTO REVIEWS (review_id, visitor_id, performance_id, interpretation_rating, sound_lighting_rating, stage_presence_rating, organization_rating, overall_impression_rating) VALUES ('126', '26', '14', '2', '3', '1', '1', '4');
INSERT INTO REVIEWS (review_id, visitor_id, performance_id, interpretation_rating, sound_lighting_rating, stage_presence_rating, organization_rating, overall_impression_rating) VALUES ('127', '198', '10', '5', '3', '5', '4', '1');
INSERT INTO REVIEWS (review_id, visitor_id, performance_id, interpretation_rating, sound_lighting_rating, stage_presence_rating, organization_rating, overall_impression_rating) VALUES ('128', '181', '35', '5', '3', '5', '3', '5');
INSERT INTO REVIEWS (review_id, visitor_id, performance_id, interpretation_rating, sound_lighting_rating, stage_presence_rating, organization_rating, overall_impression_rating) VALUES ('129', '3', '25', '2', '3', '4', '2', '3');
INSERT INTO REVIEWS (review_id, visitor_id, performance_id, interpretation_rating, sound_lighting_rating, stage_presence_rating, organization_rating, overall_impression_rating) VALUES ('130', '233', '90', '4', '5', '2', '3', '1');
INSERT INTO REVIEWS (review_id, visitor_id, performance_id, interpretation_rating, sound_lighting_rating, stage_presence_rating, organization_rating, overall_impression_rating) VALUES ('131', '69', '44', '2', '2', '4', '5', '3');
INSERT INTO REVIEWS (review_id, visitor_id, performance_id, interpretation_rating, sound_lighting_rating, stage_presence_rating, organization_rating, overall_impression_rating) VALUES ('132', '256', '52', '2', '5', '4', '4', '2');
INSERT INTO REVIEWS (review_id, visitor_id, performance_id, interpretation_rating, sound_lighting_rating, stage_presence_rating, organization_rating, overall_impression_rating) VALUES ('133', '111', '91', '5', '3', '3', '4', '5');
INSERT INTO REVIEWS (review_id, visitor_id, performance_id, interpretation_rating, sound_lighting_rating, stage_presence_rating, organization_rating, overall_impression_rating) VALUES ('134', '194', '65', '1', '3', '4', '3', '1');
INSERT INTO REVIEWS (review_id, visitor_id, performance_id, interpretation_rating, sound_lighting_rating, stage_presence_rating, organization_rating, overall_impression_rating) VALUES ('135', '285', '13', '1', '2', '1', '2', '5');
INSERT INTO REVIEWS (review_id, visitor_id, performance_id, interpretation_rating, sound_lighting_rating, stage_presence_rating, organization_rating, overall_impression_rating) VALUES ('136', '249', '54', '3', '5', '4', '1', '4');
INSERT INTO REVIEWS (review_id, visitor_id, performance_id, interpretation_rating, sound_lighting_rating, stage_presence_rating, organization_rating, overall_impression_rating) VALUES ('137', '203', '27', '4', '4', '5', '5', '1');
INSERT INTO REVIEWS (review_id, visitor_id, performance_id, interpretation_rating, sound_lighting_rating, stage_presence_rating, organization_rating, overall_impression_rating) VALUES ('138', '32', '79', '5', '2', '1', '4', '5');
INSERT INTO REVIEWS (review_id, visitor_id, performance_id, interpretation_rating, sound_lighting_rating, stage_presence_rating, organization_rating, overall_impression_rating) VALUES ('139', '29', '1', '5', '5', '1', '5', '4');
INSERT INTO REVIEWS (review_id, visitor_id, performance_id, interpretation_rating, sound_lighting_rating, stage_presence_rating, organization_rating, overall_impression_rating) VALUES ('140', '88', '17', '2', '1', '3', '2', '5');
INSERT INTO REVIEWS (review_id, visitor_id, performance_id, interpretation_rating, sound_lighting_rating, stage_presence_rating, organization_rating, overall_impression_rating) VALUES ('141', '111', '15', '4', '4', '4', '2', '3');
INSERT INTO REVIEWS (review_id, visitor_id, performance_id, interpretation_rating, sound_lighting_rating, stage_presence_rating, organization_rating, overall_impression_rating) VALUES ('142', '247', '80', '2', '5', '1', '3', '3');
INSERT INTO REVIEWS (review_id, visitor_id, performance_id, interpretation_rating, sound_lighting_rating, stage_presence_rating, organization_rating, overall_impression_rating) VALUES ('143', '148', '82', '3', '2', '1', '5', '4');
INSERT INTO REVIEWS (review_id, visitor_id, performance_id, interpretation_rating, sound_lighting_rating, stage_presence_rating, organization_rating, overall_impression_rating) VALUES ('144', '83', '81', '5', '1', '4', '5', '4');
INSERT INTO REVIEWS (review_id, visitor_id, performance_id, interpretation_rating, sound_lighting_rating, stage_presence_rating, organization_rating, overall_impression_rating) VALUES ('145', '249', '62', '1', '5', '4', '3', '3');
INSERT INTO REVIEWS (review_id, visitor_id, performance_id, interpretation_rating, sound_lighting_rating, stage_presence_rating, organization_rating, overall_impression_rating) VALUES ('146', '111', '15', '1', '3', '2', '4', '3');
INSERT INTO REVIEWS (review_id, visitor_id, performance_id, interpretation_rating, sound_lighting_rating, stage_presence_rating, organization_rating, overall_impression_rating) VALUES ('147', '72', '71', '4', '4', '2', '1', '5');
INSERT INTO REVIEWS (review_id, visitor_id, performance_id, interpretation_rating, sound_lighting_rating, stage_presence_rating, organization_rating, overall_impression_rating) VALUES ('148', '298', '13', '4', '1', '4', '1', '2');
INSERT INTO REVIEWS (review_id, visitor_id, performance_id, interpretation_rating, sound_lighting_rating, stage_presence_rating, organization_rating, overall_impression_rating) VALUES ('149', '173', '50', '4', '4', '3', '3', '3');
INSERT INTO REVIEWS (review_id, visitor_id, performance_id, interpretation_rating, sound_lighting_rating, stage_presence_rating, organization_rating, overall_impression_rating) VALUES ('150', '298', '7', '5', '3', '1', '4', '4');
INSERT INTO REVIEWS (review_id, visitor_id, performance_id, interpretation_rating, sound_lighting_rating, stage_presence_rating, organization_rating, overall_impression_rating) VALUES ('151', '263', '73', '4', '1', '3', '2', '1');
INSERT INTO REVIEWS (review_id, visitor_id, performance_id, interpretation_rating, sound_lighting_rating, stage_presence_rating, organization_rating, overall_impression_rating) VALUES ('152', '275', '14', '2', '4', '4', '3', '1');
INSERT INTO REVIEWS (review_id, visitor_id, performance_id, interpretation_rating, sound_lighting_rating, stage_presence_rating, organization_rating, overall_impression_rating) VALUES ('153', '96', '22', '4', '3', '1', '4', '4');
INSERT INTO REVIEWS (review_id, visitor_id, performance_id, interpretation_rating, sound_lighting_rating, stage_presence_rating, organization_rating, overall_impression_rating) VALUES ('154', '131', '77', '2', '3', '4', '5', '4');
INSERT INTO REVIEWS (review_id, visitor_id, performance_id, interpretation_rating, sound_lighting_rating, stage_presence_rating, organization_rating, overall_impression_rating) VALUES ('155', '53', '30', '1', '1', '2', '2', '3');
INSERT INTO REVIEWS (review_id, visitor_id, performance_id, interpretation_rating, sound_lighting_rating, stage_presence_rating, organization_rating, overall_impression_rating) VALUES ('156', '34', '55', '2', '1', '3', '4', '5');
INSERT INTO REVIEWS (review_id, visitor_id, performance_id, interpretation_rating, sound_lighting_rating, stage_presence_rating, organization_rating, overall_impression_rating) VALUES ('157', '72', '94', '4', '3', '3', '4', '1');
INSERT INTO REVIEWS (review_id, visitor_id, performance_id, interpretation_rating, sound_lighting_rating, stage_presence_rating, organization_rating, overall_impression_rating) VALUES ('158', '298', '7', '5', '2', '5', '2', '2');
INSERT INTO REVIEWS (review_id, visitor_id, performance_id, interpretation_rating, sound_lighting_rating, stage_presence_rating, organization_rating, overall_impression_rating) VALUES ('159', '5', '7', '3', '2', '4', '2', '4');
INSERT INTO REVIEWS (review_id, visitor_id, performance_id, interpretation_rating, sound_lighting_rating, stage_presence_rating, organization_rating, overall_impression_rating) VALUES ('160', '34', '55', '2', '5', '2', '2', '1');
INSERT INTO REVIEWS (review_id, visitor_id, performance_id, interpretation_rating, sound_lighting_rating, stage_presence_rating, organization_rating, overall_impression_rating) VALUES ('161', '53', '30', '1', '3', '2', '2', '4');
INSERT INTO REVIEWS (review_id, visitor_id, performance_id, interpretation_rating, sound_lighting_rating, stage_presence_rating, organization_rating, overall_impression_rating) VALUES ('162', '85', '82', '1', '1', '4', '4', '5');
INSERT INTO REVIEWS (review_id, visitor_id, performance_id, interpretation_rating, sound_lighting_rating, stage_presence_rating, organization_rating, overall_impression_rating) VALUES ('163', '12', '45', '2', '3', '4', '4', '1');
INSERT INTO REVIEWS (review_id, visitor_id, performance_id, interpretation_rating, sound_lighting_rating, stage_presence_rating, organization_rating, overall_impression_rating) VALUES ('164', '203', '27', '1', '3', '1', '3', '3');
INSERT INTO REVIEWS (review_id, visitor_id, performance_id, interpretation_rating, sound_lighting_rating, stage_presence_rating, organization_rating, overall_impression_rating) VALUES ('165', '5', '7', '4', '2', '3', '1', '2');
INSERT INTO REVIEWS (review_id, visitor_id, performance_id, interpretation_rating, sound_lighting_rating, stage_presence_rating, organization_rating, overall_impression_rating) VALUES ('166', '160', '23', '1', '3', '2', '3', '4');
INSERT INTO REVIEWS (review_id, visitor_id, performance_id, interpretation_rating, sound_lighting_rating, stage_presence_rating, organization_rating, overall_impression_rating) VALUES ('167', '5', '7', '4', '2', '3', '4', '3');
INSERT INTO REVIEWS (review_id, visitor_id, performance_id, interpretation_rating, sound_lighting_rating, stage_presence_rating, organization_rating, overall_impression_rating) VALUES ('168', '185', '64', '1', '1', '5', '2', '3');
INSERT INTO REVIEWS (review_id, visitor_id, performance_id, interpretation_rating, sound_lighting_rating, stage_presence_rating, organization_rating, overall_impression_rating) VALUES ('169', '61', '82', '5', '5', '5', '3', '2');
INSERT INTO REVIEWS (review_id, visitor_id, performance_id, interpretation_rating, sound_lighting_rating, stage_presence_rating, organization_rating, overall_impression_rating) VALUES ('170', '99', '40', '2', '5', '4', '1', '1');
INSERT INTO REVIEWS (review_id, visitor_id, performance_id, interpretation_rating, sound_lighting_rating, stage_presence_rating, organization_rating, overall_impression_rating) VALUES ('171', '53', '30', '1', '5', '2', '2', '4');
INSERT INTO REVIEWS (review_id, visitor_id, performance_id, interpretation_rating, sound_lighting_rating, stage_presence_rating, organization_rating, overall_impression_rating) VALUES ('172', '3', '25', '5', '5', '3', '3', '4');
INSERT INTO REVIEWS (review_id, visitor_id, performance_id, interpretation_rating, sound_lighting_rating, stage_presence_rating, organization_rating, overall_impression_rating) VALUES ('173', '300', '100', '2', '2', '4', '5', '3');
INSERT INTO REVIEWS (review_id, visitor_id, performance_id, interpretation_rating, sound_lighting_rating, stage_presence_rating, organization_rating, overall_impression_rating) VALUES ('174', '29', '1', '4', '1', '4', '1', '4');
INSERT INTO REVIEWS (review_id, visitor_id, performance_id, interpretation_rating, sound_lighting_rating, stage_presence_rating, organization_rating, overall_impression_rating) VALUES ('175', '57', '76', '1', '2', '5', '3', '2');
INSERT INTO REVIEWS (review_id, visitor_id, performance_id, interpretation_rating, sound_lighting_rating, stage_presence_rating, organization_rating, overall_impression_rating) VALUES ('176', '58', '40', '5', '5', '1', '2', '4');
INSERT INTO REVIEWS (review_id, visitor_id, performance_id, interpretation_rating, sound_lighting_rating, stage_presence_rating, organization_rating, overall_impression_rating) VALUES ('177', '203', '27', '5', '4', '4', '5', '3');
INSERT INTO REVIEWS (review_id, visitor_id, performance_id, interpretation_rating, sound_lighting_rating, stage_presence_rating, organization_rating, overall_impression_rating) VALUES ('178', '163', '2', '5', '1', '5', '4', '5');
INSERT INTO REVIEWS (review_id, visitor_id, performance_id, interpretation_rating, sound_lighting_rating, stage_presence_rating, organization_rating, overall_impression_rating) VALUES ('179', '57', '41', '3', '2', '3', '3', '5');
INSERT INTO REVIEWS (review_id, visitor_id, performance_id, interpretation_rating, sound_lighting_rating, stage_presence_rating, organization_rating, overall_impression_rating) VALUES ('180', '295', '99', '5', '2', '3', '1', '2');
INSERT INTO REVIEWS (review_id, visitor_id, performance_id, interpretation_rating, sound_lighting_rating, stage_presence_rating, organization_rating, overall_impression_rating) VALUES ('181', '5', '7', '3', '1', '2', '2', '5');
INSERT INTO REVIEWS (review_id, visitor_id, performance_id, interpretation_rating, sound_lighting_rating, stage_presence_rating, organization_rating, overall_impression_rating) VALUES ('182', '238', '79', '3', '5', '3', '3', '1');
INSERT INTO REVIEWS (review_id, visitor_id, performance_id, interpretation_rating, sound_lighting_rating, stage_presence_rating, organization_rating, overall_impression_rating) VALUES ('183', '131', '77', '2', '4', '5', '3', '3');
INSERT INTO REVIEWS (review_id, visitor_id, performance_id, interpretation_rating, sound_lighting_rating, stage_presence_rating, organization_rating, overall_impression_rating) VALUES ('184', '249', '98', '1', '3', '2', '3', '2');
INSERT INTO REVIEWS (review_id, visitor_id, performance_id, interpretation_rating, sound_lighting_rating, stage_presence_rating, organization_rating, overall_impression_rating) VALUES ('185', '243', '86', '5', '5', '1', '4', '3');
INSERT INTO REVIEWS (review_id, visitor_id, performance_id, interpretation_rating, sound_lighting_rating, stage_presence_rating, organization_rating, overall_impression_rating) VALUES ('186', '285', '76', '5', '2', '4', '2', '3');
INSERT INTO REVIEWS (review_id, visitor_id, performance_id, interpretation_rating, sound_lighting_rating, stage_presence_rating, organization_rating, overall_impression_rating) VALUES ('187', '273', '19', '5', '4', '2', '4', '2');
INSERT INTO REVIEWS (review_id, visitor_id, performance_id, interpretation_rating, sound_lighting_rating, stage_presence_rating, organization_rating, overall_impression_rating) VALUES ('188', '58', '63', '2', '4', '1', '4', '2');
INSERT INTO REVIEWS (review_id, visitor_id, performance_id, interpretation_rating, sound_lighting_rating, stage_presence_rating, organization_rating, overall_impression_rating) VALUES ('189', '150', '30', '2', '2', '5', '4', '2');
INSERT INTO REVIEWS (review_id, visitor_id, performance_id, interpretation_rating, sound_lighting_rating, stage_presence_rating, organization_rating, overall_impression_rating) VALUES ('190', '126', '64', '1', '3', '2', '2', '4');
INSERT INTO REVIEWS (review_id, visitor_id, performance_id, interpretation_rating, sound_lighting_rating, stage_presence_rating, organization_rating, overall_impression_rating) VALUES ('191', '69', '44', '1', '2', '1', '4', '2');
INSERT INTO REVIEWS (review_id, visitor_id, performance_id, interpretation_rating, sound_lighting_rating, stage_presence_rating, organization_rating, overall_impression_rating) VALUES ('192', '142', '6', '1', '5', '2', '1', '5');
INSERT INTO REVIEWS (review_id, visitor_id, performance_id, interpretation_rating, sound_lighting_rating, stage_presence_rating, organization_rating, overall_impression_rating) VALUES ('193', '3', '35', '4', '1', '1', '1', '1');
INSERT INTO REVIEWS (review_id, visitor_id, performance_id, interpretation_rating, sound_lighting_rating, stage_presence_rating, organization_rating, overall_impression_rating) VALUES ('194', '53', '30', '1', '3', '2', '5', '1');
INSERT INTO REVIEWS (review_id, visitor_id, performance_id, interpretation_rating, sound_lighting_rating, stage_presence_rating, organization_rating, overall_impression_rating) VALUES ('195', '72', '71', '5', '3', '1', '2', '2');
INSERT INTO REVIEWS (review_id, visitor_id, performance_id, interpretation_rating, sound_lighting_rating, stage_presence_rating, organization_rating, overall_impression_rating) VALUES ('196', '100', '77', '2', '3', '3', '4', '2');
INSERT INTO REVIEWS (review_id, visitor_id, performance_id, interpretation_rating, sound_lighting_rating, stage_presence_rating, organization_rating, overall_impression_rating) VALUES ('197', '249', '98', '3', '5', '1', '1', '1');
INSERT INTO REVIEWS (review_id, visitor_id, performance_id, interpretation_rating, sound_lighting_rating, stage_presence_rating, organization_rating, overall_impression_rating) VALUES ('198', '189', '46', '1', '5', '4', '2', '1');
INSERT INTO REVIEWS (review_id, visitor_id, performance_id, interpretation_rating, sound_lighting_rating, stage_presence_rating, organization_rating, overall_impression_rating) VALUES ('199', '295', '99', '2', '4', '4', '2', '3');
INSERT INTO REVIEWS (review_id, visitor_id, performance_id, interpretation_rating, sound_lighting_rating, stage_presence_rating, organization_rating, overall_impression_rating) VALUES ('200', '172', '63', '2', '4', '1', '4', '2');
INSERT INTO REVIEWS (review_id, visitor_id, performance_id, interpretation_rating, sound_lighting_rating, stage_presence_rating, organization_rating, overall_impression_rating) VALUES ('201', '247', '80', '1', '3', '3', '1', '5');
INSERT INTO REVIEWS (review_id, visitor_id, performance_id, interpretation_rating, sound_lighting_rating, stage_presence_rating, organization_rating, overall_impression_rating) VALUES ('202', '61', '82', '1', '5', '2', '2', '4');
INSERT INTO REVIEWS (review_id, visitor_id, performance_id, interpretation_rating, sound_lighting_rating, stage_presence_rating, organization_rating, overall_impression_rating) VALUES ('203', '181', '35', '5', '2', '4', '2', '3');
INSERT INTO REVIEWS (review_id, visitor_id, performance_id, interpretation_rating, sound_lighting_rating, stage_presence_rating, organization_rating, overall_impression_rating) VALUES ('204', '151', '91', '3', '1', '3', '4', '3');
INSERT INTO REVIEWS (review_id, visitor_id, performance_id, interpretation_rating, sound_lighting_rating, stage_presence_rating, organization_rating, overall_impression_rating) VALUES ('205', '89', '88', '2', '2', '3', '2', '4');
INSERT INTO REVIEWS (review_id, visitor_id, performance_id, interpretation_rating, sound_lighting_rating, stage_presence_rating, organization_rating, overall_impression_rating) VALUES ('206', '259', '46', '1', '1', '5', '4', '3');
INSERT INTO REVIEWS (review_id, visitor_id, performance_id, interpretation_rating, sound_lighting_rating, stage_presence_rating, organization_rating, overall_impression_rating) VALUES ('207', '94', '41', '2', '2', '4', '3', '3');
INSERT INTO REVIEWS (review_id, visitor_id, performance_id, interpretation_rating, sound_lighting_rating, stage_presence_rating, organization_rating, overall_impression_rating) VALUES ('208', '148', '82', '5', '3', '2', '2', '4');
INSERT INTO REVIEWS (review_id, visitor_id, performance_id, interpretation_rating, sound_lighting_rating, stage_presence_rating, organization_rating, overall_impression_rating) VALUES ('209', '131', '77', '5', '5', '4', '5', '5');
INSERT INTO REVIEWS (review_id, visitor_id, performance_id, interpretation_rating, sound_lighting_rating, stage_presence_rating, organization_rating, overall_impression_rating) VALUES ('210', '194', '65', '1', '5', '4', '5', '5');
INSERT INTO REVIEWS (review_id, visitor_id, performance_id, interpretation_rating, sound_lighting_rating, stage_presence_rating, organization_rating, overall_impression_rating) VALUES ('211', '61', '82', '2', '1', '3', '5', '4');
INSERT INTO REVIEWS (review_id, visitor_id, performance_id, interpretation_rating, sound_lighting_rating, stage_presence_rating, organization_rating, overall_impression_rating) VALUES ('212', '247', '80', '3', '3', '2', '3', '4');
INSERT INTO REVIEWS (review_id, visitor_id, performance_id, interpretation_rating, sound_lighting_rating, stage_presence_rating, organization_rating, overall_impression_rating) VALUES ('213', '83', '64', '2', '2', '2', '1', '2');
INSERT INTO REVIEWS (review_id, visitor_id, performance_id, interpretation_rating, sound_lighting_rating, stage_presence_rating, organization_rating, overall_impression_rating) VALUES ('214', '83', '64', '1', '4', '3', '1', '1');
INSERT INTO REVIEWS (review_id, visitor_id, performance_id, interpretation_rating, sound_lighting_rating, stage_presence_rating, organization_rating, overall_impression_rating) VALUES ('215', '47', '1', '5', '2', '1', '2', '3');
INSERT INTO REVIEWS (review_id, visitor_id, performance_id, interpretation_rating, sound_lighting_rating, stage_presence_rating, organization_rating, overall_impression_rating) VALUES ('216', '83', '64', '2', '1', '1', '5', '4');
INSERT INTO REVIEWS (review_id, visitor_id, performance_id, interpretation_rating, sound_lighting_rating, stage_presence_rating, organization_rating, overall_impression_rating) VALUES ('217', '101', '54', '4', '2', '5', '3', '4');
INSERT INTO REVIEWS (review_id, visitor_id, performance_id, interpretation_rating, sound_lighting_rating, stage_presence_rating, organization_rating, overall_impression_rating) VALUES ('218', '162', '35', '4', '1', '3', '1', '2');
INSERT INTO REVIEWS (review_id, visitor_id, performance_id, interpretation_rating, sound_lighting_rating, stage_presence_rating, organization_rating, overall_impression_rating) VALUES ('219', '274', '100', '5', '2', '5', '2', '1');
INSERT INTO REVIEWS (review_id, visitor_id, performance_id, interpretation_rating, sound_lighting_rating, stage_presence_rating, organization_rating, overall_impression_rating) VALUES ('220', '58', '40', '4', '5', '3', '5', '5');
INSERT INTO REVIEWS (review_id, visitor_id, performance_id, interpretation_rating, sound_lighting_rating, stage_presence_rating, organization_rating, overall_impression_rating) VALUES ('221', '12', '45', '4', '2', '3', '1', '5');
INSERT INTO REVIEWS (review_id, visitor_id, performance_id, interpretation_rating, sound_lighting_rating, stage_presence_rating, organization_rating, overall_impression_rating) VALUES ('222', '260', '24', '4', '5', '1', '2', '4');
INSERT INTO REVIEWS (review_id, visitor_id, performance_id, interpretation_rating, sound_lighting_rating, stage_presence_rating, organization_rating, overall_impression_rating) VALUES ('223', '213', '22', '4', '4', '3', '4', '4');
INSERT INTO REVIEWS (review_id, visitor_id, performance_id, interpretation_rating, sound_lighting_rating, stage_presence_rating, organization_rating, overall_impression_rating) VALUES ('224', '28', '9', '3', '4', '2', '3', '1');
INSERT INTO REVIEWS (review_id, visitor_id, performance_id, interpretation_rating, sound_lighting_rating, stage_presence_rating, organization_rating, overall_impression_rating) VALUES ('225', '89', '88', '5', '3', '1', '2', '3');
INSERT INTO REVIEWS (review_id, visitor_id, performance_id, interpretation_rating, sound_lighting_rating, stage_presence_rating, organization_rating, overall_impression_rating) VALUES ('226', '106', '80', '1', '2', '5', '1', '3');
INSERT INTO REVIEWS (review_id, visitor_id, performance_id, interpretation_rating, sound_lighting_rating, stage_presence_rating, organization_rating, overall_impression_rating) VALUES ('227', '233', '42', '1', '2', '3', '1', '5');
INSERT INTO REVIEWS (review_id, visitor_id, performance_id, interpretation_rating, sound_lighting_rating, stage_presence_rating, organization_rating, overall_impression_rating) VALUES ('228', '148', '82', '1', '3', '1', '3', '1');
INSERT INTO REVIEWS (review_id, visitor_id, performance_id, interpretation_rating, sound_lighting_rating, stage_presence_rating, organization_rating, overall_impression_rating) VALUES ('229', '275', '95', '5', '2', '3', '4', '3');
INSERT INTO REVIEWS (review_id, visitor_id, performance_id, interpretation_rating, sound_lighting_rating, stage_presence_rating, organization_rating, overall_impression_rating) VALUES ('230', '53', '30', '3', '4', '5', '1', '5');
INSERT INTO REVIEWS (review_id, visitor_id, performance_id, interpretation_rating, sound_lighting_rating, stage_presence_rating, organization_rating, overall_impression_rating) VALUES ('231', '101', '54', '5', '4', '4', '5', '1');
INSERT INTO REVIEWS (review_id, visitor_id, performance_id, interpretation_rating, sound_lighting_rating, stage_presence_rating, organization_rating, overall_impression_rating) VALUES ('232', '101', '98', '4', '1', '1', '2', '2');
INSERT INTO REVIEWS (review_id, visitor_id, performance_id, interpretation_rating, sound_lighting_rating, stage_presence_rating, organization_rating, overall_impression_rating) VALUES ('233', '299', '99', '2', '5', '5', '5', '5');
INSERT INTO REVIEWS (review_id, visitor_id, performance_id, interpretation_rating, sound_lighting_rating, stage_presence_rating, organization_rating, overall_impression_rating) VALUES ('234', '292', '77', '2', '3', '3', '3', '5');
INSERT INTO REVIEWS (review_id, visitor_id, performance_id, interpretation_rating, sound_lighting_rating, stage_presence_rating, organization_rating, overall_impression_rating) VALUES ('235', '179', '15', '4', '2', '2', '5', '5');
INSERT INTO REVIEWS (review_id, visitor_id, performance_id, interpretation_rating, sound_lighting_rating, stage_presence_rating, organization_rating, overall_impression_rating) VALUES ('236', '89', '88', '5', '4', '1', '1', '2');
INSERT INTO REVIEWS (review_id, visitor_id, performance_id, interpretation_rating, sound_lighting_rating, stage_presence_rating, organization_rating, overall_impression_rating) VALUES ('237', '132', '57', '4', '1', '4', '3', '2');
INSERT INTO REVIEWS (review_id, visitor_id, performance_id, interpretation_rating, sound_lighting_rating, stage_presence_rating, organization_rating, overall_impression_rating) VALUES ('238', '260', '28', '5', '3', '3', '1', '1');
INSERT INTO REVIEWS (review_id, visitor_id, performance_id, interpretation_rating, sound_lighting_rating, stage_presence_rating, organization_rating, overall_impression_rating) VALUES ('239', '150', '30', '4', '3', '4', '2', '1');
INSERT INTO REVIEWS (review_id, visitor_id, performance_id, interpretation_rating, sound_lighting_rating, stage_presence_rating, organization_rating, overall_impression_rating) VALUES ('240', '224', '59', '1', '3', '3', '4', '4');
INSERT INTO REVIEWS (review_id, visitor_id, performance_id, interpretation_rating, sound_lighting_rating, stage_presence_rating, organization_rating, overall_impression_rating) VALUES ('241', '299', '99', '4', '3', '5', '5', '3');
INSERT INTO REVIEWS (review_id, visitor_id, performance_id, interpretation_rating, sound_lighting_rating, stage_presence_rating, organization_rating, overall_impression_rating) VALUES ('242', '237', '51', '4', '5', '4', '3', '1');
INSERT INTO REVIEWS (review_id, visitor_id, performance_id, interpretation_rating, sound_lighting_rating, stage_presence_rating, organization_rating, overall_impression_rating) VALUES ('243', '274', '100', '2', '5', '1', '2', '1');
INSERT INTO REVIEWS (review_id, visitor_id, performance_id, interpretation_rating, sound_lighting_rating, stage_presence_rating, organization_rating, overall_impression_rating) VALUES ('244', '163', '28', '1', '2', '4', '4', '1');
INSERT INTO REVIEWS (review_id, visitor_id, performance_id, interpretation_rating, sound_lighting_rating, stage_presence_rating, organization_rating, overall_impression_rating) VALUES ('245', '274', '57', '4', '5', '4', '1', '1');
INSERT INTO REVIEWS (review_id, visitor_id, performance_id, interpretation_rating, sound_lighting_rating, stage_presence_rating, organization_rating, overall_impression_rating) VALUES ('246', '121', '29', '4', '4', '2', '4', '3');
INSERT INTO REVIEWS (review_id, visitor_id, performance_id, interpretation_rating, sound_lighting_rating, stage_presence_rating, organization_rating, overall_impression_rating) VALUES ('247', '195', '78', '5', '4', '2', '4', '1');
INSERT INTO REVIEWS (review_id, visitor_id, performance_id, interpretation_rating, sound_lighting_rating, stage_presence_rating, organization_rating, overall_impression_rating) VALUES ('248', '5', '7', '1', '5', '2', '4', '2');
INSERT INTO REVIEWS (review_id, visitor_id, performance_id, interpretation_rating, sound_lighting_rating, stage_presence_rating, organization_rating, overall_impression_rating) VALUES ('249', '22', '36', '3', '5', '1', '5', '4');
INSERT INTO REVIEWS (review_id, visitor_id, performance_id, interpretation_rating, sound_lighting_rating, stage_presence_rating, organization_rating, overall_impression_rating) VALUES ('250', '61', '82', '4', '2', '1', '2', '1');
INSERT INTO REVIEWS (review_id, visitor_id, performance_id, interpretation_rating, sound_lighting_rating, stage_presence_rating, organization_rating, overall_impression_rating) VALUES ('251', '69', '47', '3', '3', '2', '1', '2');
INSERT INTO REVIEWS (review_id, visitor_id, performance_id, interpretation_rating, sound_lighting_rating, stage_presence_rating, organization_rating, overall_impression_rating) VALUES ('252', '260', '28', '4', '1', '3', '4', '4');
INSERT INTO REVIEWS (review_id, visitor_id, performance_id, interpretation_rating, sound_lighting_rating, stage_presence_rating, organization_rating, overall_impression_rating) VALUES ('253', '57', '13', '3', '2', '1', '1', '4');
INSERT INTO REVIEWS (review_id, visitor_id, performance_id, interpretation_rating, sound_lighting_rating, stage_presence_rating, organization_rating, overall_impression_rating) VALUES ('254', '292', '77', '2', '2', '3', '4', '4');
INSERT INTO REVIEWS (review_id, visitor_id, performance_id, interpretation_rating, sound_lighting_rating, stage_presence_rating, organization_rating, overall_impression_rating) VALUES ('255', '152', '2', '4', '3', '5', '4', '1');
INSERT INTO REVIEWS (review_id, visitor_id, performance_id, interpretation_rating, sound_lighting_rating, stage_presence_rating, organization_rating, overall_impression_rating) VALUES ('256', '58', '37', '1', '5', '5', '2', '3');
INSERT INTO REVIEWS (review_id, visitor_id, performance_id, interpretation_rating, sound_lighting_rating, stage_presence_rating, organization_rating, overall_impression_rating) VALUES ('257', '96', '70', '3', '1', '2', '4', '2');
INSERT INTO REVIEWS (review_id, visitor_id, performance_id, interpretation_rating, sound_lighting_rating, stage_presence_rating, organization_rating, overall_impression_rating) VALUES ('258', '160', '89', '1', '4', '3', '5', '1');
INSERT INTO REVIEWS (review_id, visitor_id, performance_id, interpretation_rating, sound_lighting_rating, stage_presence_rating, organization_rating, overall_impression_rating) VALUES ('259', '198', '12', '4', '5', '1', '1', '2');
INSERT INTO REVIEWS (review_id, visitor_id, performance_id, interpretation_rating, sound_lighting_rating, stage_presence_rating, organization_rating, overall_impression_rating) VALUES ('260', '189', '46', '5', '4', '2', '3', '2');
INSERT INTO REVIEWS (review_id, visitor_id, performance_id, interpretation_rating, sound_lighting_rating, stage_presence_rating, organization_rating, overall_impression_rating) VALUES ('261', '205', '49', '3', '3', '1', '3', '3');
INSERT INTO REVIEWS (review_id, visitor_id, performance_id, interpretation_rating, sound_lighting_rating, stage_presence_rating, organization_rating, overall_impression_rating) VALUES ('262', '34', '55', '4', '4', '4', '4', '3');
INSERT INTO REVIEWS (review_id, visitor_id, performance_id, interpretation_rating, sound_lighting_rating, stage_presence_rating, organization_rating, overall_impression_rating) VALUES ('263', '111', '91', '5', '3', '1', '2', '4');
INSERT INTO REVIEWS (review_id, visitor_id, performance_id, interpretation_rating, sound_lighting_rating, stage_presence_rating, organization_rating, overall_impression_rating) VALUES ('264', '298', '7', '2', '5', '5', '2', '5');
INSERT INTO REVIEWS (review_id, visitor_id, performance_id, interpretation_rating, sound_lighting_rating, stage_presence_rating, organization_rating, overall_impression_rating) VALUES ('265', '58', '63', '3', '4', '3', '5', '1');
INSERT INTO REVIEWS (review_id, visitor_id, performance_id, interpretation_rating, sound_lighting_rating, stage_presence_rating, organization_rating, overall_impression_rating) VALUES ('266', '99', '17', '5', '4', '1', '4', '5');
INSERT INTO REVIEWS (review_id, visitor_id, performance_id, interpretation_rating, sound_lighting_rating, stage_presence_rating, organization_rating, overall_impression_rating) VALUES ('267', '189', '46', '4', '5', '5', '1', '3');
INSERT INTO REVIEWS (review_id, visitor_id, performance_id, interpretation_rating, sound_lighting_rating, stage_presence_rating, organization_rating, overall_impression_rating) VALUES ('268', '106', '19', '4', '5', '4', '1', '2');
INSERT INTO REVIEWS (review_id, visitor_id, performance_id, interpretation_rating, sound_lighting_rating, stage_presence_rating, organization_rating, overall_impression_rating) VALUES ('269', '230', '17', '3', '4', '4', '4', '1');
INSERT INTO REVIEWS (review_id, visitor_id, performance_id, interpretation_rating, sound_lighting_rating, stage_presence_rating, organization_rating, overall_impression_rating) VALUES ('270', '237', '51', '5', '3', '3', '3', '3');
INSERT INTO REVIEWS (review_id, visitor_id, performance_id, interpretation_rating, sound_lighting_rating, stage_presence_rating, organization_rating, overall_impression_rating) VALUES ('271', '200', '82', '1', '4', '1', '1', '1');
INSERT INTO REVIEWS (review_id, visitor_id, performance_id, interpretation_rating, sound_lighting_rating, stage_presence_rating, organization_rating, overall_impression_rating) VALUES ('272', '300', '100', '5', '5', '3', '3', '2');
INSERT INTO REVIEWS (review_id, visitor_id, performance_id, interpretation_rating, sound_lighting_rating, stage_presence_rating, organization_rating, overall_impression_rating) VALUES ('273', '179', '15', '5', '4', '2', '5', '4');
INSERT INTO REVIEWS (review_id, visitor_id, performance_id, interpretation_rating, sound_lighting_rating, stage_presence_rating, organization_rating, overall_impression_rating) VALUES ('274', '256', '52', '2', '4', '2', '4', '3');
INSERT INTO REVIEWS (review_id, visitor_id, performance_id, interpretation_rating, sound_lighting_rating, stage_presence_rating, organization_rating, overall_impression_rating) VALUES ('275', '163', '28', '2', '1', '2', '5', '1');
INSERT INTO REVIEWS (review_id, visitor_id, performance_id, interpretation_rating, sound_lighting_rating, stage_presence_rating, organization_rating, overall_impression_rating) VALUES ('276', '205', '49', '3', '5', '2', '3', '2');
INSERT INTO REVIEWS (review_id, visitor_id, performance_id, interpretation_rating, sound_lighting_rating, stage_presence_rating, organization_rating, overall_impression_rating) VALUES ('277', '94', '13', '1', '4', '1', '5', '2');
INSERT INTO REVIEWS (review_id, visitor_id, performance_id, interpretation_rating, sound_lighting_rating, stage_presence_rating, organization_rating, overall_impression_rating) VALUES ('278', '168', '51', '5', '4', '1', '2', '4');
INSERT INTO REVIEWS (review_id, visitor_id, performance_id, interpretation_rating, sound_lighting_rating, stage_presence_rating, organization_rating, overall_impression_rating) VALUES ('279', '285', '76', '3', '2', '2', '2', '3');
INSERT INTO REVIEWS (review_id, visitor_id, performance_id, interpretation_rating, sound_lighting_rating, stage_presence_rating, organization_rating, overall_impression_rating) VALUES ('280', '136', '86', '4', '3', '1', '3', '1');
INSERT INTO REVIEWS (review_id, visitor_id, performance_id, interpretation_rating, sound_lighting_rating, stage_presence_rating, organization_rating, overall_impression_rating) VALUES ('281', '83', '64', '5', '1', '1', '4', '5');
INSERT INTO REVIEWS (review_id, visitor_id, performance_id, interpretation_rating, sound_lighting_rating, stage_presence_rating, organization_rating, overall_impression_rating) VALUES ('282', '198', '10', '2', '3', '3', '2', '1');
INSERT INTO REVIEWS (review_id, visitor_id, performance_id, interpretation_rating, sound_lighting_rating, stage_presence_rating, organization_rating, overall_impression_rating) VALUES ('283', '89', '88', '3', '2', '4', '1', '4');
INSERT INTO REVIEWS (review_id, visitor_id, performance_id, interpretation_rating, sound_lighting_rating, stage_presence_rating, organization_rating, overall_impression_rating) VALUES ('284', '162', '25', '4', '1', '2', '4', '4');
INSERT INTO REVIEWS (review_id, visitor_id, performance_id, interpretation_rating, sound_lighting_rating, stage_presence_rating, organization_rating, overall_impression_rating) VALUES ('285', '75', '97', '2', '2', '3', '1', '2');
INSERT INTO REVIEWS (review_id, visitor_id, performance_id, interpretation_rating, sound_lighting_rating, stage_presence_rating, organization_rating, overall_impression_rating) VALUES ('286', '224', '59', '1', '3', '3', '4', '5');
INSERT INTO REVIEWS (review_id, visitor_id, performance_id, interpretation_rating, sound_lighting_rating, stage_presence_rating, organization_rating, overall_impression_rating) VALUES ('287', '189', '46', '2', '5', '3', '1', '2');
INSERT INTO REVIEWS (review_id, visitor_id, performance_id, interpretation_rating, sound_lighting_rating, stage_presence_rating, organization_rating, overall_impression_rating) VALUES ('288', '146', '54', '5', '1', '5', '5', '2');
INSERT INTO REVIEWS (review_id, visitor_id, performance_id, interpretation_rating, sound_lighting_rating, stage_presence_rating, organization_rating, overall_impression_rating) VALUES ('289', '83', '81', '1', '2', '1', '3', '2');
INSERT INTO REVIEWS (review_id, visitor_id, performance_id, interpretation_rating, sound_lighting_rating, stage_presence_rating, organization_rating, overall_impression_rating) VALUES ('290', '153', '79', '3', '3', '4', '2', '1');
INSERT INTO REVIEWS (review_id, visitor_id, performance_id, interpretation_rating, sound_lighting_rating, stage_presence_rating, organization_rating, overall_impression_rating) VALUES ('291', '274', '57', '4', '4', '4', '5', '4');
INSERT INTO REVIEWS (review_id, visitor_id, performance_id, interpretation_rating, sound_lighting_rating, stage_presence_rating, organization_rating, overall_impression_rating) VALUES ('292', '136', '86', '2', '2', '3', '4', '1');
INSERT INTO REVIEWS (review_id, visitor_id, performance_id, interpretation_rating, sound_lighting_rating, stage_presence_rating, organization_rating, overall_impression_rating) VALUES ('293', '48', '67', '2', '2', '4', '4', '4');
INSERT INTO REVIEWS (review_id, visitor_id, performance_id, interpretation_rating, sound_lighting_rating, stage_presence_rating, organization_rating, overall_impression_rating) VALUES ('294', '58', '63', '3', '5', '1', '5', '4');
INSERT INTO REVIEWS (review_id, visitor_id, performance_id, interpretation_rating, sound_lighting_rating, stage_presence_rating, organization_rating, overall_impression_rating) VALUES ('295', '298', '7', '5', '3', '3', '1', '4');
INSERT INTO REVIEWS (review_id, visitor_id, performance_id, interpretation_rating, sound_lighting_rating, stage_presence_rating, organization_rating, overall_impression_rating) VALUES ('296', '28', '9', '5', '3', '5', '4', '3');
INSERT INTO REVIEWS (review_id, visitor_id, performance_id, interpretation_rating, sound_lighting_rating, stage_presence_rating, organization_rating, overall_impression_rating) VALUES ('297', '213', '70', '5', '3', '4', '1', '1');
INSERT INTO REVIEWS (review_id, visitor_id, performance_id, interpretation_rating, sound_lighting_rating, stage_presence_rating, organization_rating, overall_impression_rating) VALUES ('298', '121', '29', '4', '2', '3', '2', '1');
INSERT INTO REVIEWS (review_id, visitor_id, performance_id, interpretation_rating, sound_lighting_rating, stage_presence_rating, organization_rating, overall_impression_rating) VALUES ('299', '83', '81', '3', '2', '3', '1', '1');
INSERT INTO REVIEWS (review_id, visitor_id, performance_id, interpretation_rating, sound_lighting_rating, stage_presence_rating, organization_rating, overall_impression_rating) VALUES ('300', '195', '3', '3', '2', '4', '5', '3');
INSERT INTO BUYERS (buyer_id, event_id, ticket_type_id, ticket_id) VALUES ('1', '72', '1', '120');
INSERT INTO BUYERS (buyer_id, event_id, ticket_type_id, ticket_id) VALUES ('2', '37', '3', '198');
INSERT INTO BUYERS (buyer_id, event_id, ticket_type_id, ticket_id) VALUES ('3', '68', '1', '109');
INSERT INTO BUYERS (buyer_id, event_id, ticket_type_id, ticket_id) VALUES ('4', '72', '2', '53');
INSERT INTO BUYERS (buyer_id, event_id, ticket_type_id, ticket_id) VALUES ('5', '86', '1', '312');
INSERT INTO BUYERS (buyer_id, event_id, ticket_type_id, ticket_id) VALUES ('6', '83', '2', '294');
INSERT INTO BUYERS (buyer_id, event_id, ticket_type_id, ticket_id) VALUES ('7', '97', '2', '350');
INSERT INTO BUYERS (buyer_id, event_id, ticket_type_id, ticket_id) VALUES ('8', '41', '1', '163');
INSERT INTO BUYERS (buyer_id, event_id, ticket_type_id, ticket_id) VALUES ('9', '7', '2', '101');
INSERT INTO BUYERS (buyer_id, event_id, ticket_type_id, ticket_id) VALUES ('10', '6', '2', '256');
INSERT INTO BUYERS (buyer_id, event_id, ticket_type_id, ticket_id) VALUES ('11', '16', '1', '216');
INSERT INTO BUYERS (buyer_id, event_id, ticket_type_id, ticket_id) VALUES ('12', '22', '3', '232');
INSERT INTO BUYERS (buyer_id, event_id, ticket_type_id, ticket_id) VALUES ('13', '76', '2', '168');
INSERT INTO BUYERS (buyer_id, event_id, ticket_type_id, ticket_id) VALUES ('14', '74', '1', '122');
INSERT INTO BUYERS (buyer_id, event_id, ticket_type_id, ticket_id) VALUES ('15', '3', '3', '146');
INSERT INTO BUYERS (buyer_id, event_id, ticket_type_id, ticket_id) VALUES ('16', '1', '2', '295');
INSERT INTO BUYERS (buyer_id, event_id, ticket_type_id, ticket_id) VALUES ('17', '17', '2', '146');
INSERT INTO BUYERS (buyer_id, event_id, ticket_type_id, ticket_id) VALUES ('18', '69', '3', '19');
INSERT INTO BUYERS (buyer_id, event_id, ticket_type_id, ticket_id) VALUES ('19', '44', '3', '21');
INSERT INTO BUYERS (buyer_id, event_id, ticket_type_id, ticket_id) VALUES ('20', '9', '2', '9');
INSERT INTO BUYERS (buyer_id, event_id, ticket_type_id, ticket_id) VALUES ('21', '54', '3', '49');
INSERT INTO BUYERS (buyer_id, event_id, ticket_type_id, ticket_id) VALUES ('22', '36', '2', '155');
INSERT INTO BUYERS (buyer_id, event_id, ticket_type_id, ticket_id) VALUES ('23', '52', '1', '178');
INSERT INTO BUYERS (buyer_id, event_id, ticket_type_id, ticket_id) VALUES ('24', '100', '2', '285');
INSERT INTO BUYERS (buyer_id, event_id, ticket_type_id, ticket_id) VALUES ('25', '79', '1', '253');
INSERT INTO BUYERS (buyer_id, event_id, ticket_type_id, ticket_id) VALUES ('26', '39', '3', '202');
INSERT INTO BUYERS (buyer_id, event_id, ticket_type_id, ticket_id) VALUES ('27', '64', '3', '233');
INSERT INTO BUYERS (buyer_id, event_id, ticket_type_id, ticket_id) VALUES ('28', '48', '3', '63');
INSERT INTO BUYERS (buyer_id, event_id, ticket_type_id, ticket_id) VALUES ('29', '4', '1', '53');
INSERT INTO BUYERS (buyer_id, event_id, ticket_type_id, ticket_id) VALUES ('30', '2', '1', '25');
INSERT INTO BUYERS (buyer_id, event_id, ticket_type_id, ticket_id) VALUES ('31', '42', '3', '54');
INSERT INTO BUYERS (buyer_id, event_id, ticket_type_id, ticket_id) VALUES ('32', '29', '1', '224');
INSERT INTO BUYERS (buyer_id, event_id, ticket_type_id, ticket_id) VALUES ('33', '25', '3', '46');
INSERT INTO BUYERS (buyer_id, event_id, ticket_type_id, ticket_id) VALUES ('34', '69', '1', '189');
INSERT INTO BUYERS (buyer_id, event_id, ticket_type_id, ticket_id) VALUES ('35', '34', '1', '27');
INSERT INTO BUYERS (buyer_id, event_id, ticket_type_id, ticket_id) VALUES ('36', '7', '2', '57');
INSERT INTO BUYERS (buyer_id, event_id, ticket_type_id, ticket_id) VALUES ('37', '34', '2', '39');
INSERT INTO BUYERS (buyer_id, event_id, ticket_type_id, ticket_id) VALUES ('38', '49', '2', '314');
INSERT INTO BUYERS (buyer_id, event_id, ticket_type_id, ticket_id) VALUES ('39', '18', '3', '88');
INSERT INTO BUYERS (buyer_id, event_id, ticket_type_id, ticket_id) VALUES ('40', '16', '1', '236');
INSERT INTO BUYERS (buyer_id, event_id, ticket_type_id, ticket_id) VALUES ('41', '19', '3', '164');
INSERT INTO BUYERS (buyer_id, event_id, ticket_type_id, ticket_id) VALUES ('42', '82', '2', '212');
INSERT INTO BUYERS (buyer_id, event_id, ticket_type_id, ticket_id) VALUES ('43', '16', '3', '343');
INSERT INTO BUYERS (buyer_id, event_id, ticket_type_id, ticket_id) VALUES ('44', '31', '3', '271');
INSERT INTO BUYERS (buyer_id, event_id, ticket_type_id, ticket_id) VALUES ('45', '85', '2', '245');
INSERT INTO BUYERS (buyer_id, event_id, ticket_type_id, ticket_id) VALUES ('46', '42', '3', '144');
INSERT INTO BUYERS (buyer_id, event_id, ticket_type_id, ticket_id) VALUES ('47', '29', '1', '248');
INSERT INTO BUYERS (buyer_id, event_id, ticket_type_id, ticket_id) VALUES ('48', '99', '2', '136');
INSERT INTO BUYERS (buyer_id, event_id, ticket_type_id, ticket_id) VALUES ('49', '46', '3', '43');
INSERT INTO BUYERS (buyer_id, event_id, ticket_type_id, ticket_id) VALUES ('50', '85', '3', '125');
INSERT INTO BUYERS (buyer_id, event_id, ticket_type_id, ticket_id) VALUES ('51', '89', '1', '106');
INSERT INTO BUYERS (buyer_id, event_id, ticket_type_id, ticket_id) VALUES ('52', '64', '1', '39');
INSERT INTO BUYERS (buyer_id, event_id, ticket_type_id, ticket_id) VALUES ('53', '2', '3', '109');
INSERT INTO BUYERS (buyer_id, event_id, ticket_type_id, ticket_id) VALUES ('54', '60', '2', '111');
INSERT INTO BUYERS (buyer_id, event_id, ticket_type_id, ticket_id) VALUES ('55', '63', '1', '97');
INSERT INTO BUYERS (buyer_id, event_id, ticket_type_id, ticket_id) VALUES ('56', '27', '3', '175');
INSERT INTO BUYERS (buyer_id, event_id, ticket_type_id, ticket_id) VALUES ('57', '66', '2', '271');
INSERT INTO BUYERS (buyer_id, event_id, ticket_type_id, ticket_id) VALUES ('58', '91', '2', '160');
INSERT INTO BUYERS (buyer_id, event_id, ticket_type_id, ticket_id) VALUES ('59', '20', '3', '336');
INSERT INTO BUYERS (buyer_id, event_id, ticket_type_id, ticket_id) VALUES ('60', '17', '1', '55');
INSERT INTO BUYERS (buyer_id, event_id, ticket_type_id, ticket_id) VALUES ('61', '50', '2', '187');
INSERT INTO BUYERS (buyer_id, event_id, ticket_type_id, ticket_id) VALUES ('62', '66', '1', '318');
INSERT INTO BUYERS (buyer_id, event_id, ticket_type_id, ticket_id) VALUES ('63', '25', '1', '205');
INSERT INTO BUYERS (buyer_id, event_id, ticket_type_id, ticket_id) VALUES ('64', '55', '1', '143');
INSERT INTO BUYERS (buyer_id, event_id, ticket_type_id, ticket_id) VALUES ('65', '74', '3', '158');
INSERT INTO BUYERS (buyer_id, event_id, ticket_type_id, ticket_id) VALUES ('66', '19', '2', '53');
INSERT INTO BUYERS (buyer_id, event_id, ticket_type_id, ticket_id) VALUES ('67', '96', '1', '55');
INSERT INTO BUYERS (buyer_id, event_id, ticket_type_id, ticket_id) VALUES ('68', '3', '2', '124');
INSERT INTO BUYERS (buyer_id, event_id, ticket_type_id, ticket_id) VALUES ('69', '35', '1', '96');
INSERT INTO BUYERS (buyer_id, event_id, ticket_type_id, ticket_id) VALUES ('70', '85', '3', '244');
INSERT INTO BUYERS (buyer_id, event_id, ticket_type_id, ticket_id) VALUES ('71', '46', '2', '232');
INSERT INTO BUYERS (buyer_id, event_id, ticket_type_id, ticket_id) VALUES ('72', '71', '1', '61');
INSERT INTO BUYERS (buyer_id, event_id, ticket_type_id, ticket_id) VALUES ('73', '56', '1', '182');
INSERT INTO BUYERS (buyer_id, event_id, ticket_type_id, ticket_id) VALUES ('74', '51', '3', '78');
INSERT INTO BUYERS (buyer_id, event_id, ticket_type_id, ticket_id) VALUES ('75', '66', '2', '221');
INSERT INTO BUYERS (buyer_id, event_id, ticket_type_id, ticket_id) VALUES ('76', '57', '2', '28');
INSERT INTO BUYERS (buyer_id, event_id, ticket_type_id, ticket_id) VALUES ('77', '13', '1', '190');
INSERT INTO BUYERS (buyer_id, event_id, ticket_type_id, ticket_id) VALUES ('78', '49', '3', '333');
INSERT INTO BUYERS (buyer_id, event_id, ticket_type_id, ticket_id) VALUES ('79', '25', '2', '217');
INSERT INTO BUYERS (buyer_id, event_id, ticket_type_id, ticket_id) VALUES ('80', '52', '1', '97');
INSERT INTO BUYERS (buyer_id, event_id, ticket_type_id, ticket_id) VALUES ('81', '36', '3', '305');
INSERT INTO BUYERS (buyer_id, event_id, ticket_type_id, ticket_id) VALUES ('82', '64', '3', '312');
INSERT INTO BUYERS (buyer_id, event_id, ticket_type_id, ticket_id) VALUES ('83', '14', '3', '222');
INSERT INTO BUYERS (buyer_id, event_id, ticket_type_id, ticket_id) VALUES ('84', '83', '1', '26');
INSERT INTO BUYERS (buyer_id, event_id, ticket_type_id, ticket_id) VALUES ('85', '29', '1', '57');
INSERT INTO BUYERS (buyer_id, event_id, ticket_type_id, ticket_id) VALUES ('86', '5', '3', '28');
INSERT INTO BUYERS (buyer_id, event_id, ticket_type_id, ticket_id) VALUES ('87', '31', '1', '137');
INSERT INTO BUYERS (buyer_id, event_id, ticket_type_id, ticket_id) VALUES ('88', '13', '2', '273');
INSERT INTO BUYERS (buyer_id, event_id, ticket_type_id, ticket_id) VALUES ('89', '80', '3', '116');
INSERT INTO BUYERS (buyer_id, event_id, ticket_type_id, ticket_id) VALUES ('90', '51', '2', '208');
INSERT INTO BUYERS (buyer_id, event_id, ticket_type_id, ticket_id) VALUES ('91', '29', '3', '52');
INSERT INTO BUYERS (buyer_id, event_id, ticket_type_id, ticket_id) VALUES ('92', '64', '1', '138');
INSERT INTO BUYERS (buyer_id, event_id, ticket_type_id, ticket_id) VALUES ('93', '27', '2', '88');
INSERT INTO BUYERS (buyer_id, event_id, ticket_type_id, ticket_id) VALUES ('94', '37', '3', '327');
INSERT INTO BUYERS (buyer_id, event_id, ticket_type_id, ticket_id) VALUES ('95', '37', '3', '306');
INSERT INTO BUYERS (buyer_id, event_id, ticket_type_id, ticket_id) VALUES ('96', '13', '1', '2');
INSERT INTO BUYERS (buyer_id, event_id, ticket_type_id, ticket_id) VALUES ('97', '90', '3', '258');
INSERT INTO BUYERS (buyer_id, event_id, ticket_type_id, ticket_id) VALUES ('98', '95', '2', '245');
INSERT INTO BUYERS (buyer_id, event_id, ticket_type_id, ticket_id) VALUES ('99', '22', '2', '123');
INSERT INTO BUYERS (buyer_id, event_id, ticket_type_id, ticket_id) VALUES ('100', '9', '1', '349');
INSERT INTO BUYERS (buyer_id, event_id, ticket_type_id, ticket_id) VALUES ('101', '43', '2', '96');
INSERT INTO BUYERS (buyer_id, event_id, ticket_type_id, ticket_id) VALUES ('102', '2', '3', '73');
INSERT INTO BUYERS (buyer_id, event_id, ticket_type_id, ticket_id) VALUES ('103', '55', '2', '243');
INSERT INTO BUYERS (buyer_id, event_id, ticket_type_id, ticket_id) VALUES ('104', '23', '2', '11');
INSERT INTO BUYERS (buyer_id, event_id, ticket_type_id, ticket_id) VALUES ('105', '22', '3', '40');
INSERT INTO BUYERS (buyer_id, event_id, ticket_type_id, ticket_id) VALUES ('106', '77', '2', '5');
INSERT INTO BUYERS (buyer_id, event_id, ticket_type_id, ticket_id) VALUES ('107', '75', '1', '243');
INSERT INTO BUYERS (buyer_id, event_id, ticket_type_id, ticket_id) VALUES ('108', '32', '2', '251');
INSERT INTO BUYERS (buyer_id, event_id, ticket_type_id, ticket_id) VALUES ('109', '6', '1', '57');
INSERT INTO BUYERS (buyer_id, event_id, ticket_type_id, ticket_id) VALUES ('110', '88', '2', '291');
INSERT INTO BUYERS (buyer_id, event_id, ticket_type_id, ticket_id) VALUES ('111', '68', '3', '117');
INSERT INTO BUYERS (buyer_id, event_id, ticket_type_id, ticket_id) VALUES ('112', '97', '1', '86');
INSERT INTO BUYERS (buyer_id, event_id, ticket_type_id, ticket_id) VALUES ('113', '13', '2', '49');
INSERT INTO BUYERS (buyer_id, event_id, ticket_type_id, ticket_id) VALUES ('114', '58', '2', '172');
INSERT INTO BUYERS (buyer_id, event_id, ticket_type_id, ticket_id) VALUES ('115', '70', '2', '180');
INSERT INTO BUYERS (buyer_id, event_id, ticket_type_id, ticket_id) VALUES ('116', '63', '2', '340');
INSERT INTO BUYERS (buyer_id, event_id, ticket_type_id, ticket_id) VALUES ('117', '59', '1', '187');
INSERT INTO BUYERS (buyer_id, event_id, ticket_type_id, ticket_id) VALUES ('118', '39', '3', '181');
INSERT INTO BUYERS (buyer_id, event_id, ticket_type_id, ticket_id) VALUES ('119', '67', '3', '171');
INSERT INTO BUYERS (buyer_id, event_id, ticket_type_id, ticket_id) VALUES ('120', '62', '1', '306');
INSERT INTO BUYERS (buyer_id, event_id, ticket_type_id, ticket_id) VALUES ('121', '88', '3', '139');
INSERT INTO BUYERS (buyer_id, event_id, ticket_type_id, ticket_id) VALUES ('122', '3', '1', '328');
INSERT INTO BUYERS (buyer_id, event_id, ticket_type_id, ticket_id) VALUES ('123', '29', '3', '211');
INSERT INTO BUYERS (buyer_id, event_id, ticket_type_id, ticket_id) VALUES ('124', '46', '2', '73');
INSERT INTO BUYERS (buyer_id, event_id, ticket_type_id, ticket_id) VALUES ('125', '32', '3', '16');
INSERT INTO BUYERS (buyer_id, event_id, ticket_type_id, ticket_id) VALUES ('126', '47', '1', '221');
INSERT INTO BUYERS (buyer_id, event_id, ticket_type_id, ticket_id) VALUES ('127', '25', '2', '46');
INSERT INTO BUYERS (buyer_id, event_id, ticket_type_id, ticket_id) VALUES ('128', '14', '2', '328');
INSERT INTO BUYERS (buyer_id, event_id, ticket_type_id, ticket_id) VALUES ('129', '87', '3', '321');
INSERT INTO BUYERS (buyer_id, event_id, ticket_type_id, ticket_id) VALUES ('130', '68', '1', '231');
INSERT INTO BUYERS (buyer_id, event_id, ticket_type_id, ticket_id) VALUES ('131', '87', '2', '136');
INSERT INTO BUYERS (buyer_id, event_id, ticket_type_id, ticket_id) VALUES ('132', '51', '3', '170');
INSERT INTO BUYERS (buyer_id, event_id, ticket_type_id, ticket_id) VALUES ('133', '36', '2', '214');
INSERT INTO BUYERS (buyer_id, event_id, ticket_type_id, ticket_id) VALUES ('134', '6', '3', '98');
INSERT INTO BUYERS (buyer_id, event_id, ticket_type_id, ticket_id) VALUES ('135', '90', '2', '267');
INSERT INTO BUYERS (buyer_id, event_id, ticket_type_id, ticket_id) VALUES ('136', '16', '2', '314');
INSERT INTO BUYERS (buyer_id, event_id, ticket_type_id, ticket_id) VALUES ('137', '73', '2', '233');
INSERT INTO BUYERS (buyer_id, event_id, ticket_type_id, ticket_id) VALUES ('138', '15', '1', '148');
INSERT INTO BUYERS (buyer_id, event_id, ticket_type_id, ticket_id) VALUES ('139', '88', '1', '256');
INSERT INTO BUYERS (buyer_id, event_id, ticket_type_id, ticket_id) VALUES ('140', '88', '1', '239');
INSERT INTO BUYERS (buyer_id, event_id, ticket_type_id, ticket_id) VALUES ('141', '38', '3', '268');
INSERT INTO BUYERS (buyer_id, event_id, ticket_type_id, ticket_id) VALUES ('142', '86', '1', '286');
INSERT INTO BUYERS (buyer_id, event_id, ticket_type_id, ticket_id) VALUES ('143', '63', '2', '156');
INSERT INTO BUYERS (buyer_id, event_id, ticket_type_id, ticket_id) VALUES ('144', '38', '1', '34');
INSERT INTO BUYERS (buyer_id, event_id, ticket_type_id, ticket_id) VALUES ('145', '6', '1', '233');
INSERT INTO BUYERS (buyer_id, event_id, ticket_type_id, ticket_id) VALUES ('146', '76', '1', '145');
INSERT INTO BUYERS (buyer_id, event_id, ticket_type_id, ticket_id) VALUES ('147', '63', '2', '28');
INSERT INTO BUYERS (buyer_id, event_id, ticket_type_id, ticket_id) VALUES ('148', '56', '2', '3');
INSERT INTO BUYERS (buyer_id, event_id, ticket_type_id, ticket_id) VALUES ('149', '1', '1', '339');
INSERT INTO BUYERS (buyer_id, event_id, ticket_type_id, ticket_id) VALUES ('150', '18', '2', '129');
INSERT INTO BUYERS (buyer_id, event_id, ticket_type_id, ticket_id) VALUES ('151', '65', '3', '146');
INSERT INTO BUYERS (buyer_id, event_id, ticket_type_id, ticket_id) VALUES ('152', '20', '1', '288');
INSERT INTO BUYERS (buyer_id, event_id, ticket_type_id, ticket_id) VALUES ('153', '19', '3', '139');
INSERT INTO BUYERS (buyer_id, event_id, ticket_type_id, ticket_id) VALUES ('154', '56', '3', '101');
INSERT INTO BUYERS (buyer_id, event_id, ticket_type_id, ticket_id) VALUES ('155', '38', '1', '42');
INSERT INTO BUYERS (buyer_id, event_id, ticket_type_id, ticket_id) VALUES ('156', '61', '2', '17');
INSERT INTO BUYERS (buyer_id, event_id, ticket_type_id, ticket_id) VALUES ('157', '87', '3', '128');
INSERT INTO BUYERS (buyer_id, event_id, ticket_type_id, ticket_id) VALUES ('158', '55', '2', '198');
INSERT INTO BUYERS (buyer_id, event_id, ticket_type_id, ticket_id) VALUES ('159', '34', '2', '51');
INSERT INTO BUYERS (buyer_id, event_id, ticket_type_id, ticket_id) VALUES ('160', '40', '1', '306');
INSERT INTO BUYERS (buyer_id, event_id, ticket_type_id, ticket_id) VALUES ('161', '56', '3', '289');
INSERT INTO BUYERS (buyer_id, event_id, ticket_type_id, ticket_id) VALUES ('162', '75', '1', '166');
INSERT INTO BUYERS (buyer_id, event_id, ticket_type_id, ticket_id) VALUES ('163', '99', '1', '350');
INSERT INTO BUYERS (buyer_id, event_id, ticket_type_id, ticket_id) VALUES ('164', '18', '2', '129');
INSERT INTO BUYERS (buyer_id, event_id, ticket_type_id, ticket_id) VALUES ('165', '26', '2', '284');
INSERT INTO BUYERS (buyer_id, event_id, ticket_type_id, ticket_id) VALUES ('166', '11', '2', '157');
INSERT INTO BUYERS (buyer_id, event_id, ticket_type_id, ticket_id) VALUES ('167', '81', '2', '291');
INSERT INTO BUYERS (buyer_id, event_id, ticket_type_id, ticket_id) VALUES ('168', '24', '2', '280');
INSERT INTO BUYERS (buyer_id, event_id, ticket_type_id, ticket_id) VALUES ('169', '13', '1', '224');
INSERT INTO BUYERS (buyer_id, event_id, ticket_type_id, ticket_id) VALUES ('170', '57', '3', '270');
INSERT INTO BUYERS (buyer_id, event_id, ticket_type_id, ticket_id) VALUES ('171', '65', '3', '161');
INSERT INTO BUYERS (buyer_id, event_id, ticket_type_id, ticket_id) VALUES ('172', '60', '2', '184');
INSERT INTO BUYERS (buyer_id, event_id, ticket_type_id, ticket_id) VALUES ('173', '60', '2', '219');
INSERT INTO BUYERS (buyer_id, event_id, ticket_type_id, ticket_id) VALUES ('174', '60', '1', '211');
INSERT INTO BUYERS (buyer_id, event_id, ticket_type_id, ticket_id) VALUES ('175', '4', '2', '287');
INSERT INTO BUYERS (buyer_id, event_id, ticket_type_id, ticket_id) VALUES ('176', '97', '1', '46');
INSERT INTO BUYERS (buyer_id, event_id, ticket_type_id, ticket_id) VALUES ('177', '39', '1', '315');
INSERT INTO BUYERS (buyer_id, event_id, ticket_type_id, ticket_id) VALUES ('178', '66', '2', '298');
INSERT INTO BUYERS (buyer_id, event_id, ticket_type_id, ticket_id) VALUES ('179', '80', '3', '66');
INSERT INTO BUYERS (buyer_id, event_id, ticket_type_id, ticket_id) VALUES ('180', '38', '1', '290');
INSERT INTO BUYERS (buyer_id, event_id, ticket_type_id, ticket_id) VALUES ('181', '17', '2', '202');
INSERT INTO BUYERS (buyer_id, event_id, ticket_type_id, ticket_id) VALUES ('182', '1', '2', '344');
INSERT INTO BUYERS (buyer_id, event_id, ticket_type_id, ticket_id) VALUES ('183', '59', '1', '266');
INSERT INTO BUYERS (buyer_id, event_id, ticket_type_id, ticket_id) VALUES ('184', '8', '2', '44');
INSERT INTO BUYERS (buyer_id, event_id, ticket_type_id, ticket_id) VALUES ('185', '14', '2', '333');
INSERT INTO BUYERS (buyer_id, event_id, ticket_type_id, ticket_id) VALUES ('186', '13', '2', '305');
INSERT INTO BUYERS (buyer_id, event_id, ticket_type_id, ticket_id) VALUES ('187', '62', '3', '290');
INSERT INTO BUYERS (buyer_id, event_id, ticket_type_id, ticket_id) VALUES ('188', '8', '1', '170');
INSERT INTO BUYERS (buyer_id, event_id, ticket_type_id, ticket_id) VALUES ('189', '87', '3', '300');
INSERT INTO BUYERS (buyer_id, event_id, ticket_type_id, ticket_id) VALUES ('190', '90', '1', '28');
INSERT INTO BUYERS (buyer_id, event_id, ticket_type_id, ticket_id) VALUES ('191', '19', '3', '265');
INSERT INTO BUYERS (buyer_id, event_id, ticket_type_id, ticket_id) VALUES ('192', '18', '1', '254');
INSERT INTO BUYERS (buyer_id, event_id, ticket_type_id, ticket_id) VALUES ('193', '82', '1', '346');
INSERT INTO BUYERS (buyer_id, event_id, ticket_type_id, ticket_id) VALUES ('194', '81', '2', '155');
INSERT INTO BUYERS (buyer_id, event_id, ticket_type_id, ticket_id) VALUES ('195', '63', '3', '4');
INSERT INTO BUYERS (buyer_id, event_id, ticket_type_id, ticket_id) VALUES ('196', '15', '1', '103');
INSERT INTO BUYERS (buyer_id, event_id, ticket_type_id, ticket_id) VALUES ('197', '20', '3', '1');
INSERT INTO BUYERS (buyer_id, event_id, ticket_type_id, ticket_id) VALUES ('198', '67', '1', '62');
INSERT INTO BUYERS (buyer_id, event_id, ticket_type_id, ticket_id) VALUES ('199', '27', '1', '127');
INSERT INTO BUYERS (buyer_id, event_id, ticket_type_id, ticket_id) VALUES ('200', '4', '3', '243');
INSERT INTO TICKETS_FOR_RESALE (ticket_for_resale_id, ticket_id, event_id, ticket_type_id) VALUES ('1', '228', '51', '1');
INSERT INTO TICKETS_FOR_RESALE (ticket_for_resale_id, ticket_id, event_id, ticket_type_id) VALUES ('2', '63', '39', '2');
INSERT INTO TICKETS_FOR_RESALE (ticket_for_resale_id, ticket_id, event_id, ticket_type_id) VALUES ('3', '248', '24', '1');
INSERT INTO TICKETS_FOR_RESALE (ticket_for_resale_id, ticket_id, event_id, ticket_type_id) VALUES ('4', '280', '34', '3');
INSERT INTO TICKETS_FOR_RESALE (ticket_for_resale_id, ticket_id, event_id, ticket_type_id) VALUES ('5', '349', '57', '3');
INSERT INTO TICKETS_FOR_RESALE (ticket_for_resale_id, ticket_id, event_id, ticket_type_id) VALUES ('6', '316', '16', '2');
INSERT INTO TICKETS_FOR_RESALE (ticket_for_resale_id, ticket_id, event_id, ticket_type_id) VALUES ('7', '75', '82', '1');
INSERT INTO TICKETS_FOR_RESALE (ticket_for_resale_id, ticket_id, event_id, ticket_type_id) VALUES ('8', '95', '19', '3');
INSERT INTO TICKETS_FOR_RESALE (ticket_for_resale_id, ticket_id, event_id, ticket_type_id) VALUES ('9', '337', '31', '1');
INSERT INTO TICKETS_FOR_RESALE (ticket_for_resale_id, ticket_id, event_id, ticket_type_id) VALUES ('10', '262', '95', '3');
INSERT INTO TICKETS_FOR_RESALE (ticket_for_resale_id, ticket_id, event_id, ticket_type_id) VALUES ('11', '280', '26', '2');
INSERT INTO TICKETS_FOR_RESALE (ticket_for_resale_id, ticket_id, event_id, ticket_type_id) VALUES ('12', '246', '38', '2');
INSERT INTO TICKETS_FOR_RESALE (ticket_for_resale_id, ticket_id, event_id, ticket_type_id) VALUES ('13', '342', '13', '3');
INSERT INTO TICKETS_FOR_RESALE (ticket_for_resale_id, ticket_id, event_id, ticket_type_id) VALUES ('14', '253', '48', '3');
INSERT INTO TICKETS_FOR_RESALE (ticket_for_resale_id, ticket_id, event_id, ticket_type_id) VALUES ('15', '141', '51', '2');
INSERT INTO TICKETS_FOR_RESALE (ticket_for_resale_id, ticket_id, event_id, ticket_type_id) VALUES ('16', '55', '60', '2');
INSERT INTO TICKETS_FOR_RESALE (ticket_for_resale_id, ticket_id, event_id, ticket_type_id) VALUES ('17', '218', '19', '1');
INSERT INTO TICKETS_FOR_RESALE (ticket_for_resale_id, ticket_id, event_id, ticket_type_id) VALUES ('18', '146', '59', '1');
INSERT INTO TICKETS_FOR_RESALE (ticket_for_resale_id, ticket_id, event_id, ticket_type_id) VALUES ('19', '289', '50', '1');
INSERT INTO TICKETS_FOR_RESALE (ticket_for_resale_id, ticket_id, event_id, ticket_type_id) VALUES ('20', '298', '39', '1');
INSERT INTO TICKETS_FOR_RESALE (ticket_for_resale_id, ticket_id, event_id, ticket_type_id) VALUES ('21', '331', '84', '3');
INSERT INTO TICKETS_FOR_RESALE (ticket_for_resale_id, ticket_id, event_id, ticket_type_id) VALUES ('22', '318', '57', '1');
INSERT INTO TICKETS_FOR_RESALE (ticket_for_resale_id, ticket_id, event_id, ticket_type_id) VALUES ('23', '182', '18', '2');
INSERT INTO TICKETS_FOR_RESALE (ticket_for_resale_id, ticket_id, event_id, ticket_type_id) VALUES ('24', '235', '36', '1');
INSERT INTO TICKETS_FOR_RESALE (ticket_for_resale_id, ticket_id, event_id, ticket_type_id) VALUES ('25', '82', '46', '3');
INSERT INTO TICKETS_FOR_RESALE (ticket_for_resale_id, ticket_id, event_id, ticket_type_id) VALUES ('26', '258', '27', '2');
INSERT INTO TICKETS_FOR_RESALE (ticket_for_resale_id, ticket_id, event_id, ticket_type_id) VALUES ('27', '269', '50', '3');
INSERT INTO TICKETS_FOR_RESALE (ticket_for_resale_id, ticket_id, event_id, ticket_type_id) VALUES ('28', '33', '23', '3');
INSERT INTO TICKETS_FOR_RESALE (ticket_for_resale_id, ticket_id, event_id, ticket_type_id) VALUES ('29', '78', '46', '3');
INSERT INTO TICKETS_FOR_RESALE (ticket_for_resale_id, ticket_id, event_id, ticket_type_id) VALUES ('30', '289', '44', '2');
INSERT INTO TICKETS_FOR_RESALE (ticket_for_resale_id, ticket_id, event_id, ticket_type_id) VALUES ('31', '72', '36', '3');
INSERT INTO TICKETS_FOR_RESALE (ticket_for_resale_id, ticket_id, event_id, ticket_type_id) VALUES ('32', '156', '51', '1');
INSERT INTO TICKETS_FOR_RESALE (ticket_for_resale_id, ticket_id, event_id, ticket_type_id) VALUES ('33', '331', '62', '2');
INSERT INTO TICKETS_FOR_RESALE (ticket_for_resale_id, ticket_id, event_id, ticket_type_id) VALUES ('34', '242', '78', '3');
INSERT INTO TICKETS_FOR_RESALE (ticket_for_resale_id, ticket_id, event_id, ticket_type_id) VALUES ('35', '93', '74', '3');
INSERT INTO TICKETS_FOR_RESALE (ticket_for_resale_id, ticket_id, event_id, ticket_type_id) VALUES ('36', '260', '100', '3');
INSERT INTO TICKETS_FOR_RESALE (ticket_for_resale_id, ticket_id, event_id, ticket_type_id) VALUES ('37', '270', '34', '1');
INSERT INTO TICKETS_FOR_RESALE (ticket_for_resale_id, ticket_id, event_id, ticket_type_id) VALUES ('38', '166', '76', '3');
INSERT INTO TICKETS_FOR_RESALE (ticket_for_resale_id, ticket_id, event_id, ticket_type_id) VALUES ('39', '179', '75', '3');
INSERT INTO TICKETS_FOR_RESALE (ticket_for_resale_id, ticket_id, event_id, ticket_type_id) VALUES ('40', '207', '9', '1');
INSERT INTO TICKETS_FOR_RESALE (ticket_for_resale_id, ticket_id, event_id, ticket_type_id) VALUES ('41', '16', '94', '1');
INSERT INTO TICKETS_FOR_RESALE (ticket_for_resale_id, ticket_id, event_id, ticket_type_id) VALUES ('42', '119', '13', '3');
INSERT INTO TICKETS_FOR_RESALE (ticket_for_resale_id, ticket_id, event_id, ticket_type_id) VALUES ('43', '55', '64', '3');
INSERT INTO TICKETS_FOR_RESALE (ticket_for_resale_id, ticket_id, event_id, ticket_type_id) VALUES ('44', '244', '42', '1');
INSERT INTO TICKETS_FOR_RESALE (ticket_for_resale_id, ticket_id, event_id, ticket_type_id) VALUES ('45', '122', '14', '1');
INSERT INTO TICKETS_FOR_RESALE (ticket_for_resale_id, ticket_id, event_id, ticket_type_id) VALUES ('46', '197', '97', '2');
INSERT INTO TICKETS_FOR_RESALE (ticket_for_resale_id, ticket_id, event_id, ticket_type_id) VALUES ('47', '33', '8', '3');
INSERT INTO TICKETS_FOR_RESALE (ticket_for_resale_id, ticket_id, event_id, ticket_type_id) VALUES ('48', '129', '15', '1');
INSERT INTO TICKETS_FOR_RESALE (ticket_for_resale_id, ticket_id, event_id, ticket_type_id) VALUES ('49', '38', '57', '2');
INSERT INTO TICKETS_FOR_RESALE (ticket_for_resale_id, ticket_id, event_id, ticket_type_id) VALUES ('50', '311', '81', '1');
INSERT INTO STAGES_X_TECHNICAL_SUPPLY (stage_id, technical_supply_id) VALUES ('67', '13');
INSERT INTO STAGES_X_TECHNICAL_SUPPLY (stage_id, technical_supply_id) VALUES ('113', '44');
INSERT INTO STAGES_X_TECHNICAL_SUPPLY (stage_id, technical_supply_id) VALUES ('75', '17');
INSERT INTO STAGES_X_TECHNICAL_SUPPLY (stage_id, technical_supply_id) VALUES ('100', '46');
INSERT INTO STAGES_X_TECHNICAL_SUPPLY (stage_id, technical_supply_id) VALUES ('123', '20');
INSERT INTO STAGES_X_TECHNICAL_SUPPLY (stage_id, technical_supply_id) VALUES ('33', '29');
INSERT INTO STAGES_X_TECHNICAL_SUPPLY (stage_id, technical_supply_id) VALUES ('59', '2');
INSERT INTO STAGES_X_TECHNICAL_SUPPLY (stage_id, technical_supply_id) VALUES ('136', '32');
INSERT INTO STAGES_X_TECHNICAL_SUPPLY (stage_id, technical_supply_id) VALUES ('45', '21');
INSERT INTO STAGES_X_TECHNICAL_SUPPLY (stage_id, technical_supply_id) VALUES ('3', '15');
INSERT INTO STAGES_X_TECHNICAL_SUPPLY (stage_id, technical_supply_id) VALUES ('11', '7');
INSERT INTO STAGES_X_TECHNICAL_SUPPLY (stage_id, technical_supply_id) VALUES ('146', '6');
INSERT INTO STAGES_X_TECHNICAL_SUPPLY (stage_id, technical_supply_id) VALUES ('129', '20');
INSERT INTO STAGES_X_TECHNICAL_SUPPLY (stage_id, technical_supply_id) VALUES ('112', '4');
INSERT INTO STAGES_X_TECHNICAL_SUPPLY (stage_id, technical_supply_id) VALUES ('86', '49');
INSERT INTO STAGES_X_TECHNICAL_SUPPLY (stage_id, technical_supply_id) VALUES ('113', '8');
INSERT INTO STAGES_X_TECHNICAL_SUPPLY (stage_id, technical_supply_id) VALUES ('90', '28');
INSERT INTO STAGES_X_TECHNICAL_SUPPLY (stage_id, technical_supply_id) VALUES ('103', '40');
INSERT INTO STAGES_X_TECHNICAL_SUPPLY (stage_id, technical_supply_id) VALUES ('23', '38');
INSERT INTO STAGES_X_TECHNICAL_SUPPLY (stage_id, technical_supply_id) VALUES ('50', '22');
INSERT INTO STAGES_X_TECHNICAL_SUPPLY (stage_id, technical_supply_id) VALUES ('41', '19');
INSERT INTO STAGES_X_TECHNICAL_SUPPLY (stage_id, technical_supply_id) VALUES ('90', '39');
INSERT INTO STAGES_X_TECHNICAL_SUPPLY (stage_id, technical_supply_id) VALUES ('147', '36');
INSERT INTO STAGES_X_TECHNICAL_SUPPLY (stage_id, technical_supply_id) VALUES ('29', '38');
INSERT INTO STAGES_X_TECHNICAL_SUPPLY (stage_id, technical_supply_id) VALUES ('20', '35');
INSERT INTO STAGES_X_TECHNICAL_SUPPLY (stage_id, technical_supply_id) VALUES ('74', '15');
INSERT INTO STAGES_X_TECHNICAL_SUPPLY (stage_id, technical_supply_id) VALUES ('61', '15');
INSERT INTO STAGES_X_TECHNICAL_SUPPLY (stage_id, technical_supply_id) VALUES ('15', '2');
INSERT INTO STAGES_X_TECHNICAL_SUPPLY (stage_id, technical_supply_id) VALUES ('133', '40');
INSERT INTO STAGES_X_TECHNICAL_SUPPLY (stage_id, technical_supply_id) VALUES ('19', '27');
INSERT INTO STAGES_X_TECHNICAL_SUPPLY (stage_id, technical_supply_id) VALUES ('64', '4');
INSERT INTO STAGES_X_TECHNICAL_SUPPLY (stage_id, technical_supply_id) VALUES ('77', '7');
INSERT INTO STAGES_X_TECHNICAL_SUPPLY (stage_id, technical_supply_id) VALUES ('92', '5');
INSERT INTO STAGES_X_TECHNICAL_SUPPLY (stage_id, technical_supply_id) VALUES ('87', '27');
INSERT INTO STAGES_X_TECHNICAL_SUPPLY (stage_id, technical_supply_id) VALUES ('21', '36');
INSERT INTO STAGES_X_TECHNICAL_SUPPLY (stage_id, technical_supply_id) VALUES ('34', '39');
INSERT INTO STAGES_X_TECHNICAL_SUPPLY (stage_id, technical_supply_id) VALUES ('70', '47');
INSERT INTO STAGES_X_TECHNICAL_SUPPLY (stage_id, technical_supply_id) VALUES ('136', '13');
INSERT INTO STAGES_X_TECHNICAL_SUPPLY (stage_id, technical_supply_id) VALUES ('33', '28');
INSERT INTO STAGES_X_TECHNICAL_SUPPLY (stage_id, technical_supply_id) VALUES ('147', '31');
INSERT INTO STAGES_X_TECHNICAL_SUPPLY (stage_id, technical_supply_id) VALUES ('9', '9');
INSERT INTO STAGES_X_TECHNICAL_SUPPLY (stage_id, technical_supply_id) VALUES ('53', '36');
INSERT INTO STAGES_X_TECHNICAL_SUPPLY (stage_id, technical_supply_id) VALUES ('88', '12');
INSERT INTO STAGES_X_TECHNICAL_SUPPLY (stage_id, technical_supply_id) VALUES ('105', '37');
INSERT INTO STAGES_X_TECHNICAL_SUPPLY (stage_id, technical_supply_id) VALUES ('100', '50');
INSERT INTO STAGES_X_TECHNICAL_SUPPLY (stage_id, technical_supply_id) VALUES ('2', '24');
INSERT INTO STAGES_X_TECHNICAL_SUPPLY (stage_id, technical_supply_id) VALUES ('20', '5');
INSERT INTO STAGES_X_TECHNICAL_SUPPLY (stage_id, technical_supply_id) VALUES ('97', '5');
INSERT INTO STAGES_X_TECHNICAL_SUPPLY (stage_id, technical_supply_id) VALUES ('12', '1');
INSERT INTO STAGES_X_TECHNICAL_SUPPLY (stage_id, technical_supply_id) VALUES ('6', '15');
INSERT INTO STAGES_X_TECHNICAL_SUPPLY (stage_id, technical_supply_id) VALUES ('63', '19');
INSERT INTO STAGES_X_TECHNICAL_SUPPLY (stage_id, technical_supply_id) VALUES ('85', '49');
INSERT INTO STAGES_X_TECHNICAL_SUPPLY (stage_id, technical_supply_id) VALUES ('32', '43');
INSERT INTO STAGES_X_TECHNICAL_SUPPLY (stage_id, technical_supply_id) VALUES ('60', '4');
INSERT INTO STAGES_X_TECHNICAL_SUPPLY (stage_id, technical_supply_id) VALUES ('31', '32');
INSERT INTO STAGES_X_TECHNICAL_SUPPLY (stage_id, technical_supply_id) VALUES ('7', '41');
INSERT INTO STAGES_X_TECHNICAL_SUPPLY (stage_id, technical_supply_id) VALUES ('102', '31');
INSERT INTO STAGES_X_TECHNICAL_SUPPLY (stage_id, technical_supply_id) VALUES ('16', '16');
INSERT INTO STAGES_X_TECHNICAL_SUPPLY (stage_id, technical_supply_id) VALUES ('28', '45');
INSERT INTO STAGES_X_TECHNICAL_SUPPLY (stage_id, technical_supply_id) VALUES ('139', '22');
INSERT INTO STAGES_X_TECHNICAL_SUPPLY (stage_id, technical_supply_id) VALUES ('52', '48');
INSERT INTO STAGES_X_TECHNICAL_SUPPLY (stage_id, technical_supply_id) VALUES ('35', '41');
INSERT INTO STAGES_X_TECHNICAL_SUPPLY (stage_id, technical_supply_id) VALUES ('12', '21');
INSERT INTO STAGES_X_TECHNICAL_SUPPLY (stage_id, technical_supply_id) VALUES ('140', '5');
INSERT INTO STAGES_X_TECHNICAL_SUPPLY (stage_id, technical_supply_id) VALUES ('127', '5');
INSERT INTO STAGES_X_TECHNICAL_SUPPLY (stage_id, technical_supply_id) VALUES ('42', '28');
INSERT INTO STAGES_X_TECHNICAL_SUPPLY (stage_id, technical_supply_id) VALUES ('16', '9');
INSERT INTO STAGES_X_TECHNICAL_SUPPLY (stage_id, technical_supply_id) VALUES ('10', '23');
INSERT INTO STAGES_X_TECHNICAL_SUPPLY (stage_id, technical_supply_id) VALUES ('5', '36');
INSERT INTO STAGES_X_TECHNICAL_SUPPLY (stage_id, technical_supply_id) VALUES ('10', '32');
INSERT INTO STAGES_X_TECHNICAL_SUPPLY (stage_id, technical_supply_id) VALUES ('65', '32');
INSERT INTO STAGES_X_TECHNICAL_SUPPLY (stage_id, technical_supply_id) VALUES ('36', '8');
INSERT INTO STAGES_X_TECHNICAL_SUPPLY (stage_id, technical_supply_id) VALUES ('52', '13');
INSERT INTO STAGES_X_TECHNICAL_SUPPLY (stage_id, technical_supply_id) VALUES ('106', '48');
INSERT INTO STAGES_X_TECHNICAL_SUPPLY (stage_id, technical_supply_id) VALUES ('130', '15');
INSERT INTO STAGES_X_TECHNICAL_SUPPLY (stage_id, technical_supply_id) VALUES ('116', '25');
INSERT INTO STAGES_X_TECHNICAL_SUPPLY (stage_id, technical_supply_id) VALUES ('25', '14');
INSERT INTO STAGES_X_TECHNICAL_SUPPLY (stage_id, technical_supply_id) VALUES ('51', '35');
INSERT INTO STAGES_X_TECHNICAL_SUPPLY (stage_id, technical_supply_id) VALUES ('95', '23');
INSERT INTO STAGES_X_TECHNICAL_SUPPLY (stage_id, technical_supply_id) VALUES ('124', '4');
INSERT INTO STAGES_X_TECHNICAL_SUPPLY (stage_id, technical_supply_id) VALUES ('18', '29');
INSERT INTO STAGES_X_TECHNICAL_SUPPLY (stage_id, technical_supply_id) VALUES ('8', '3');
INSERT INTO STAGES_X_TECHNICAL_SUPPLY (stage_id, technical_supply_id) VALUES ('47', '19');
INSERT INTO STAGES_X_TECHNICAL_SUPPLY (stage_id, technical_supply_id) VALUES ('148', '16');
INSERT INTO STAGES_X_TECHNICAL_SUPPLY (stage_id, technical_supply_id) VALUES ('110', '41');
INSERT INTO STAGES_X_TECHNICAL_SUPPLY (stage_id, technical_supply_id) VALUES ('121', '17');
INSERT INTO STAGES_X_TECHNICAL_SUPPLY (stage_id, technical_supply_id) VALUES ('20', '4');
INSERT INTO STAGES_X_TECHNICAL_SUPPLY (stage_id, technical_supply_id) VALUES ('144', '9');
INSERT INTO STAGES_X_TECHNICAL_SUPPLY (stage_id, technical_supply_id) VALUES ('15', '35');
INSERT INTO STAGES_X_TECHNICAL_SUPPLY (stage_id, technical_supply_id) VALUES ('24', '38');
INSERT INTO STAGES_X_TECHNICAL_SUPPLY (stage_id, technical_supply_id) VALUES ('129', '23');
INSERT INTO STAGES_X_TECHNICAL_SUPPLY (stage_id, technical_supply_id) VALUES ('33', '34');
INSERT INTO STAGES_X_TECHNICAL_SUPPLY (stage_id, technical_supply_id) VALUES ('98', '44');
INSERT INTO STAGES_X_TECHNICAL_SUPPLY (stage_id, technical_supply_id) VALUES ('145', '40');
INSERT INTO STAGES_X_TECHNICAL_SUPPLY (stage_id, technical_supply_id) VALUES ('110', '36');
INSERT INTO STAGES_X_TECHNICAL_SUPPLY (stage_id, technical_supply_id) VALUES ('97', '45');
INSERT INTO STAGES_X_TECHNICAL_SUPPLY (stage_id, technical_supply_id) VALUES ('123', '9');
INSERT INTO STAGES_X_TECHNICAL_SUPPLY (stage_id, technical_supply_id) VALUES ('92', '40');
INSERT INTO STAGES_X_TECHNICAL_SUPPLY (stage_id, technical_supply_id) VALUES ('138', '37');
INSERT INTO STAGES_X_TECHNICAL_SUPPLY (stage_id, technical_supply_id) VALUES ('49', '14');
